timestamp,frontend_qps,frontend_latency_p95,frontend_error_rate,frontend_cpu_usage,frontend_memory_usage,frontend_restart_count,cartservice_qps,cartservice_latency_p95,cartservice_error_rate,cartservice_cpu_usage,cartservice_memory_usage,cartservice_restart_count,checkoutservice_qps,checkoutservice_latency_p95,checkoutservice_error_rate,checkoutservice_cpu_usage,checkoutservice_memory_usage,checkoutservice_restart_count,currencyservice_qps,currencyservice_latency_p95,currencyservice_error_rate,currencyservice_cpu_usage,currencyservice_memory_usage,currencyservice_restart_count,emailservice_qps,emailservice_latency_p95,emailservice_error_rate,emailservice_cpu_usage,emailservice_memory_usage,emailservice_restart_count,paymentservice_qps,paymentservice_latency_p95,paymentservice_error_rate,paymentservice_cpu_usage,paymentservice_memory_usage,paymentservice_restart_count,productcatalogservice_qps,productcatalogservice_latency_p95,productcatalogservice_error_rate,productcatalogservice_cpu_usage,productcatalogservice_memory_usage,productcatalogservice_restart_count,recommendationservice_qps,recommendationservice_latency_p95,recommendationservice_error_rate,recommendationservice_cpu_usage,recommendationservice_memory_usage,recommendationservice_restart_count,shippingservice_qps,shippingservice_latency_p95,shippingservice_error_rate,shippingservice_cpu_usage,shippingservice_memory_usage,shippingservice_restart_count,adservice_qps,adservice_latency_p95,adservice_error_rate,adservice_cpu_usage,adservice_memory_usage,adservice_restart_count,redis-cart_cpu_usage,redis-cart_memory_usage,redis-cart_restart_count
2026-05-29T09:43:52Z,2.333333333333333,47.24999999999999,0.0,0.019075636416555,58.81640625,2.0,7.60127577811424,4.805907179642987,0.0,0.0073108091888907,101.921875,0.0,0.600080010668089,24.25,0.0,0.0035072683500156,54.953125,2.0,20.93683616485043,4.329272679374639,0.0,0.010924868766404,92.1953125,2.0,0.4667200065193482,4.8,0.0,0.0057585622351285,79.02734375,3.0,0.4667111170378273,4.750001666759264,0.0,0.0031267745899899,84.7265625,2.0,37.60286708361809,2.73890823379879,0.0,0.0122983789134993,52.33203125,2.0,5.134191260174958,6.678571428571427,0.0,0.0083495454282801,79.56640625,2.0,2.266808918521759,2.657244447209975,0.0,0.0035456812288054,51.91796875,2.0,3.5335644752633684,4.631439007316232,0.0,0.0041831496365144,141.61328125,2.0,0.0049255615098532,47.83203125,2.0
2026-05-29T09:43:57Z,3.467360138694405,49.01785714285712,0.0,0.0188108344111715,58.81640625,2.0,7.60127577811424,4.805907179642987,0.0,0.0073108091888907,101.921875,0.0,0.600080010668089,24.25,0.0,0.0043982192984944,54.953125,2.0,20.93683616485043,4.329272679374639,0.0,0.010924868766404,92.1953125,2.0,0.5334044539271903,4.783333333333333,0.0,0.0059552220595407,79.02734375,3.0,0.5334044539271903,4.657142857142857,0.0,0.0017741174763135,84.7265625,2.0,39.07330783843572,2.70240067561561,0.0,0.0097417850725283,52.33203125,2.0,5.134191260174958,6.678571428571427,0.0,0.0074718884869728,79.56640625,2.0,2.800551232028768,2.4571504768677808,0.0,0.002834417574307,51.91796875,2.0,3.5335644752633684,4.631439007316232,0.0,0.0041831496365144,141.61328125,2.0,0.0049222918428535,48.0859375,2.0
2026-05-29T09:44:02Z,3.467360138694405,49.01785714285712,0.0,0.0240910689243769,58.2734375,2.0,6.66763572506932,4.805857461850551,0.0,0.0075094088171012,101.92578125,0.0,0.0666711114074271,24.25,0.0,0.0043982192984944,54.953125,2.0,19.202702686902693,4.368127543940314,0.0,0.010924868766404,92.1953125,2.0,0.2000266702226963,4.783333148133744,0.0,0.0059552220595407,79.02734375,3.0,0.2000266702226963,4.657140135821166,0.0,0.0015144666666666,84.7265625,2.0,34.27181424906445,2.910780702883123,0.0,0.0130615575736809,52.7265625,2.0,4.600653446243619,6.32690673728372,0.0,0.0111841888619853,79.58203125,2.0,1.8670578749884117,0.4984565841682808,0.0,0.0036273220235631,51.921875,2.0,3.533800077347736,4.638458316546131,0.0,0.0042434587347044,141.61328125,2.0,0.0049048189882522,48.0859375,2.0
2026-05-29T09:44:07Z,3.467360138694405,49.01785714285712,0.0,0.0240910689243769,58.2734375,2.0,5.20018223437118,4.806584641628455,0.0,0.0075094088171012,101.92578125,0.0,0.0666711114074271,24.25,0.0,0.0043982192984944,54.953125,2.0,15.666760069630044,4.390369489103511,0.0,0.0104356525890873,92.625,2.0,0.2000266702226963,4.783333148133744,0.0,0.005971758930683,79.02734375,3.0,0.2000266702226963,4.657140135821166,0.0,0.0021873744191385,85.11328125,2.0,33.53796081171031,2.8060405252792364,0.0,0.0130615575736809,52.7265625,2.0,3.8668000088894816,6.104166666666671,0.0,0.0111841888619853,79.58203125,2.0,1.8670578749884117,0.4984565841682808,0.0,0.0036273220235631,51.921875,2.0,3.533800077347736,4.638458316546131,0.0,0.0034249662690921,141.61328125,2.0,0.0049048189882522,48.0859375,2.0
2026-05-29T09:44:12Z,2.8,675.0000000000015,0.0,0.0265586828309299,58.2734375,2.0,5.20018223437118,4.806584641628455,0.0,0.0074829590269417,101.94921875,0.0,0.0666711114074271,24.25,0.0,0.0033026778489806,54.953125,2.0,15.666760069630044,4.390369489103511,0.0,0.0104356525890873,92.625,2.0,0.0666666666666666,4.781818181818181,0.0,0.005712003076069,79.02734375,3.0,0.0666711114074271,4.6,0.0,0.0027939087195885,85.11328125,2.0,25.86752005689268,2.833353935193875,0.0,0.0130291034860911,52.8203125,2.0,3.8668000088894816,6.104166666666671,0.0,0.0111841888619853,79.58203125,2.0,1.0667022245927509,1.0000566704446865,0.0,0.0036186977939602,51.9296875,2.0,3.533800077347736,4.638458316546131,0.0,0.0030713447078668,141.61328125,2.0,0.0049048189882522,48.0859375,2.0
2026-05-29T09:44:17Z,2.8,675.0000000000015,0.0,0.0247892076737785,58.3984375,2.0,4.600284482375428,4.8064521505855815,0.0,0.0074829590269417,101.94921875,0.0,0.1333511134817975,24.25,0.0,0.0038092986955067,54.73046875,2.0,13.66706237008745,4.397686203849201,0.0,0.0104356525890873,92.625,2.0,0.1333422234075654,4.781818402220777,0.0,0.005712003076069,79.02734375,3.0,0.1333466681483259,4.600004444740761,0.0,0.0027939087195885,85.11328125,2.0,24.001457972174062,2.733892337126175,0.0,0.0130291034860911,52.8203125,2.0,3.5335555851891365,6.083354631641131,0.0,0.0114571407247112,79.58203125,2.0,1.2000889007423212,1.0001000069634514,0.0,0.0036186977939602,51.9296875,2.0,2.6001689114104103,4.637506590742792,0.0,0.0041517650590709,141.5859375,2.0,0.0049607583890842,48.09765625,2.0
2026-05-29T09:44:22Z,2.8,675.0000000000015,0.0,0.0247892076737785,58.3984375,2.0,4.40058674489932,4.8048583048407405,0.0,0.0056629483711532,102.0859375,0.0,0.1333511134817975,24.25,0.0,0.0038092986955067,54.73046875,2.0,13.935191358847849,4.399225798529304,0.0,0.0109511698597282,92.625,2.0,0.1333422234075654,4.781818402220777,0.0,0.0057270422993734,79.03125,3.0,0.1333466681483259,4.600004444740761,0.0,0.0028487928348913,85.84765625,2.0,23.668226867878225,2.7515960665501344,0.0,0.0130291034860911,52.8203125,2.0,3.2003244808932942,6.083354631641131,0.0,0.0110870550992487,79.546875,2.0,1.2000889007423212,1.0001000069634514,0.0,0.0036186977939602,51.9296875,2.0,2.6001689114104103,4.637506590742792,0.0,0.0042126288042175,141.5859375,2.0,0.0049607583890842,48.09765625,2.0
2026-05-29T09:44:27Z,2.000266702226964,625.0,0.0,0.0235030432822338,58.3359375,2.0,4.40058674489932,4.8048583048407405,0.0,0.0062819693520151,102.0859375,0.0,0.1333511134817975,24.25,0.0,0.0038092986955067,54.73046875,2.0,13.935191358847849,4.399225798529304,0.0,0.0103694341417029,93.73046875,2.0,0.0666755567408987,4.780000266686816,0.0,0.0057270422993734,79.03125,3.0,0.0666755567408987,4.666663703374449,0.0,0.0028487928348913,85.84765625,2.0,24.8032048649445,2.884203949609978,0.0,0.0125444941249872,52.82421875,2.0,3.2003244808932942,6.083354631641131,0.0,0.0110870550992486,79.546875,2.0,1.0667822358535508,1.1000133345186192,0.0,0.0035458308312601,51.953125,2.0,2.6001689114104103,4.637506590742792,0.0,0.0042126288042175,141.5859375,2.0,0.0049607583890842,48.09765625,2.0
2026-05-29T09:44:32Z,2.000266702226964,625.0,0.0,0.0235030432822338,58.3359375,2.0,4.400168938078855,4.788645917987276,0.0,0.0074282517703424,102.0859375,0.0,0.0666666666666666,24.25,0.0,0.0030617012936101,54.73046875,2.0,13.933897937497148,4.409787698324148,0.0,0.0095033936651593,93.73046875,2.0,0.0666666666666666,4.766666419740282,0.0,0.0057270422993734,79.03125,3.0,0.0666666666666666,4.39997333037004,0.0,0.002811594202899,85.84765625,2.0,24.201066938100745,2.705133377603373,0.0,0.0125444941249872,52.82421875,2.0,3.133328902814795,4.931791789003977,0.0,0.0077119593147076,79.546875,2.0,0.8000088918518914,0.4905731406882672,0.0,0.0035458308312601,51.953125,2.0,3.2000000142222222,4.644438493635683,0.0,0.0040440571525937,141.58203125,2.0,0.0048969543802693,47.8046875,2.0
2026-05-29T09:44:37Z,2.000266702226964,625.0,0.0,0.0237502048098475,58.3359375,2.0,4.399715574517255,4.792488350687753,0.0,0.0073337205598545,102.12890625,0.0,0.0666666666666666,24.25,0.0,0.0030716407832544,54.69921875,2.0,14.266244472590715,4.444170247857512,0.0,0.0097897980871419,94.34375,2.0,0.0666666666666666,4.766666419740282,0.0,0.0056346660887777,79.02734375,3.0,0.0666666666666666,4.39997333037004,0.0,0.002811594202899,85.84765625,2.0,24.33429804239659,2.75206952099603,0.0,0.0125444941249872,52.82421875,2.0,3.266560007110637,4.92025336413978,0.0,0.0080703181974754,79.51171875,2.0,0.8000088918518914,0.4905731406882672,0.0,0.0035458308312601,51.953125,2.0,3.2000000142222222,4.644438493635683,0.0,0.0040440571525937,141.58203125,2.0,0.0048875584916051,47.8046875,2.0
2026-05-29T09:44:42Z,2.666666666666667,612.4999999999968,0.0,0.019208965082361,58.3359375,2.0,4.399715574517255,4.792488350687753,0.0,0.0073337205598545,102.12890625,0.0,0.0666666666666666,24.25,0.0,0.0030716407832544,54.69921875,2.0,14.266244472590715,4.444170247857512,0.0,0.0097897980871419,94.34375,2.0,0.1333333333333333,4.800000000000001,0.0,0.0053241268756739,79.02734375,3.0,0.1333288891851654,4.7333333333333325,0.0,0.0027824193488094,86.3046875,2.0,26.132653378663644,2.931615070734164,0.0,0.009380430649288,52.82421875,2.0,3.266560007110637,4.92025336413978,0.0,0.0100564712741126,79.51171875,2.0,1.133364448889027,0.4939999999999999,0.0,0.0022042250000005,51.953125,2.0,3.2000000142222222,4.644438493635683,0.0,0.0040440571525937,141.58203125,2.0,0.0048875584916051,47.8046875,2.0
2026-05-29T09:44:47Z,2.666666666666667,612.4999999999968,0.0,0.0225650086786769,58.3359375,2.0,4.466808938078618,4.81089167840137,0.0,0.0071961220268872,102.12890625,0.0,0.0666755567408987,24.25,0.0,0.0030716407832544,54.69921875,2.0,15.53437347201849,4.461545605257964,0.0,0.0097897980871419,94.34375,2.0,0.0666666666666666,4.8,0.0,0.0046211794464304,79.02734375,3.0,0.0666622225184987,4.733335308759037,0.0,0.0028385043754966,86.3046875,2.0,26.8681424189892,3.193702243819579,0.0,0.0113408547149573,52.84765625,2.0,3.3335555851891367,4.9834501636472455,0.0,0.0100564712741126,79.51171875,2.0,1.266786679408889,3.300028890386913,0.0,0.0031213317777979,51.9296875,2.0,2.8001866915588742,4.6526371500486565,0.0,0.0039949776487558,141.58984375,2.0,0.0048875584916051,47.8046875,2.0
2026-05-29T09:44:52Z,2.666666666666667,612.4999999999968,0.0,0.0223139453527782,58.3359375,2.0,4.40058674489932,4.814285707806359,0.0,0.0070846485466352,102.18359375,0.0,0.0666755567408987,24.25,0.0,0.0022332446188654,54.703125,2.0,14.668622482997732,4.48094927201554,0.0,0.0082537164066244,94.34375,2.0,0.0666666666666666,4.8,0.0,0.0052071259849623,79.02734375,3.0,0.0666622225184987,4.733335308759037,0.0,0.0027353746221092,85.1015625,2.0,27.0683913410677,3.207827452956878,0.0,0.0113408547149573,52.84765625,2.0,3.533804507267636,5.249999999999983,0.0,0.0100564712741126,79.51171875,2.0,1.266786679408889,3.300028890386913,0.0,0.0031213317777979,51.9296875,2.0,2.8001866915588742,4.6526371500486565,0.0,0.0030259406019278,141.58984375,2.0,0.0038570575133043,47.8046875,2.0
2026-05-29T09:44:57Z,2.133475565037669,79.9999999999994,0.0,0.0223139453527782,58.3359375,2.0,4.40058674489932,4.814285707806359,0.0,0.0070846485466352,102.18359375,0.0,0.0666755567408987,24.25,0.0,0.0028548684286292,54.703125,2.0,14.668622482997732,4.48094927201554,0.0,0.0096236124705839,94.71875,2.0,0.0,4.8,0.0,0.0052594555131643,79.02734375,3.0,0.0666755567408987,4.733334321060819,0.0,0.0027353746221092,85.1015625,2.0,26.135938066404943,3.1669289938633183,0.0,0.0113408547149573,52.84765625,2.0,3.533804507267636,5.249999999999983,0.0,0.0102079863638786,79.51171875,2.0,0.8667600109643261,3.3000096304143263,0.0,0.0031213317777979,51.9296875,2.0,2.8001866915588742,4.6526371500486565,0.0,0.0033554309600544,141.58984375,2.0,0.0045622442181404,48.046875,2.0
2026-05-29T09:45:02Z,2.133475565037669,79.9999999999994,0.0,0.0226911258347261,58.3359375,2.0,5.266960039116326,4.814285173283395,0.0,0.0070096572706109,102.18359375,0.0,0.2,24.25,0.0,0.0028548684286292,54.703125,2.0,14.400915677645909,4.499190348502518,0.0,0.0096236124705839,94.71875,2.0,0.1333333333333333,4.8,0.0,0.0052594555131643,79.02734375,3.0,0.2000088900742321,4.7333323456204806,0.0,0.0027353746221092,85.1015625,2.0,31.267795647415745,3.336093097480764,0.0,0.0123776950925175,52.88671875,2.0,4.333582255411833,4.92500062868328,0.0,0.009998322609031,79.51171875,2.0,1.2000222237038023,3.5142595901077907,0.0,0.0031404481595663,51.93359375,2.0,3.5335555851891365,4.645940051582739,0.0,0.0039108242039061,141.58984375,2.0,0.0045622442181404,48.046875,2.0
2026-05-29T09:45:07Z,2.133475565037669,79.9999999999994,0.0,0.0229779679274811,58.3359375,2.0,5.8,4.813999993777504,0.0,0.0071049815173385,102.6640625,0.0,0.2,24.25,0.0,0.0030828205180626,54.703125,2.0,15.333333333333332,4.493647572589929,0.0,0.0098917606466244,94.71875,2.0,0.1333333333333333,4.8,0.0,0.0054328561935372,79.5390625,3.0,0.2000088900742321,4.7333323456204806,0.0,0.002612771652539,85.1015625,2.0,31.534213392003917,3.2799749889333425,0.0,0.0123776950925175,52.88671875,2.0,4.6,4.920253414881281,0.0,0.009998322609031,79.51171875,2.0,1.2000222237038023,3.5142595901077907,0.0,0.0031404481595663,51.93359375,2.0,3.5335555851891365,4.645940051582739,0.0,0.0039108242039061,141.58984375,2.0,0.0045622442181404,48.046875,2.0
2026-05-29T09:45:12Z,3.000200013334222,48.375,0.0,0.0229779679274811,58.3359375,2.0,5.8,4.813999993777504,0.0,0.0070922941096573,102.6640625,0.0,0.2,24.25,0.0,0.0030828205180626,54.703125,2.0,15.333333333333332,4.493647572589929,0.0,0.0082505939083413,94.71875,2.0,0.3333333333333333,4.75999964442548,0.0,0.0053748430013491,79.5390625,3.0,0.2666666666666666,4.600002963050757,0.0,0.002674786820522,85.1953125,2.0,33.667688957041584,3.137764888760341,0.0,0.0128725425856706,52.88671875,2.0,4.6,4.920253414881281,0.0,0.0101628383921242,79.51171875,2.0,1.9333333333333331,3.428560453096626,0.0,0.0030217269501334,51.93359375,2.0,3.5335555851891365,4.645940051582739,0.0,0.0039108242039061,141.58984375,2.0,0.0045400048209753,47.80859375,2.0
2026-05-29T09:45:17Z,3.000200013334222,48.375,0.0,0.0200148189235322,58.3359375,2.0,5.266986708153601,4.813084838113772,0.0,0.0070300258750808,102.171875,0.0,0.3333688930375507,24.25,0.0,0.0030814189977662,54.703125,2.0,16.867853490094877,4.482403086107377,0.0,0.0103130265458586,94.99609375,2.0,0.3333422228148543,4.771428571428571,0.0,0.0053748430013491,79.5390625,3.0,0.2666755561481876,4.680004266799411,0.0,0.002674786820522,85.1953125,2.0,29.40260027766205,3.1535457855134883,0.0,0.0119784202289765,51.8046875,2.0,3.9335733653376006,4.939024314886947,0.0,0.0101628383921242,79.51171875,2.0,2.0001066797053637,2.8666997545826014,0.0,0.0031194586844222,51.921875,2.0,2.733604474373946,4.633336728627702,0.0,0.0031440184466911,141.58984375,2.0,0.0044484136498042,47.80859375,2.0
2026-05-29T09:45:22Z,3.000200013334222,48.375,0.0,0.022469658526272,59.09765625,2.0,4.933813385487645,4.811555808766059,0.0,0.0070031787026919,102.171875,0.0,0.3333688930375507,24.25,0.0,0.0033390931476612,54.71875,2.0,16.53551584507554,4.450936226089944,0.0,0.0103130265458586,94.99609375,2.0,0.3333422228148543,4.771428571428571,0.0,0.0055366156851425,79.03125,3.0,0.2666755561481876,4.680004266799411,0.0,0.0026478184991276,85.1953125,2.0,29.002831419592084,3.1122659081184016,0.0,0.0119784202289765,51.8046875,2.0,3.533804507267636,4.914457831325302,0.0,0.0105380794206556,79.51171875,2.0,2.0001066797053637,2.8666997545826014,0.0,0.0031194586844222,51.921875,2.0,2.733604474373946,4.633336728627702,0.0,0.0061737474000699,141.796875,2.0,0.0044484136498042,47.80859375,2.0
2026-05-29T09:45:27Z,2.133617815708761,625.0000000000025,0.0,0.0219392226913462,59.09765625,2.0,4.933813385487645,4.811555808766059,0.0,0.0070031787026919,102.171875,0.0,0.3333688930375507,24.25,0.0,0.0033390931476612,54.71875,2.0,16.53551584507554,4.450936226089944,0.0,0.0102257509138098,94.99609375,2.0,0.2666844456297086,4.771428208587983,0.0,0.0055366156851425,79.03125,3.0,0.2666933362966519,4.549994443950572,0.0,0.0032979481865288,89.0859375,2.0,27.536991597990784,3.02406045114787,0.0,0.0097596280201399,51.8046875,2.0,3.533804507267636,4.914457831325302,0.0,0.0105380794206556,79.51171875,2.0,1.400168910224988,2.800012593525444,0.0,0.0032192079267019,51.921875,2.0,2.733604474373946,4.633336728627702,0.0,0.0061737474000699,141.796875,2.0,0.0044266420085181,47.79296875,2.0
2026-05-29T09:45:32Z,2.133617815708761,625.0000000000025,0.0,0.0219392226913462,59.09765625,2.0,4.60004890933355,4.794594479880162,0.0,0.0059457376251338,102.171875,0.0,0.2666666678518518,24.25,0.0,0.0033390931476612,54.71875,2.0,13.733982382830977,4.395677845870134,0.0,0.0102257509138098,94.99609375,2.0,0.2666844456297086,4.777777119292788,0.0,0.0055366156851425,79.03125,3.0,0.2666933362966519,4.633325925267431,0.0,0.0032979481865288,89.0859375,2.0,26.601400326256183,2.5428070229172794,0.0,0.0100150694110574,51.8046875,2.0,3.400120038225838,4.86909169076902,0.0,0.0101101470559817,79.51953125,2.0,0.9334000103714964,0.498360207511104,0.0,0.0032192079267019,51.921875,2.0,3.0666666802962963,4.616889716642277,0.0,0.0072140148687789,141.796875,2.0,0.0031673046870521,47.79296875,2.0
2026-05-29T09:45:37Z,2.133617815708761,625.0000000000025,0.0,0.0219913483199942,58.3046875,2.0,4.866555565332839,4.793427238276124,0.0,0.0068799054258275,102.1875,0.0,0.2666666678518518,24.25,0.0,0.0037869793520823,54.71484375,2.0,14.199124507551664,4.373148059076257,0.0,0.0083940346402475,94.99609375,2.0,0.2666844456297086,4.777777119292788,0.0,0.0057236882013946,79.03125,3.0,0.2666933362966519,4.633325925267431,0.0,0.0032979481865288,89.0859375,2.0,26.93450251765948,2.487308522345452,0.0,0.009005419644585,51.8046875,2.0,3.733222229629136,4.8447058706647415,0.0,0.0098829152092602,79.51953125,2.0,0.9334000103714964,0.498360207511104,0.0,0.0032233671825233,51.92578125,2.0,3.0666666802962963,4.616889716642277,0.0,0.0061943484908545,141.8046875,2.0,0.0034804883940799,47.796875,2.0
2026-05-29T09:45:42Z,3.4,524.9999999999995,0.0,0.0219913483199942,58.3046875,2.0,4.866555565332839,4.793427238276124,0.0,0.0068799054258275,102.1875,0.0,0.2666666678518518,24.25,0.0,0.0037869793520823,54.71484375,2.0,14.199124507551664,4.373148059076257,0.0,0.0099966803529303,95.17578125,2.0,0.2000133342222814,4.781818181818181,0.0,0.0057236882013946,79.03125,3.0,0.2000088894815209,4.633333333333333,0.0,0.0034544110296571,89.18359375,2.0,32.064720133324684,2.417456211891719,0.0,0.0079957698781127,51.8046875,2.0,3.733222229629136,4.8447058706647415,0.0,0.0104683182150849,79.51953125,2.0,1.5334088957040397,0.4969226321965379,0.0,0.0032233671825233,51.92578125,2.0,3.0666666802962963,4.616889716642277,0.0,0.0061943484908545,141.8046875,2.0,0.0044032971663331,47.796875,2.0
2026-05-29T09:45:47Z,3.4,524.9999999999995,0.0,0.0219913483199942,58.3046875,2.0,5.8672890121727255,4.793805530854364,0.0,0.0068799054258275,102.1875,0.0,0.1333511140746272,24.25,0.0,0.0037869793520823,54.71484375,2.0,17.668049304073477,4.362679960423793,0.0,0.0099966803529303,95.17578125,2.0,0.1333422228148543,4.781818402215879,0.0,0.0057236882013946,79.03125,3.0,0.1333377780740938,4.633337037201653,0.0,0.0034544110296571,89.18359375,2.0,36.40177402411552,2.280037993252556,0.0,0.0113623919656214,51.984375,2.0,4.267106754684271,4.843181807276594,0.0,0.0104683182150849,79.51953125,2.0,1.93356003467289,0.4959560421603071,0.0,0.0032576964867801,51.92578125,2.0,3.466897854828171,4.618193310015755,0.0,0.0071096112593522,141.8046875,2.0,0.0044032971663331,47.796875,2.0
2026-05-29T09:45:52Z,3.4,524.9999999999995,0.0,0.0220950368713223,58.3125,2.0,6.001182457528464,4.791631789825642,0.0,0.0067531005617358,102.16796875,0.0,0.1333511140746272,24.25,0.0,0.0037713694439448,54.66015625,2.0,18.93708519244574,4.321461317699747,0.0,0.0099966803529303,95.17578125,2.0,0.1333422228148543,4.781818402215879,0.0,0.0056168604474665,79.03125,3.0,0.1333377780740938,4.633337037201653,0.0,0.0028826240542943,89.1015625,2.0,36.13522736544939,2.086075696363271,0.0,0.0113623919656214,51.984375,2.0,4.000560096018137,4.822093260188998,0.0,0.0100538152467627,79.5234375,2.0,1.93356003467289,0.4959560421603071,0.0,0.0032576964867801,51.92578125,2.0,3.466897854828171,4.618193310015755,0.0,0.006304018988615,141.8046875,2.0,0.0044342783735078,48.0390625,2.0
2026-05-29T09:45:57Z,2.533502233482232,737.4999999999977,0.0,0.0220950368713223,58.3125,2.0,6.001182457528464,4.791631789825642,0.0,0.0067531005617358,102.16796875,0.0,0.1333511140746272,24.25,0.0,0.0037713694439448,54.66015625,2.0,18.93708519244574,4.321461317699747,0.0,0.0093519522370164,95.25,2.0,0.1333422228148543,4.777777777777778,0.0,0.0054238074293259,79.0390625,3.0,0.1333466681483259,4.666663703440305,0.0,0.0034490431686689,89.1015625,2.0,29.538974443776457,2.161284783208184,0.0,0.0113623919656214,51.984375,2.0,4.000560096018137,4.822093260188998,0.0,0.0098703158199718,79.5234375,2.0,1.3335200320060456,0.4965908291189514,0.0,0.0026252418613425,51.92578125,2.0,3.466897854828171,4.618193310015755,0.0,0.006304018988615,141.8046875,2.0,0.0044269436389991,48.0390625,2.0
2026-05-29T09:46:02Z,2.533502233482232,737.4999999999977,0.0,0.0220950368713223,58.3125,2.0,4.867226778689072,4.79130415289602,0.0,0.0065498451685551,102.171875,0.0,0.0,24.25,0.0,0.0037713694439448,54.66015625,2.0,17.401840368073614,4.292067953636689,0.0,0.0093519522370164,95.25,2.0,0.0666711114074271,4.771428208596046,0.0,0.0054238074293259,79.0390625,3.0,0.0666755567408987,4.599991110320918,0.0,0.0034490431686689,89.1015625,2.0,23.935933837433087,2.2701621197842057,0.0,0.0113472681314399,52.30078125,2.0,3.2667866746672,4.822754239690244,0.0,0.0098703158199718,79.5234375,2.0,0.7333644465186568,0.4995683441935387,0.0,0.0031100765037551,51.921875,2.0,3.266986730679469,4.612816512995584,0.0,0.0041380924706184,141.8046875,2.0,0.0044269436389991,48.0390625,2.0
2026-05-29T09:46:07Z,2.533502233482232,737.4999999999977,0.0,0.0228302079220943,58.3125,2.0,4.133333333333334,4.790990886376013,0.0,0.0064889765862692,102.171875,0.0,0.0,24.25,0.0,0.0032301529837671,54.65234375,2.0,17.666666666666664,4.30935960591133,0.0,0.0093519522370164,95.25,2.0,0.0666711114074271,4.771428208596046,0.0,0.0053700913805876,79.046875,3.0,0.0666755567408987,4.599991110320918,0.0,0.0034490431686689,89.1015625,2.0,23.60257828039595,2.242953795742328,0.0,0.0113472681314399,52.30078125,2.0,2.933431117630064,4.82289156626506,0.0,0.009664490763384,79.53515625,2.0,0.7333644465186568,0.4995683441935387,0.0,0.0031100765037551,51.921875,2.0,3.266986730679469,4.612816512995584,0.0,0.0042026901368855,141.8046875,2.0,0.0044418959449385,48.0390625,2.0
2026-05-29T09:46:12Z,2.60017334488966,48.75000000000003,0.0,0.0219344791908647,58.11328125,2.0,4.133333333333334,4.790990886376013,0.0,0.0064889765862692,102.171875,0.0,0.0,24.25,0.0,0.0032301529837671,54.65234375,2.0,17.666666666666664,4.30935960591133,0.0,0.0093519522370164,95.25,2.0,0.0,4.766666666666667,0.0,0.0053700913805876,79.046875,3.0,0.0,4.700002222271605,0.0,0.0027830620429347,89.29296875,2.0,20.666133381923554,2.3191755078901406,0.0,0.0113472681314399,52.30078125,2.0,2.933431117630064,4.82289156626506,0.0,0.0082062295149861,79.53515625,2.0,0.6666666666666667,1.3333333333333266,0.0,0.0031427203584267,51.921875,2.0,3.266986730679469,4.612816512995584,0.0,0.0042026901368855,141.8046875,2.0,0.0044673527154099,48.0390625,2.0
2026-05-29T09:46:17Z,2.60017334488966,48.75000000000003,0.0,0.0219344791908647,58.11328125,2.0,4.466835568000988,4.790909191927049,0.0,0.0064830157698493,102.171875,0.0,0.1333466681483259,24.25,0.0,0.0032301529837671,54.65234375,2.0,19.20066671348492,4.280962403138236,0.0,0.0076914211488391,95.37890625,2.0,0.0666755567408987,4.750000555586421,0.0,0.0053700913805876,79.046875,3.0,0.0666755567408987,4.600008889086424,0.0,0.0027830620429347,89.29296875,2.0,22.20023121244583,2.344157038109165,0.0,0.0073603633772172,52.30078125,2.0,3.0668711247416494,4.82375054100859,0.0,0.0084299373692712,79.53515625,2.0,1.0667200047412149,0.493269683628364,0.0,0.0030936425632643,51.921875,2.0,2.933431117630064,4.62369163469636,0.0,0.0042026901368855,141.8046875,2.0,0.0044673527154099,48.0390625,2.0
2026-05-29T09:46:22Z,2.60017334488966,48.75000000000003,0.0,0.0230735113789856,58.10546875,2.0,4.8003289120016985,4.791855200343753,0.0,0.0050670440880171,102.171875,0.0,0.1333466681483259,24.25,0.0,0.0031158387405599,54.65625,2.0,19.86800898074718,4.269955170893837,0.0,0.0085437411750843,95.37890625,2.0,0.0666755567408987,4.750000555586421,0.0,0.0054726076770596,79.046875,3.0,0.0666755567408987,4.600008889086424,0.0,0.002736627479794,89.4140625,2.0,22.600382350227594,2.357070242207767,0.0,0.0082960388415747,51.9609375,2.0,3.467022262523418,4.824675324675325,0.0,0.0076098939151468,79.53515625,2.0,1.0667200047412149,0.493269683628364,0.0,0.0030936425632643,51.921875,2.0,2.933431117630064,4.62369163469636,0.0,0.0040419179664933,141.8046875,2.0,0.004453748363845,47.80078125,2.0
2026-05-29T09:46:27Z,3.000200013334222,1182.1428571428555,0.0,0.0230735113789856,58.10546875,2.0,4.8003289120016985,4.791855200343753,0.0,0.004526792773863,102.171875,0.0,0.1333466681483259,24.25,0.0,0.0031158387405599,54.65625,2.0,19.86800898074718,4.269955170893837,0.0,0.0109426929392453,95.71484375,2.0,0.2667155647424991,4.7599996444175785,0.0,0.0054726076770596,79.046875,3.0,0.2667155647424991,4.399991110320918,0.0,0.0026453536686705,89.4140625,2.0,30.0043874274024,2.340631786450346,0.0,0.0102469253396837,51.9609375,2.0,3.467022262523418,4.824675324675325,0.0,0.0067898504610225,79.53515625,2.0,1.6669200447492163,0.4929245583660434,0.0,0.0033074620223719,51.671875,2.0,2.933431117630064,4.62369163469636,0.0,0.0040419179664933,141.8046875,2.0,0.0044703140387352,47.80078125,2.0
2026-05-29T09:46:32Z,3.000200013334222,1182.1428571428555,0.0,0.0230735113789856,58.10546875,2.0,4.93366224414961,4.791588603359358,0.0,0.0068839498276658,102.19921875,0.0,0.2666844456297086,24.25,0.0,0.0031158387405599,54.65625,2.0,19.26795119674645,4.2361012343585775,0.0,0.0109426929392453,95.71484375,2.0,0.3333822308164546,4.766666296267488,0.0,0.0054726076770596,79.046875,3.0,0.3333822308164546,4.533327406880611,0.0,0.0026453536686705,89.4140625,2.0,31.00444076251339,2.0369579147916355,0.0,0.0102469253396837,51.9609375,2.0,3.733706708153127,4.850665525652666,0.0,0.0093651887794412,79.35546875,2.0,1.9335955997119816,0.4929240623110007,0.0,0.0033074620223719,51.671875,2.0,3.0669778127449687,4.626304971144581,0.0,0.0040419179664933,141.8046875,2.0,0.0044703140387352,47.80078125,2.0
2026-05-29T09:46:37Z,3.000200013334222,1182.1428571428555,0.0,0.0216986311221926,58.25,2.0,5.133502233482232,4.789215819027177,0.0,0.0068494310801682,102.19921875,0.0,0.2666844456297086,24.25,0.0,0.0029228852734587,54.65625,2.0,16.134408960597373,4.243119196097437,0.0,0.0109426929392453,95.71484375,2.0,0.3333822308164546,4.766666296267488,0.0,0.003916925,79.046875,3.0,0.3333822308164546,4.533327406880611,0.0,0.0022028300891297,89.4140625,2.0,30.67085850710156,2.307790517695553,0.0,0.0102751983201134,52.1640625,2.0,3.400124452741294,4.8513507807490805,0.0,0.0093651887794412,79.35546875,2.0,1.9335955997119816,0.4929240623110007,0.0,0.002476135272299,51.67578125,2.0,3.0669778127449687,4.626304971144581,0.0,0.0041505509552061,141.6875,2.0,0.003670470597997,47.80078125,2.0
2026-05-29T09:46:42Z,2.0,1049.999999999998,0.0,0.0216986311221926,58.25,2.0,5.133502233482232,4.789215819027177,0.0,0.0068494310801682,102.19921875,0.0,0.2666844456297086,24.25,0.0,0.0030435726809051,54.7109375,2.0,16.134408960597373,4.243119196097437,0.0,0.0105324107949897,91.4765625,2.0,0.200004445333353,4.800000000000001,0.0,0.0055689635829204,79.05859375,3.0,0.2666755561481876,4.680001600085337,0.0,0.0027281742295863,89.82421875,2.0,27.39991122607368,2.3932190759386947,0.0,0.0102751983201134,52.1640625,2.0,3.400124452741294,4.8513507807490805,0.0,0.0096637547476951,79.35546875,2.0,1.6666800074074668,0.4929244832058408,0.0,0.0027536469865873,51.67578125,2.0,3.0669778127449687,4.626304971144581,0.0,0.0041505509552061,141.6875,2.0,0.004334157541505,48.0390625,2.0
2026-05-29T09:46:47Z,2.0,1049.999999999998,0.0,0.0216986311221926,58.25,2.0,5.066848903408691,4.788235550442154,0.0,0.006754416526234,102.20703125,0.0,0.2666933362966519,43.75,0.0,0.0030435726809051,54.7109375,2.0,13.400920064893688,4.265758603581216,0.0,0.0105324107949897,91.4765625,2.0,0.2000133360002963,4.8,0.0,0.0055689635829204,79.05859375,3.0,0.2666844468151309,4.714289796177535,0.0,0.0027281742295863,89.82421875,2.0,27.733284564444705,2.257202193549239,0.0,0.0103878971255692,52.1640625,2.0,3.466795564148721,4.825333333333333,0.0,0.0095439525838133,79.35546875,2.0,1.4666844545190718,2.520051203119616,0.0,0.0033301405714593,51.67578125,2.0,2.8000977842967307,4.636114449743043,0.0,0.0041505509552061,141.6875,2.0,0.004334157541505,48.0390625,2.0
2026-05-29T09:46:52Z,2.0,1049.999999999998,0.0,0.0215843164943259,59.24609375,2.0,5.067369007429496,4.787192018133586,0.0,0.0070340085081697,102.20703125,0.0,0.2666933362966519,43.75,0.0,0.003588007421453,54.828125,2.0,13.467591176301116,4.291818496453248,0.0,0.0105324107949897,91.4765625,2.0,0.2000133360002963,4.8,0.0,0.0055689635829204,79.05859375,3.0,0.2666844468151309,4.714289796177535,0.0,0.0026779736665914,89.82421875,2.0,28.200217933338333,2.207300359280984,0.0,0.0086637659001528,52.1640625,2.0,3.9337289330423513,4.824203544138519,0.0,0.0097122230638152,79.35546875,2.0,1.4666844545190718,2.520051203119616,0.0,0.0027642479340731,51.67578125,2.0,2.8000977842967307,4.636114449743043,0.0,0.0033866913386463,141.6875,2.0,0.0042674517459614,48.0390625,2.0
2026-05-29T09:46:57Z,2.6003467128950524,799.999999999999,0.0,0.0215843164943259,59.24609375,2.0,5.067369007429496,4.787192018133586,0.0,0.0070340085081697,102.20703125,0.0,0.2666933362966519,43.75,0.0,0.003588007421453,54.828125,2.0,13.467591176301116,4.291818496453248,0.0,0.0070725749999994,91.4765625,2.0,0.2667022269635951,4.780000222244446,0.0,0.0055554845716485,79.05859375,3.0,0.2000266702226963,4.685714285714285,0.0,0.0026488806051016,90.21875,2.0,26.46937363944457,2.0341297667259712,0.0,0.0107919875054479,52.00390625,2.0,3.9337289330423513,4.824203544138519,0.0,0.0097122230638152,79.35546875,2.0,1.400155574224573,2.200000000711235,0.0,0.0033428592567929,51.67578125,2.0,2.8000977842967307,4.636114449743043,0.0,0.004034403035213,141.6953125,2.0,0.0034271727161326,48.0390625,2.0
2026-05-29T09:47:02Z,2.6003467128950524,799.999999999999,0.0,0.0215843164943259,59.24609375,2.0,5.133551255422839,4.787559343399989,0.0,0.0031019666666667,102.20703125,0.0,0.2666488912589432,42.49999999999997,0.0,0.003588007421453,54.828125,2.0,15.06610683553932,4.322158900820099,0.0,0.0096593570506253,91.55859375,2.0,0.2666844468151309,4.7818179614151415,0.0,0.0055554845716485,79.05859375,3.0,0.2000088900742321,4.6999966663333,0.0,0.0026488806051016,90.21875,2.0,25.66696045393115,2.0493413964169744,0.0,0.0109570607401124,52.00390625,2.0,3.8000267342226977,4.846339428819833,0.0,0.0097122230638152,79.35546875,2.0,1.4666844657780942,2.1199167938270485,0.0,0.0033700817793646,51.67578125,2.0,2.9332489205897287,4.619433075415858,0.0,0.004034403035213,141.6953125,2.0,0.0044413970389265,47.7890625,2.0
2026-05-29T09:47:07Z,2.6003467128950524,799.999999999999,0.0,0.0215843164943259,59.24609375,2.0,5.332844497178984,4.784185777293057,0.0,0.0031019666666667,102.20703125,0.0,0.2666488912589432,42.49999999999997,0.0,0.0037764179588809,54.828125,2.0,17.132911289169563,4.326401715812298,0.0,0.0096593570506253,91.55859375,2.0,0.2666844468151309,4.7818179614151415,0.0,0.0056108431068822,79.05859375,3.0,0.2000088900742321,4.6999966663333,0.0,0.0027032184312341,90.38671875,2.0,25.733360418370854,2.1033576897312583,0.0,0.0109570607401124,52.00390625,2.0,3.866426698662401,4.844704865491199,0.0,0.0079617703366742,79.36328125,2.0,1.4666844657780942,2.1199167938270485,0.0,0.0034142756413735,51.671875,2.0,2.9332489205897287,4.619433075415858,0.0,0.0040204458785567,141.6953125,2.0,0.0044518390651969,47.7890625,2.0
2026-05-29T09:47:12Z,2.8001866791119405,45.0,0.0,0.020873604516876,59.47265625,2.0,5.332844497178984,4.784185777293057,0.0,0.0031019666666667,102.20703125,0.0,0.2666488912589432,42.49999999999997,0.0,0.0037764179588809,54.828125,2.0,17.132911289169563,4.326401715812298,0.0,0.0096593570506253,91.55859375,2.0,0.4000177789630419,4.781818402215879,0.0,0.0056108431068822,79.05859375,3.0,0.4666666666666667,4.763636804431757,0.0,0.0027381611247486,90.38671875,2.0,31.265111318490867,2.057472544761691,0.0,0.0117733305405864,52.03125,2.0,3.866426698662401,4.844704865491199,0.0,0.0099506063125319,79.36328125,2.0,2.13326223170244,2.0800129797587306,0.0,0.0032668520309479,51.671875,2.0,2.9332489205897287,4.619433075415858,0.0,0.0039808770726591,141.6953125,2.0,0.0045022121574297,47.7890625,2.0
2026-05-29T09:47:17Z,2.8001866791119405,45.0,0.0,0.020873604516876,59.47265625,2.0,6.467524793295702,4.785088020435857,0.0,0.0072009750450791,102.1796875,0.0,0.6668000385309671,39.375006944984605,0.0,0.0037764179588809,54.828125,2.0,19.8705877935488,4.362612694091246,0.0,0.0098623365150082,91.69921875,2.0,0.6000400026668444,4.785714489806608,0.0,0.0056108431068822,79.05859375,3.0,0.6666888903704691,4.771428979613217,0.0,0.0027381611247486,90.38671875,2.0,36.27209068504237,2.084508457008372,0.0,0.0117733305405864,52.03125,2.0,4.534155829721018,4.843931617783076,0.0,0.0099506063125319,79.36328125,2.0,2.7336223066940337,3.1555964891381767,0.0,0.0032668520309479,51.671875,2.0,3.467266866733356,4.6205996686844735,0.0,0.0039808770726591,141.6953125,2.0,0.0045022121574297,47.7890625,2.0
2026-05-29T09:47:22Z,2.8001866791119405,45.0,0.0,0.021579913274588,59.47265625,2.0,6.868138171081895,4.7858333097206085,0.0,0.0072009750450791,102.1796875,0.0,0.6668000385309671,39.375006944984605,0.0,0.0042595664020852,54.8515625,2.0,19.67117013401172,4.35213636558763,0.0,0.0098623365150082,91.69921875,2.0,0.6000400026668444,4.785714489806608,0.0,0.0050841625061185,79.0625,3.0,0.6666888903704691,4.771428979613217,0.0,0.00232349235474,90.828125,2.0,36.33889958341337,2.337439784072198,0.0,0.0124951981547478,52.02734375,2.0,4.60096472809202,4.8640452050310055,0.0,0.0104215196894072,79.359375,2.0,2.7336223066940337,3.1555964891381767,0.0,0.0033451481586668,51.671875,2.0,3.467266866733356,4.6205996686844735,0.0,0.0040057585217686,141.6953125,2.0,0.0047089788439108,47.7890625,2.0
2026-05-29T09:47:27Z,3.4002266817787854,46.49999999999999,0.0,0.0236741521623774,59.109375,2.0,6.868138171081895,4.7858333097206085,0.0,0.0072009750450791,102.1796875,0.0,0.6668000385309671,39.375006944984605,0.0,0.0042595664020852,54.8515625,2.0,19.67117013401172,4.35213636558763,0.0,0.0104269656494004,91.69921875,2.0,0.4666977798519901,4.7882351556984855,0.0,0.0059573629857557,79.0625,3.0,0.4000266684445629,4.771428571428571,0.0,0.0028468356398693,90.828125,2.0,33.8742242933747,2.177758596886636,0.0,0.0124951981547478,52.02734375,2.0,4.60096472809202,4.8640452050310055,0.0,0.0104215196894072,79.359375,2.0,2.267071210992385,2.955539203097526,0.0,0.0034978375440168,51.671875,2.0,3.467266866733356,4.6205996686844735,0.0,0.0040057585217686,141.6953125,2.0,0.0048909911758669,47.7890625,2.0
2026-05-29T09:47:32Z,3.4002266817787854,46.49999999999999,0.0,0.0236741521623774,59.109375,2.0,5.80026229008093,4.786884916219488,0.0,0.0072741405488702,102.1796875,0.0,0.1333288891851654,24.25,0.0,0.0042595664020852,54.8515625,2.0,17.267311306389118,4.378477242016745,0.0,0.0105904329748525,91.82421875,2.0,0.2000088894815209,4.787499583310183,0.0,0.0059573629857557,79.0625,3.0,0.1333377780740938,4.769229927637437,0.0,0.0028468356398693,90.828125,2.0,29.20132921751394,2.574094014552497,0.0,0.0124951981547478,52.02734375,2.0,4.000017795555634,4.928812548488233,0.0,0.0109477272727273,79.359375,2.0,1.733400018668504,3.3454071217922685,0.0,0.0034978375440168,51.671875,2.0,2.8001066986697487,4.622218490839524,0.0,0.0040057585217686,141.6953125,2.0,0.0048909911758669,47.7890625,2.0
2026-05-29T09:47:37Z,3.4002266817787854,46.49999999999999,0.0,0.0255366795366825,59.109375,2.0,4.999835566517788,4.78790334937988,0.0,0.0072741405488702,102.1796875,0.0,0.1333288891851654,24.25,0.0,0.0042463126843657,54.74609375,2.0,17.265524520587515,4.3719842016226576,0.0,0.0105904329748525,91.82421875,2.0,0.2000088894815209,4.787499583310183,0.0,0.0050628152887529,79.0625,3.0,0.1333377780740938,4.769229927637437,0.0,0.0022527010418286,90.828125,2.0,29.067986994699087,2.7153951229677737,0.0,0.0103576104199369,52.28125,2.0,3.866675572740781,4.952873563218391,0.0,0.0106364936056864,79.35546875,2.0,1.733400018668504,3.3454071217922685,0.0,0.0022675999999997,51.671875,2.0,2.8001066986697487,4.622218490839524,0.0,0.0027632750000002,141.6953125,2.0,0.0048909911758669,47.7890625,2.0
2026-05-29T09:47:42Z,2.866857790519368,349.999999999998,0.0,0.0243143524889161,58.34375,2.0,4.999835566517788,4.78790334937988,0.0,0.0070900959271457,102.1796875,0.0,0.1333288891851654,24.25,0.0,0.0042935933896138,54.74609375,2.0,17.265524520587515,4.3719842016226576,0.0,0.0117173213733362,91.82421875,2.0,0.2,4.800000000000001,0.0,0.0059532034026055,79.06640625,3.0,0.2000088894815209,4.77142820860411,0.0,0.0028741337114883,91.3125,2.0,29.399328951404424,2.7290310960538138,0.0,0.0130516528388269,52.28125,2.0,3.866675572740781,4.952873563218391,0.0,0.0106364936056864,79.35546875,2.0,1.9332844477034865,3.327262295346918,0.0,0.002524328308247,51.671875,2.0,2.8001066986697487,4.622218490839524,0.0,0.003907675268579,141.69921875,2.0,0.0041510216257874,48.0390625,2.0
2026-05-29T09:47:47Z,2.866857790519368,349.999999999998,0.0,0.0243143524889161,58.34375,2.0,4.933671156154154,4.788000652849256,0.0,0.0043326171706194,102.1796875,0.0,0.2667022269635951,24.25,0.0,0.0042935933896138,54.74609375,2.0,17.267182410091184,4.386328721881132,0.0,0.0117173213733362,91.82421875,2.0,0.2666844468151309,4.8,0.0,0.0059532034026055,79.06640625,3.0,0.2666933362966519,4.771428934259944,0.0,0.0028741337114883,91.3125,2.0,29.46842689247396,2.654144841208792,0.0,0.0129462003230389,52.05078125,2.0,3.733697817486184,4.928815500188968,0.0,0.0106603518674175,79.35546875,2.0,2.0668000177801487,3.236405548748981,0.0,0.0037543715901594,51.671875,2.0,2.33356891526244,4.626481306995501,0.0,0.003907675268579,141.69921875,2.0,0.0048189867310012,48.0390625,2.0
2026-05-29T09:47:52Z,2.866857790519368,349.999999999998,0.0,0.0249785572377862,58.34375,2.0,5.467395652753701,4.7870970239631045,0.0,0.0048819528320572,102.19140625,0.0,0.2667022269635951,24.25,0.0,0.004368356712814,54.74609375,2.0,17.402320309374584,4.387891326407174,0.0,0.0110944216043484,92.12890625,2.0,0.2666844468151309,4.8,0.0,0.0059532034026055,79.06640625,3.0,0.2666933362966519,4.771428934259944,0.0,0.0027900107028183,91.37109375,2.0,29.26841355825168,2.6557974656438192,0.0,0.0129462003230389,52.05078125,2.0,3.533684483263902,4.952000694926503,0.0,0.0106603518674175,79.35546875,2.0,2.0668000177801487,3.236405548748981,0.0,0.0037543715901594,51.671875,2.0,2.33356891526244,4.626481306995501,0.0,0.0040526188124819,141.703125,2.0,0.0047822037680206,47.79296875,2.0
2026-05-29T09:47:57Z,2.8000000000000003,47.1153846153846,0.0,0.0241048793081148,58.34765625,2.0,5.467395652753701,4.7870970239631045,0.0,0.0054332993448367,102.19140625,0.0,0.2667022269635951,24.25,0.0,0.0034564804505004,54.74609375,2.0,17.402320309374584,4.387891326407174,0.0,0.0110944216043484,92.12890625,2.0,0.2667022269635951,4.799999999999999,0.0,0.0059255422753428,79.06640625,3.0,0.333364447704079,4.75,0.0,0.0027552325709626,91.37109375,2.0,30.60396052006881,2.754478590681425,0.0,0.0109602774394976,52.05078125,2.0,3.533684483263902,4.952000694926503,0.0,0.0107217565670732,79.35546875,2.0,1.866915588745166,3.272730689844743,0.0,0.003834001271385,51.671875,2.0,2.33356891526244,4.626481306995501,0.0,0.0041108611749109,141.703125,2.0,0.0047822037680206,47.79296875,2.0
2026-05-29T09:48:02Z,2.8000000000000003,47.1153846153846,0.0,0.0241048793081148,58.34765625,2.0,5.93337787614894,4.786553893689423,0.0,0.0057780011846264,102.19140625,0.0,0.3999733368884148,24.25,0.0,0.0040842097641326,54.8046875,2.0,18.73334254340757,4.382083628533065,0.0,0.0104479974160207,92.12890625,2.0,0.3333511134817976,4.8,0.0,0.0059281300687418,79.2734375,3.0,0.4000133342222814,4.733332510241322,0.0,0.0027552325709626,91.37109375,2.0,33.13376500119126,2.999934897180828,0.0,0.0104369550714111,52.05078125,2.0,3.9998267137730967,4.999996881024739,0.0,0.0107217565670732,79.35546875,2.0,1.933360027259734,2.849912076067648,0.0,0.003834001271385,51.671875,2.0,3.1998800364409483,4.62283858350213,0.0,0.0041108611749109,141.703125,2.0,0.0048042069248012,47.79296875,2.0
2026-05-29T09:48:07Z,2.8000000000000003,47.1153846153846,0.0,0.0241048793081148,58.34765625,2.0,5.932986712882727,4.787555142579835,0.0,0.005226654671847,102.19140625,0.0,0.3999733368884148,24.25,0.0,0.0039026282980939,54.8046875,2.0,17.932133493312,4.395340410526931,0.0,0.0104479974160207,92.12890625,2.0,0.3333511134817976,4.8,0.0,0.0057968448776787,79.2734375,3.0,0.4000133342222814,4.733332510241322,0.0,0.0027475862639296,91.40625,2.0,33.20031165985739,2.95631241210143,0.0,0.0126148275239301,52.125,2.0,4.06637337243923,4.977774710818919,0.0,0.0103740990770621,79.35546875,2.0,1.933360027259734,2.849912076067648,0.0,0.0039295074011162,51.671875,2.0,3.1998800364409483,4.62283858350213,0.0,0.0041108611749109,141.703125,2.0,0.0053949966969162,53.79296875,2.0
2026-05-29T09:48:12Z,2.533333333333333,350.000000000001,0.0,0.0220440896091522,58.65625,2.0,5.932986712882727,4.787555142579835,0.0,0.006727527623545,102.1953125,0.0,0.3999733368884148,24.25,0.0,0.0039026282980939,54.8046875,2.0,17.932133493312,4.395340410526931,0.0,0.0104684282069902,89.2578125,2.0,0.3333244450369975,4.8,0.0,0.0057236327714486,79.33984375,3.0,0.2666666666666666,4.685714285714285,0.0,0.0027475862639296,91.40625,2.0,27.398098031373596,3.02916549132251,0.0,0.012554588394062,52.125,2.0,4.06637337243923,4.977774710818919,0.0,0.0107685408548279,85.37890625,2.0,1.733200014813037,2.9499890285768102,0.0,0.0028180462327105,51.671875,2.0,3.1998800364409483,4.62283858350213,0.0,0.0045369680159487,147.71875,2.0,0.0054972814183009,53.79296875,2.0
2026-05-29T09:48:17Z,2.533333333333333,350.000000000001,0.0,0.0220440896091522,58.65625,2.0,4.667244637101256,4.787037475837304,0.0,0.006737845942093,102.1953125,0.0,0.0,24.25,0.0,0.0041551533835731,59.5859375,2.0,16.669467600311215,4.339435607604804,0.0,0.0102729554865427,89.2578125,2.0,0.1333244450369975,4.8,0.0,0.0057236327714486,79.33984375,3.0,0.0666666666666666,4.685717914039532,0.0,0.0027475862639296,91.40625,2.0,19.869067466933423,2.935516993817348,0.0,0.012554588394062,52.125,2.0,2.933689007446927,4.917285022186279,0.0,0.0107685408548279,85.37890625,2.0,0.8000000177825202,2.0001413368060383,0.0,0.0035097534246576,51.6796875,2.0,3.133822385239524,4.620010762434342,0.0,0.0045369680159487,147.71875,2.0,0.0054972814183009,53.79296875,2.0
2026-05-29T09:48:22Z,2.533333333333333,350.000000000001,0.0,0.0220440896091522,58.65625,2.0,3.334124665549494,4.788679367521459,0.0,0.0065562229697261,102.2265625,0.0,0.0,24.25,0.0,0.004128023037996,59.5859375,2.0,18.13743221781577,4.321893147857406,0.0,0.0102729554865427,89.2578125,2.0,0.1333244450369975,4.8,0.0,0.0046002719413849,79.359375,3.0,0.0666666666666666,4.685717914039532,0.0,0.0023627332958541,91.40625,2.0,19.269236378343837,2.819015190177094,0.0,0.0126651308107407,52.125,2.0,2.333857918857337,4.90270381310056,0.0,0.01115706395349,85.37890625,2.0,0.8000000177825202,2.0001413368060383,0.0,0.0031640687450041,51.6796875,2.0,3.133822385239524,4.620010762434342,0.0,0.0041685237214635,147.71875,2.0,0.005092720986224,53.7890625,2.0
2026-05-29T09:48:27Z,2.6672001066880044,549.999999999999,0.0,0.0221307188090211,58.91015625,2.0,3.334124665549494,4.788679367521459,0.0,0.0065562229697261,102.2265625,0.0,0.0,24.25,0.0,0.0038956873145167,59.59375,2.0,18.13743221781577,4.321893147857406,0.0,0.010352413143459,89.3515625,2.0,0.0,4.8,0.0,0.0056020603907631,79.359375,3.0,0.0,4.700001851982176,0.0,0.0025968431363819,91.40234375,2.0,20.73753881866921,2.942612442166161,0.0,0.0113792188622041,52.6328125,2.0,2.333857918857337,4.90270381310056,0.0,0.01115706395349,85.37890625,2.0,0.4000978032663329,2.4400241800345768,0.0,0.0031640687450041,51.6796875,2.0,3.133822385239524,4.620010762434342,0.0,0.0046714554983449,147.71484375,2.0,0.0053043815523484,53.7890625,2.0
2026-05-29T09:48:32Z,2.6672001066880044,549.999999999999,0.0,0.0221307188090211,58.91015625,2.0,4.266702262521521,4.788516485105482,0.0,0.0066034684790251,102.2265625,0.0,0.0,24.25,0.0,0.0038956873145167,59.59375,2.0,17.534111318835578,4.316008218840322,0.0,0.0105244110617958,89.3515625,2.0,0.0,4.8,0.0,0.0056020603907631,79.359375,3.0,0.0,4.649999999999999,0.0,0.0025968431363819,91.40234375,2.0,27.1342314121762,3.085215134843576,0.0,0.0113792188622041,52.6328125,2.0,3.333364476150539,4.903400793876363,0.0,0.0087218487945749,85.37890625,2.0,0.666693345779793,2.839950929094737,0.0,0.0031325410021145,51.6796875,2.0,3.8001067075592303,4.620509201312564,0.0,0.0046714554983449,147.71484375,2.0,0.0053043815523484,53.7890625,2.0
2026-05-29T09:48:37Z,2.6672001066880044,549.999999999999,0.0,0.0221307188090211,58.91015625,2.0,5.1998222340732845,4.79038462154873,0.0,0.0065145229645454,102.2265625,0.0,0.0,24.25,0.0,0.0027095837553826,59.59375,2.0,13.866551172740229,4.322409379432745,0.0,0.0105244110617958,89.3515625,2.0,0.0,4.8,0.0,0.0056020603907631,79.359375,3.0,0.0,4.649999999999999,0.0,0.0026658511437712,91.44140625,2.0,27.934062500765798,3.018605111060837,0.0,0.0110076758950873,52.6328125,2.0,4.133195564740129,4.8765100671140935,0.0,0.0080551454124176,85.37890625,2.0,0.666693345779793,2.839950929094737,0.0,0.0031325410021145,51.6796875,2.0,3.8001067075592303,4.620509201312564,0.0,0.0046714554983449,147.71484375,2.0,0.0050970451859261,53.7890625,2.0
2026-05-29T09:48:42Z,2.2001466764450965,650.000000000009,0.0,0.0217711793550769,58.4765625,2.0,5.1998222340732845,4.79038462154873,0.0,0.0064596171072642,102.2265625,0.0,0.0,24.25,0.0,0.0030142321852895,59.59375,2.0,13.866551172740229,4.322409379432745,0.0,0.0098754946845652,89.41796875,2.0,0.0666666666666666,4.800000000000001,0.0,0.0046869397397994,79.60546875,3.0,0.0666666666666666,4.666669629761323,0.0,0.0027136618839677,91.44140625,2.0,30.19909339377375,2.981512720546875,0.0,0.0110076758950873,52.6328125,2.0,4.133195564740129,4.8765100671140935,0.0,0.0071012641850749,85.37890625,2.0,0.866608892740484,3.1200234672181866,0.0,0.0031325410021145,51.6796875,2.0,3.8001067075592303,4.620509201312564,0.0,0.0038176729665065,147.71484375,2.0,0.0052017325079052,53.7890625,2.0
2026-05-29T09:48:47Z,2.2001466764450965,650.000000000009,0.0,0.0217711793550769,58.4765625,2.0,5.26699559704241,4.790338595777941,0.0,0.0064596171072642,102.2265625,0.0,0.5333866725933037,24.25,0.0,0.0036557811588828,59.59375,2.0,12.667884575422775,4.352852031465121,0.0,0.0098754946845652,89.41796875,2.0,0.3333511122963752,4.8,0.0,0.0054875415682676,79.60546875,3.0,0.3333511122963752,4.720003555713586,0.0,0.0027136618839677,91.44140625,2.0,30.80184468714325,2.9866082249375583,0.0,0.0115689728016908,52.87890625,2.0,4.200284482375428,4.82516667407473,0.0,0.0104205661238182,85.37890625,2.0,1.3333822325934026,3.685774967668357,0.0,0.0022424178079142,51.6796875,2.0,3.4003333697821043,4.631716954899138,0.0,0.0044874453167131,147.71875,2.0,0.0052017325079052,53.7890625,2.0
2026-05-29T09:48:52Z,2.2001466764450965,650.000000000009,0.0,0.0226118189306202,58.4765625,2.0,5.667582381065881,4.791428652164603,0.0,0.0061455410473678,102.2265625,0.0,0.5333866725933037,24.25,0.0,0.0042119753865576,59.59375,2.0,14.868031251867874,4.381505879385847,0.0,0.0094885113319324,89.41796875,2.0,0.3333511122963752,4.8,0.0,0.0054875415682676,79.60546875,3.0,0.3333511122963752,4.720003555713586,0.0,0.0026464481791375,91.49609375,2.0,30.86879583618535,3.0455907146738515,0.0,0.0115689728016908,52.87890625,2.0,4.267235631417522,4.874509262758936,0.0,0.0104205661238182,85.37890625,2.0,1.3333822325934026,3.685774967668357,0.0,0.003173604822644,51.68359375,2.0,3.4003333697821043,4.631716954899138,0.0,0.0040673550809665,147.71875,2.0,0.0042906199954245,53.79296875,2.0
2026-05-29T09:48:57Z,2.8000000000000003,77.50000000000065,0.0,0.022571810068165,58.4765625,2.0,5.667582381065881,4.791428652164603,0.0,0.0071530053524188,102.23828125,0.0,0.5333866725933037,24.25,0.0,0.0042119753865576,59.59375,2.0,14.868031251867874,4.381505879385847,0.0,0.0109991469174595,89.87109375,2.0,0.5333688912594172,4.8,0.0,0.0057327167102507,79.28125,3.0,0.6000844589657092,4.724998958226262,0.0,0.0026464481791375,91.49609375,2.0,33.471080585263,3.040345670090675,0.0,0.0115689728016908,52.87890625,2.0,4.267235631417522,4.874509262758936,0.0,0.0289725968188093,90.09765625,2.0,1.8669467149719128,3.65714521601277,0.0,0.003173604822644,51.68359375,2.0,3.4003333697821043,4.631716954899138,0.0,0.0040673550809665,147.71875,2.0,0.0042906199954245,53.79296875,2.0
2026-05-29T09:49:02Z,2.8000000000000003,77.50000000000065,0.0,0.022571810068165,58.4765625,2.0,6.000586784023471,4.791927868218577,0.0,0.0071530053524188,102.23828125,0.0,0.2666666666666666,42.500000000000014,0.0,0.0039534370401512,59.59765625,2.0,18.000551147854303,4.4836924296033605,0.0,0.0109991469174595,89.87109375,2.0,0.4000177789630419,4.8,0.0,0.0057931556632345,79.28125,3.0,0.4667333466693338,4.733330370106973,0.0,0.0026464481791375,91.49609375,2.0,33.735902564786414,3.491922352820083,0.0,0.0115689728016908,52.87890625,2.0,4.333617815708761,30.621708040714527,0.0,0.0289725968188093,90.09765625,2.0,1.933533373341335,4.15381645959916,0.0,0.003173604822644,51.68359375,2.0,3.5335644752633684,4.624082495294692,0.0,0.004380666784265,147.9609375,2.0,0.0042906199954245,53.79296875,2.0
2026-05-29T09:49:07Z,2.8000000000000003,77.50000000000065,0.0,0.022571810068165,58.4765625,2.0,6.13312890251761,4.792340345855255,0.0,0.0073057396078697,102.23046875,0.0,0.2666666666666666,42.500000000000014,0.0,0.0039534370401512,59.59765625,2.0,18.066666666666663,4.525243357089907,0.0,0.0109991469174595,89.87109375,2.0,0.4000177789630419,4.8,0.0,0.0057494907647164,79.2890625,3.0,0.4667333466693338,4.733330370106973,0.0,0.0024416843073229,85.01171875,2.0,33.86910253693018,3.61966133323506,0.0,0.0147938213049587,52.25390625,2.0,4.466817787852524,68.1666879021468,0.0,0.0289725968188093,90.09765625,2.0,1.933533373341335,4.15381645959916,0.0,0.0032772231071056,51.67578125,2.0,3.5335644752633684,4.624082495294692,0.0,0.004380666784265,147.9609375,2.0,0.0035291411790587,53.79296875,2.0
2026-05-29T09:49:12Z,3.4,209.49999999999997,0.0,0.0274193428340023,58.48828125,2.0,6.13312890251761,4.792340345855255,0.0,0.0076884472812616,102.23046875,0.0,0.2666666666666666,42.500000000000014,0.0,0.0039534370401512,59.59765625,2.0,18.066666666666663,4.525243357089907,0.0,0.0112127457002462,89.87109375,2.0,0.2666755561481876,4.8,0.0,0.0058968595712066,79.2890625,3.0,0.1999955558518321,4.739999999999999,0.0,0.0028687635054021,85.01171875,2.0,35.13225786962485,3.612510696353246,0.0,0.0147938213049587,52.25390625,2.0,4.466817787852524,68.1666879021468,0.0,0.0339823999999983,90.09765625,2.0,1.8666666666666667,4.015377646035157,0.0,0.0032772231071056,51.67578125,2.0,3.5335644752633684,4.624082495294692,0.0,0.0045413454605956,147.9609375,2.0,0.0046094031019229,53.8046875,2.0
2026-05-29T09:49:17Z,3.4,209.49999999999997,0.0,0.0274193428340023,58.48828125,2.0,5.399960025777837,4.792531208489539,0.0,0.0076884472812616,102.23046875,0.0,0.1333466681483259,41.24999999999997,0.0,0.0039492550327936,59.59375,2.0,14.067057805039012,4.56012541864728,0.0,0.0109979919275485,89.87890625,2.0,0.2000177795557531,4.8,0.0,0.0058968595712066,79.2890625,3.0,0.1333377792593975,4.745455316844925,0.0,0.0028687635054021,85.01171875,2.0,32.666395701628545,3.87177622621524,0.0,0.0147938213049587,52.25390625,2.0,4.200280018667911,80.19999999999993,0.0,0.1020461705568308,91.08203125,2.0,1.466711115259694,4.137509167074091,0.0,0.0033885754368843,51.67578125,2.0,3.33332445925922,4.65055216318046,0.0,0.0045098359025365,147.87109375,2.0,0.0046094031019229,53.8046875,2.0
2026-05-29T09:49:22Z,3.4,209.49999999999997,0.0,0.0274193428340023,58.48828125,2.0,4.6003155777794165,4.795180722891566,0.0,0.0079983841884645,102.23046875,0.0,0.1333466681483259,41.24999999999997,0.0,0.0039492550327936,59.59375,2.0,13.001360156463647,4.59044776119403,0.0,0.0109979919275485,89.87890625,2.0,0.2000177795557531,4.8,0.0,0.0041043250000001,79.2890625,3.0,0.1333377792593975,4.745455316844925,0.0,0.0029137496806221,84.8828125,2.0,32.39971125599884,3.947166239181296,0.0,0.0148675495448225,52.484375,2.0,3.9335955730382026,86.14286471713999,0.0,0.1142552060076525,91.08203125,2.0,1.466711115259694,4.137509167074091,0.0,0.0033885754368843,51.67578125,2.0,3.33332445925922,4.65055216318046,0.0,0.0045098359025365,147.87109375,2.0,0.0046883475063198,53.8046875,2.0
2026-05-29T09:49:27Z,2.400480096019204,234.25000000000017,0.0,0.0287143235839865,58.29296875,2.0,4.6003155777794165,4.795180722891566,0.0,0.0079983841884645,102.23046875,0.0,0.1333466681483259,41.24999999999997,0.0,0.0043187145463177,59.59375,2.0,13.001360156463647,4.59044776119403,0.0,0.0117063833663552,89.94921875,2.0,0.0666755567408987,4.799999999999999,0.0,0.0060422070736139,79.29296875,3.0,0.0666755567408987,4.763635849361564,0.0,0.0029125891407186,84.8828125,2.0,28.202831426704616,3.978325362320585,0.0,0.0154514001354476,52.484375,2.0,3.9335955730382026,86.14286471713999,0.0,0.1383470847790701,91.75390625,2.0,1.133417784593205,4.164697823208046,0.0,0.0037198412395526,54.328125,2.0,3.33332445925922,4.65055216318046,0.0,0.0045710303300627,147.9453125,2.0,0.0048015820449253,53.91015625,2.0
2026-05-29T09:49:32Z,2.400480096019204,234.25000000000017,0.0,0.0287143235839865,58.29296875,2.0,4.866991132742182,4.79504126721457,0.0,0.0079983841884645,102.23046875,0.0,0.0,45.0,0.0,0.0036874264475097,59.59375,2.0,16.068222390538352,4.589593301427723,0.0,0.0117063833663552,89.94921875,2.0,0.0,4.8,0.0,0.0060422070736139,79.29296875,3.0,0.0,4.742856054352657,0.0,0.0029125891407186,84.8828125,2.0,28.469511427000853,4.0970845999810805,0.0,0.0154514001354476,52.484375,2.0,3.866924461630776,89.78255691711291,0.0,0.1623389826479655,91.75390625,2.0,1.3334222281485433,4.244429024730532,0.0,0.0032538299325071,54.328125,2.0,3.0669733674114967,4.66373393214962,0.0,0.0045710303300627,147.9453125,2.0,0.0048015820449253,53.91015625,2.0
2026-05-29T09:49:37Z,2.400480096019204,234.25000000000017,0.0,0.0291784559819377,58.2890625,2.0,5.4003600240016,4.795798366799273,0.0,0.0042430000000001,102.23046875,0.0,0.0,45.0,0.0,0.0027744911831056,59.59375,2.0,17.867253372447053,4.589944134078213,0.0,0.0117063833663552,89.94921875,2.0,0.0,4.8,0.0,0.0060422070736139,79.29296875,3.0,0.0,4.742856054352657,0.0,0.0028144460148185,84.859375,2.0,28.26937808477804,4.091494708699782,0.0,0.0126830886586805,52.484375,2.0,3.6667911194079608,92.11206896551724,0.0,0.1623389826479655,91.75390625,2.0,1.3334222281485433,4.244429024730532,0.0,0.0042530888894115,56.5546875,2.0,3.0669733674114967,4.66373393214962,0.0,0.0045710303300627,147.9453125,2.0,0.004966701735928,53.91015625,2.0
2026-05-29T09:49:42Z,2.666666666666667,1139.2857142857138,0.0,0.0302803580238189,58.2890625,2.0,5.4003600240016,4.795798366799273,0.0,0.0072250800806739,102.06640625,0.0,0.0,45.0,0.0,0.0030961804048451,59.5703125,2.0,17.867253372447053,4.589944134078213,0.0,0.0112048195718648,88.98046875,2.0,0.0,4.8,0.0,0.0057855535454271,79.29296875,3.0,0.0,4.8,0.0,0.0028144460148185,84.859375,2.0,24.4674844989666,4.117923310905232,0.0,0.014402247927046,52.44921875,2.0,3.6667911194079608,92.11206896551724,0.0,0.1744241739573597,93.625,2.0,1.1334088939262617,4.300000000000001,0.0,0.0042530888894115,56.5546875,2.0,3.0669733674114967,4.66373393214962,0.0,0.0044698667500566,147.4140625,2.0,0.0049408055901368,53.9765625,2.0
2026-05-29T09:49:47Z,2.666666666666667,1139.2857142857138,0.0,0.0278812519515836,58.17578125,2.0,4.933804494820702,4.794690377221992,0.0,0.0072250800806739,102.06640625,0.0,0.1333511134817975,24.25,0.0,0.0030961804048451,59.5703125,2.0,16.667680135129128,4.577385047949187,0.0,0.0112048195718648,88.98046875,2.0,0.0666755567408987,4.8,0.0,0.0057855535454271,79.29296875,3.0,0.0666755567408987,4.8,0.0,0.0028144460148185,84.859375,2.0,22.60138685158021,4.033102764199029,0.0,0.0137240365349099,52.44921875,2.0,3.333537805040672,92.71186919499686,0.0,0.2047468783209358,93.625,2.0,1.000106679112652,4.142873470165246,0.0,0.0042530888894115,56.5546875,2.0,2.666844468151309,4.690115218177023,0.0,0.0042441665846218,147.4140625,2.0,0.0049408055901368,53.9765625,2.0
2026-05-29T09:49:52Z,2.666666666666667,1139.2857142857138,0.0,0.0209987183230111,58.17578125,2.0,4.200697898391964,4.791509357909384,0.0,0.0072250800806739,102.06640625,0.0,0.1333511134817975,24.25,0.0,0.0028951817621686,59.5703125,2.0,15.202026936924923,4.568152866242038,0.0,0.0112048195718648,88.98046875,2.0,0.0666755567408987,4.8,0.0,0.0057855535454271,79.29296875,3.0,0.0666755567408987,4.8,0.0,0.0026594014729045,84.33203125,2.0,22.46827577010268,4.018485786623716,0.0,0.0137240365349099,52.44921875,2.0,3.200426723563142,93.1355909858132,0.0,0.2047468783209358,93.625,2.0,1.000106679112652,4.142873470165246,0.0,0.0037265389756121,56.5546875,2.0,2.666844468151309,4.690115218177023,0.0,0.0041635348661178,147.421875,2.0,0.004210437310651,53.9765625,2.0
2026-05-29T09:49:57Z,2.133617815708761,1087.4999999999975,0.0,0.0249534194090168,58.17578125,2.0,4.200697898391964,4.791509357909384,0.0,0.0070922686665931,102.10546875,0.0,0.1333511134817975,24.25,0.0,0.0031506339630822,59.625,2.0,15.202026936924923,4.568152866242038,0.0,0.0093523498079382,88.4296875,2.0,0.1333511134817975,4.8,0.0,0.0057594504447271,79.29296875,3.0,0.2000177795557531,4.733333333333333,0.0,0.0026594014729045,84.33203125,2.0,27.337996380891507,4.036787440918699,0.0,0.0137547582668409,52.5078125,2.0,3.200426723563142,93.1355909858132,0.0,0.1723366169008432,93.625,2.0,1.600213361781571,4.1999999999999975,0.0,0.0041202196246481,56.5,2.0,2.666844468151309,4.690115218177023,0.0,0.0041635348661178,147.421875,2.0,0.0048850973017518,53.70703125,2.0
2026-05-29T09:50:02Z,2.133617815708761,1087.4999999999975,0.0,0.020926353406725,58.17578125,2.0,4.800413416016537,4.809523267272816,0.0,0.0070922686665931,102.10546875,0.0,0.1333333333333333,24.25,0.0,0.0030366564337376,59.625,2.0,15.80101346846246,4.565928291924712,0.0,0.0112096670934695,88.4296875,2.0,0.1333422234075654,4.8,0.0,0.0057594504447271,79.29296875,3.0,0.2000088894815209,4.733331357878361,0.0,0.0026594014729045,84.33203125,2.0,30.40327619597796,3.883312844163022,0.0,0.0137547582668409,52.5078125,2.0,3.66688891852247,92.72727272727272,0.0,0.1643607536956082,90.81640625,2.0,1.8001333511134818,4.270582390871962,0.0,0.0041202196246481,56.5,2.0,2.9336133893445355,4.690240322200329,0.0,0.0040655415199827,147.421875,2.0,0.0048850973017518,53.70703125,2.0
2026-05-29T09:50:07Z,2.133617815708761,1087.4999999999975,0.0,0.0249962047033952,58.29296875,2.0,5.333333333333334,4.807729174208711,0.0,0.0071125625528042,101.94921875,0.0,0.1333333333333333,24.25,0.0,0.0030366564337376,59.625,2.0,14.8,4.559272854705428,0.0,0.0112096670934695,88.4296875,2.0,0.1333422234075654,4.8,0.0,0.0056003336731854,79.29296875,3.0,0.2000088894815209,4.733331357878361,0.0,0.0025052308056027,84.33203125,2.0,30.66984950827088,3.843998130571808,0.0,0.0132660747566799,52.5078125,2.0,3.933462230815388,91.5625,0.0,0.1643607536956082,90.81640625,2.0,1.8001333511134818,4.270582390871962,0.0,0.0031685063494929,56.515625,2.0,2.9336133893445355,4.690240322200329,0.0,0.0040901209173569,147.43359375,2.0,0.0048850973017518,53.70703125,2.0
2026-05-29T09:50:12Z,3.1333333333333333,987.4999999999992,0.0,0.0249252765752787,58.29296875,2.0,5.333333333333334,4.807729174208711,0.0,0.0071125625528042,101.94921875,0.0,0.1333333333333333,24.25,0.0,0.0031294462242565,59.8203125,2.0,14.8,4.559272854705428,0.0,0.0111212082143848,88.4140625,2.0,0.2,4.8,0.0,0.0056003336731854,79.29296875,3.0,0.2,4.76,0.0,0.0025923314152469,84.28125,2.0,30.333462230815385,3.78805985628106,0.0,0.0129429433418097,52.68359375,2.0,3.933462230815388,91.5625,0.0,0.1643607536956082,90.81640625,2.0,1.4,4.199999999999999,0.0,0.0037741905449131,56.515625,2.0,2.9336133893445355,4.690240322200329,0.0,0.0040901209173569,147.43359375,2.0,0.0048634490735165,52.703125,2.0
2026-05-29T09:50:17Z,3.1333333333333333,987.4999999999992,0.0,0.0249252765752787,58.29296875,2.0,5.733751166822243,4.806603773584905,0.0,0.0071125625528042,101.94921875,0.0,0.4000533404453927,24.25,0.0,0.0026642994423467,59.8203125,2.0,16.001253500466728,4.538221189404009,0.0,0.011381723499989,88.4140625,2.0,0.3333600035560297,4.8,0.0,0.004462415874965,79.29296875,3.0,0.3333600035560297,4.775000694486884,0.0,0.0025923314152469,84.28125,2.0,32.00214694433274,3.617589337817831,0.0,0.0129429433418097,52.68359375,2.0,4.200431160005946,88.91888896764064,0.0,0.1109858208090264,90.6875,2.0,1.4667822376316844,4.13334153142288,0.0,0.0037741905449131,56.515625,2.0,3.866795598522529,4.674703357927216,0.0,0.0040605088062622,147.43359375,2.0,0.0048634490735165,52.703125,2.0
2026-05-29T09:50:22Z,3.1333333333333333,987.4999999999992,0.0,0.0209758665019258,58.29296875,2.0,6.333964514378747,4.807272727272727,0.0,0.00483855,101.94921875,0.0,0.4000533404453927,24.25,0.0,0.0029634068734269,59.8203125,2.0,19.06920922789705,4.529449838187701,0.0,0.011381723499989,88.4140625,2.0,0.3333600035560297,4.8,0.0,0.0039957214021996,79.29296875,3.0,0.3333600035560297,4.775000694486884,0.0,0.0025950695427669,84.28125,2.0,32.40201804685069,3.572889150776083,0.0,0.0102301145401452,52.68359375,2.0,4.6003022625238925,83.10002809103628,0.0,0.1109858208090264,90.6875,2.0,1.4667822376316844,4.13334153142288,0.0,0.0037741905449131,56.515625,2.0,3.866795598522529,4.674703357927216,0.0,0.0042938456986462,147.4453125,2.0,0.0048634490735165,52.703125,2.0
2026-05-29T09:50:27Z,3.0668711247416494,244.37499999999972,0.0,0.0252570188821335,58.2890625,2.0,6.333964514378747,4.807272727272727,0.0,0.0075913209135413,101.91796875,0.0,0.4000533404453927,24.25,0.0,0.0035425218581141,59.99609375,2.0,19.06920922789705,4.529449838187701,0.0,0.0112389446922017,87.94921875,2.0,0.3333688930375507,4.8,0.0,0.0035303904901259,79.29296875,3.0,0.2667022269635951,4.750000694496531,0.0,0.0025950695427669,84.28125,2.0,34.804329466151046,3.4704978446725616,0.0,0.0109365261406198,52.68359375,2.0,4.6003022625238925,83.10002809103628,0.0,0.0659807840782361,90.6875,2.0,1.66683557452081,4.080009304337777,0.0,0.0034770103659496,56.50390625,2.0,3.866795598522529,4.674703357927216,0.0,0.0043493894329584,147.4453125,2.0,0.004923088806497,52.98046875,2.0
2026-05-29T09:50:32Z,3.0668711247416494,244.37499999999972,0.0,0.0252570188821335,58.2890625,2.0,5.800040025777956,4.807724562206969,0.0,0.0075913209135413,101.91796875,0.0,0.0,24.25,0.0,0.0035425218581141,59.99609375,2.0,17.734084652168676,4.5109605644636845,0.0,0.0112389446922017,87.94921875,2.0,0.1333422228148543,4.799999999999999,0.0,0.0056271770532398,79.30078125,3.0,0.0666755567408987,4.742856417192093,0.0,0.00266828267422,84.26171875,2.0,31.334867026704305,3.5624524139018114,0.0,0.01400339276067,52.21484375,2.0,4.1332133413328,73.67665898445826,0.0,0.0659807840782361,90.6875,2.0,1.2000266720001185,3.969210465565873,0.0,0.0034770103659496,56.50390625,2.0,3.73360008534827,4.652261587510683,0.0,0.0043493894329584,147.4453125,2.0,0.004923088806497,52.98046875,2.0
2026-05-29T09:50:37Z,3.0668711247416494,244.37499999999972,0.0,0.0270955305091331,58.2890625,2.0,5.5998266782214525,4.838683099270366,0.0,0.0075913209135413,101.91796875,0.0,0.0,24.25,0.0,0.0035425218581141,59.99609375,2.0,17.598826744883677,4.505263104799138,0.0,0.0111556727778837,87.90625,2.0,0.1333422228148543,4.799999999999999,0.0,0.0056271770532398,79.30078125,3.0,0.0666755567408987,4.742856417192093,0.0,0.0027754799051911,84.26171875,2.0,31.06833814700121,3.5311627714695413,0.0,0.01400339276067,52.21484375,2.0,3.866684461629709,48.24982110475031,0.0,0.053288005661119,90.6875,2.0,1.2000266720001185,3.969210465565873,0.0,0.002633774980341,56.5078125,2.0,3.73360008534827,4.652261587510683,0.0,0.0036841140742755,147.4453125,2.0,0.0049679327018134,52.72265625,2.0
2026-05-29T09:50:42Z,2.933528901926795,533.333333333332,0.0,0.0270955305091331,58.2890625,2.0,5.5998266782214525,4.838683099270366,0.0,0.0077311054897262,101.9453125,0.0,0.0,24.25,0.0,0.0035047547839904,60.5390625,2.0,17.598826744883677,4.505263104799138,0.0,0.011386774373531,87.90625,2.0,0.0666666666666666,4.8,0.0,0.006333296171598,85.3046875,3.0,0.0666666666666666,4.771428571428571,0.0,0.0027754799051911,84.26171875,2.0,29.998275688881225,3.4905310514650782,0.0,0.0140805591492859,52.21484375,2.0,3.866684461629709,48.24982110475031,0.0,0.0061873666666656,90.6875,2.0,1.1999733351109925,3.883334506220621,0.0,0.0033431672005767,56.5078125,2.0,3.73360008534827,4.652261587510683,0.0,0.0043990013053478,147.40234375,2.0,0.0050612491147075,52.72265625,2.0
2026-05-29T09:50:47Z,2.933528901926795,533.333333333332,0.0,0.0268834864558918,58.765625,2.0,5.8003644924508055,4.854321099204985,0.0,0.0077311054897262,101.9453125,0.0,0.1333466681483259,24.25,0.0,0.0035047547839904,60.5390625,2.0,19.46734243853883,4.482110347810009,0.0,0.011386774373531,87.90625,2.0,0.1333377780740938,4.8,0.0,0.006333296171598,85.3046875,3.0,0.1333377780740938,4.771428934259944,0.0,0.0028454684040506,83.75390625,2.0,31.33411142195226,3.415582360884301,0.0,0.0115004726921686,52.21484375,2.0,4.000395599116307,8.357096709674124,0.0,0.0110316516401301,90.3359375,2.0,1.666773346964741,3.488924445234585,0.0,0.0033431672005767,56.5078125,2.0,3.066880028448238,4.636366574978812,0.0,0.0043990013053478,147.40234375,2.0,0.0048961497011855,53.02734375,2.0
2026-05-29T09:50:52Z,2.933528901926795,533.333333333332,0.0,0.0268834864558918,58.765625,2.0,5.067333421641364,4.852941176470589,0.0,0.0077311054897262,101.9453125,0.0,0.1333466681483259,24.25,0.0,0.0033063041693273,60.70703125,2.0,18.06960494379192,4.444360370093085,0.0,0.0110309873381191,87.98828125,2.0,0.1333377780740938,4.8,0.0,0.006333296171598,85.3046875,3.0,0.1333377780740938,4.771428934259944,0.0,0.002899949667244,83.75390625,2.0,30.734071419285417,3.3760281789909534,0.0,0.0126728232189971,52.26953125,2.0,3.4003555964494625,4.952874310753447,0.0,0.0110316516401301,90.3359375,2.0,1.666773346964741,3.488924445234585,0.0,0.0032240589599083,56.50390625,2.0,3.066880028448238,4.636366574978812,0.0,0.0044903371946319,147.40234375,2.0,0.0048961497011855,53.02734375,2.0
2026-05-29T09:50:57Z,2.533502233482232,716.6666666666656,0.0,0.0254586444333816,58.2421875,2.0,5.067333421641364,4.852941176470589,0.0,0.007276022522044,101.859375,0.0,0.1333466681483259,24.25,0.0,0.0028634410790012,60.70703125,2.0,18.06960494379192,4.444360370093085,0.0,0.0110874542014886,87.98828125,2.0,0.0666711114074271,4.800000000000001,0.0,0.0038424463910239,85.3046875,3.0,0.0666711114074271,4.76,0.0,0.002899949667244,83.75390625,2.0,25.66998265724272,3.4399951540481832,0.0,0.0129093038457345,52.26953125,2.0,3.4003555964494625,4.952874310753447,0.0,0.0110316516401301,90.3359375,2.0,1.200151130669235,3.555555555555552,0.0,0.0032853834276889,56.50390625,2.0,3.066880028448238,4.636366574978812,0.0,0.0044903371946319,147.40234375,2.0,0.004860042239736,53.02734375,2.0
2026-05-29T09:51:02Z,2.533502233482232,716.6666666666656,0.0,0.0254586444333816,58.2421875,2.0,4.400311152005413,4.855651942019157,0.0,0.007276022522044,101.859375,0.0,0.1333377780740938,24.25,0.0,0.0032880780982955,60.70703125,2.0,14.401644771028122,4.444843184005695,0.0,0.0110874542014886,87.98828125,2.0,0.0666711114074271,4.799999999999999,0.0,0.0043842006688661,85.3046875,3.0,0.0666711114074271,4.7333323456204806,0.0,0.002899949667244,83.75390625,2.0,24.60160465099001,3.272230862955821,0.0,0.0127302843740836,52.46484375,2.0,3.266764450963397,4.910464842248011,0.0,0.0101285992217888,90.19921875,2.0,0.8667200065193483,2.5599486188631837,0.0,0.0032853834276889,56.50390625,2.0,3.0001022290374912,4.632932238274623,0.0,0.0043778701618647,144.5,2.0,0.0048321871235961,52.97265625,2.0
2026-05-29T09:51:07Z,2.533502233482232,716.6666666666656,0.0,0.0191032144400129,58.2421875,2.0,4.400008889481521,4.859907749058596,0.0,0.0055212561352619,101.8046875,0.0,0.1333377780740938,24.25,0.0,0.0026983795584667,60.70703125,2.0,13.666191145183072,4.454198632306321,0.0,0.0091885120800964,87.98828125,2.0,0.0666711114074271,4.799999999999999,0.0,0.0049259549467083,85.3046875,3.0,0.0666711114074271,4.7333323456204806,0.0,0.00282925175194,83.08984375,2.0,24.734946873804866,3.3257674477248007,0.0,0.0127302843740836,52.46484375,2.0,3.400106673778252,4.868673191010148,0.0,0.0101285992217888,90.19921875,2.0,0.8667200065193483,2.5599486188631837,0.0,0.00186615,56.50390625,2.0,3.0001022290374912,4.632932238274623,0.0,0.0041674308125728,144.5,2.0,0.0048321871235961,52.97265625,2.0
2026-05-29T09:51:12Z,2.2,549.999999999993,0.0,0.0219877795346729,58.2890625,2.0,4.400008889481521,4.859907749058596,0.0,0.0065839189410036,101.8046875,0.0,0.1333377780740938,24.25,0.0,0.003160410157109,60.8046875,2.0,13.666191145183072,4.454198632306321,0.0,0.0097264668931197,87.80859375,2.0,0.1333377780740938,4.8,0.0,0.0044831250000001,85.3046875,3.0,0.1333422228148543,4.8,0.0,0.0028418794628426,83.08984375,2.0,23.53412005244794,3.430378711289973,0.0,0.0111716551395173,52.46484375,2.0,3.400106673778252,4.868673191010146,0.0,0.010102554149523,90.15625,2.0,1.0666755561481878,2.9199843549297544,0.0,0.0031190839336414,56.5078125,2.0,3.0001022290374912,4.632932238274623,0.0,0.0041367795350811,144.51953125,2.0,0.0047453248237227,52.97265625,2.0
2026-05-29T09:51:17Z,2.2,549.999999999993,0.0,0.0219877795346729,58.2890625,2.0,4.533635595857226,4.865326915333204,0.0,0.0065839189410036,101.8046875,0.0,0.0,24.25,0.0,0.003160410157109,60.8046875,2.0,15.067195724756724,4.430911737382736,0.0,0.0097264668931197,87.80859375,2.0,0.0666666666666666,4.8,0.0,0.0062071292574569,85.53515625,3.0,0.0666711114074271,4.8,0.0,0.0028418794628426,83.08984375,2.0,22.668915803881525,3.2507706468850084,0.0,0.0111716551395173,52.46484375,2.0,3.266995592300722,4.873077776748891,0.0,0.0065671335753659,90.15625,2.0,1.0667377872605237,3.571457053466135,0.0,0.0031190839336414,56.5078125,2.0,2.933431143706746,4.642678076184607,0.0,0.0041367795350811,144.51953125,2.0,0.0046383093179634,52.9921875,2.0
2026-05-29T09:51:22Z,2.2,549.999999999993,0.0,0.0219877795346729,58.2890625,2.0,4.733964528603814,4.829629643565722,0.0,0.0065839189410036,101.8046875,0.0,0.0,24.25,0.0,0.0030854504651121,60.890625,2.0,15.135849323929772,4.401781301444341,0.0,0.0097264668931197,87.80859375,2.0,0.0666666666666666,4.8,0.0,0.0062071292574569,85.53515625,3.0,0.0666711114074271,4.8,0.0,0.0028418794628426,83.08984375,2.0,23.13561358373352,3.1606568258768264,0.0,0.008939744636894,52.46484375,2.0,3.733693372152712,4.875000855329934,0.0,0.0075141250019816,90.14453125,2.0,1.0667377872605237,3.571457053466135,0.0,0.0031190839336414,56.5078125,2.0,2.933431143706746,4.642678076184607,0.0,0.0033475857874673,144.51953125,2.0,0.0046383093179634,52.9921875,2.0
2026-05-29T09:51:27Z,3.000400053340446,47.67857142857143,0.0,0.0182410278632371,58.21875,2.0,4.733964528603814,4.829629643565722,0.0,0.00619366319622,101.7890625,0.0,0.0,24.25,0.0,0.0028675458976811,60.890625,2.0,15.135849323929772,4.401781301444341,0.0,0.0098135942958698,88.1796875,2.0,0.0666755567408987,4.8,0.0,0.0062071292574569,85.53515625,3.0,0.0666755567408987,4.8,0.0,0.0027739190346728,83.1171875,2.0,29.736053613068805,3.0845433857400564,0.0,0.0108780970226946,52.55078125,2.0,3.733693372152712,4.875000855329934,0.0,0.0083488330147766,90.14453125,2.0,1.3335111348179758,3.5714265758243413,0.0,0.0032309640588564,57.0,2.0,2.933431143706746,4.642678076184607,0.0,0.0040610852233833,145.40234375,2.0,0.0045080879005009,52.9921875,2.0
2026-05-29T09:51:32Z,3.000400053340446,47.67857142857143,0.0,0.0218090488330085,58.21875,2.0,5.000328932746589,4.789637059889401,0.0,0.00619366319622,101.7890625,0.0,0.1333333333333333,24.25,0.0,0.0028675458976811,60.890625,2.0,16.868160298726412,4.384603575447073,0.0,0.0098135942958698,88.1796875,2.0,0.1333422234075654,4.8,0.0,0.005421714239961,86.20703125,3.0,0.1333422234075654,4.8,0.0,0.0026689643986702,83.1171875,2.0,30.26791119407961,2.9689331144759707,0.0,0.0111464414519618,52.55078125,2.0,3.733471120296909,4.8754958220652345,0.0,0.0100164961535396,90.14453125,2.0,1.466773347557452,3.7749733309627502,0.0,0.0032309640588564,57.0,2.0,3.000293392011736,4.629726252513676,0.0,0.0040610852233833,145.40234375,2.0,0.0045619764755676,52.7109375,2.0
2026-05-29T09:51:37Z,3.000400053340446,47.67857142857143,0.0,0.0218090488330085,58.21875,2.0,4.733333333333333,4.789795918367346,0.0,0.00619366319622,101.7890625,0.0,0.1333333333333333,24.25,0.0,0.002869429629498,60.9140625,2.0,19.79930671288581,4.366075880749666,0.0,0.0097374740843126,88.1796875,2.0,0.1333422234075654,4.8,0.0,0.005421714239961,86.20703125,3.0,0.1333422234075654,4.8,0.0,0.0026689643986702,83.1171875,2.0,29.734440073782697,2.98799226523115,0.0,0.0112242142496221,52.53125,2.0,3.2,4.876,0.0,0.0084181137798385,90.14453125,2.0,1.466773347557452,3.7749733309627502,0.0,0.0033631100530245,57.0,2.0,3.000293392011736,4.629726252513676,0.0,0.0040610852233833,145.40234375,2.0,0.0046071697682385,52.7109375,2.0
2026-05-29T09:51:42Z,2.8666666666666667,48.28124999999996,0.0,0.0224353606994488,58.6015625,2.0,4.733333333333333,4.789795918367346,0.0,0.006390517035978,101.7890625,0.0,0.1333333333333333,24.25,0.0,0.0029425401183858,60.9140625,2.0,19.79930671288581,4.366075880749666,0.0,0.0103066930822497,87.80078125,2.0,0.2,4.8,0.0,0.0055200383023057,86.20703125,3.0,0.1999911117036641,4.8,0.0,0.0026689643986702,83.1171875,2.0,29.398915627847032,2.9448496622815705,0.0,0.0112242142496221,52.53125,2.0,3.2,4.876,0.0,0.010181868406045,86.21484375,2.0,1.5332755594071503,3.7000150003333374,0.0,0.0036703364385249,57.6171875,2.0,3.000293392011736,4.629726252513676,0.0,0.0033333087370471,144.78125,2.0,0.0046071697682385,52.7109375,2.0
2026-05-29T09:51:47Z,2.8666666666666667,48.28124999999996,0.0,0.0229520712694867,58.6015625,2.0,5.000560112022405,4.790521674441422,0.0,0.0068143138747388,101.8125,0.0,0.2667200106688004,45.62499305486104,0.0,0.0029425401183858,60.9140625,2.0,20.201267104964224,4.365016552925868,0.0,0.0103066930822497,87.80078125,2.0,0.2666933386677335,4.8,0.0,0.0055200383023057,86.20703125,3.0,0.2666844503713977,4.799999999999999,0.0,0.002826784852564,82.9921875,2.0,31.935076193293455,3.0419132928884034,0.0,0.0112242142496221,52.53125,2.0,3.5337334133493368,4.896818452378845,0.0,0.0103264294820923,86.21484375,2.0,1.8668089327484856,4.0615758326138405,0.0,0.0036703364385249,57.6171875,2.0,3.0668533991223725,4.635148799996156,0.0,0.0038706020615526,144.78125,2.0,0.004585415865693,52.71484375,2.0
2026-05-29T09:51:52Z,2.8666666666666667,48.28124999999996,0.0,0.0229520712694867,58.6015625,2.0,5.934311278844648,4.790308476316326,0.0,0.0068143138747388,101.8125,0.0,0.2667200106688004,45.62499305486104,0.0,0.00181325,60.9140625,2.0,20.404080816163237,4.349003926070067,0.0,0.011136858373613,87.80078125,2.0,0.2666933386677335,4.8,0.0,0.0055021714373947,86.91796875,3.0,0.2666844503713977,4.799999999999999,0.0,0.002826784852564,82.9921875,2.0,32.335334005446185,3.0063629221378254,0.0,0.0107905841374993,52.53125,2.0,3.933991225502068,4.919498432076082,0.0,0.0103264294820923,86.21484375,2.0,1.8668089327484856,4.0615758326138405,0.0,0.0038869286993279,57.6171875,2.0,3.0668533991223725,4.635148799996156,0.0,0.0040027510856959,144.8046875,2.0,0.004585415865693,52.71484375,2.0
2026-05-29T09:51:57Z,2.667022269635952,1107.142857142855,0.0,0.0200416517421585,58.6015625,2.0,5.934311278844648,4.790308476316326,0.0,0.0070238146609846,101.8125,0.0,0.2667200106688004,45.62499305486104,0.0,0.0032009683079045,60.93359375,2.0,20.404080816163237,4.349003926070067,0.0,0.0110297153780795,87.88671875,2.0,0.1333600053344002,4.8,0.0,0.0043758165924725,86.91796875,3.0,0.2000400080016003,4.799999999999999,0.0,0.0028916476811989,83.05859375,2.0,27.938792185694105,2.8968524144325616,0.0,0.0114671480281241,52.63671875,2.0,3.933991225502068,4.919498432076082,0.0,0.0084908205880714,86.21484375,2.0,1.6003200640128026,3.93847374206552,0.0,0.0038869286993279,57.6171875,2.0,3.0668533991223725,4.635148799996156,0.0,0.0040027510856959,144.8046875,2.0,0.004585415865693,52.71484375,2.0
2026-05-29T09:52:02Z,2.667022269635952,1107.142857142855,0.0,0.0241471459370149,58.1953125,2.0,6.067066723562904,4.790833213648243,0.0,0.0070238146609846,101.8125,0.0,0.2666577783703309,43.75,0.0,0.0032009683079045,60.93359375,2.0,20.535427092529144,4.364785717316698,0.0,0.0110297153780795,87.88671875,2.0,0.1333244450369975,4.8,0.0,0.0054820406972829,87.6875,3.0,0.2000044477041976,4.8,0.0,0.0028916476811989,83.05859375,2.0,27.40261384365501,2.7655726524622555,0.0,0.0089111510231029,52.63671875,2.0,3.8669244788193984,4.869090909090909,0.0,0.0102940275346153,86.22265625,2.0,1.6001022474121294,3.61816613267888,0.0,0.003711441684448,58.0,2.0,2.8002800560112022,4.633759516531208,0.0,0.0039306285758469,144.69921875,2.0,0.0046745890765186,50.78125,2.0
2026-05-29T09:52:07Z,2.667022269635952,1107.142857142855,0.0,0.0241471459370149,58.1953125,2.0,5.466648890073995,4.788571554007634,0.0,0.0070029921041696,101.8125,0.0,0.2666577783703309,43.75,0.0,0.0032009683079045,60.93359375,2.0,17.46664000177766,4.351474648413909,0.0,0.0110297153780795,87.88671875,2.0,0.1333244450369975,4.8,0.0,0.0054820406972829,87.6875,3.0,0.2000044477041976,4.8,0.0,0.0030357376334716,83.05859375,2.0,27.402484928984336,2.8519674903958894,0.0,0.0099366058327511,52.63671875,2.0,3.866795564148721,4.8921212121212125,0.0,0.0102940275346153,86.22265625,2.0,1.6001022474121294,3.61816613267888,0.0,0.003711441684448,58.0,2.0,2.8002800560112022,4.633759516531208,0.0,0.0039306285758469,144.69921875,2.0,0.0046745890765186,50.78125,2.0
2026-05-29T09:52:12Z,2.866857790519368,850.000000000003,0.0,0.02387038163957,58.1953125,2.0,5.466648890073995,4.788571554007634,0.0,0.0070029921041696,101.8125,0.0,0.2666577783703309,43.75,0.0,0.0035398612438201,60.75,2.0,17.46664000177766,4.351474648413909,0.0,0.0110849091342298,87.984375,2.0,0.2666577783703309,4.8,0.0,0.0054820406972829,87.6875,3.0,0.2666577783703309,4.75,0.0,0.0028980167603605,82.9296875,2.0,32.467906751709215,2.880313966929739,0.0,0.0126251862062815,52.0234375,2.0,3.866795564148721,4.8921212121212125,0.0,0.0103822067006045,86.2265625,2.0,1.9999822234073283,3.5636499547452787,0.0,0.0036829252018412,58.18359375,2.0,2.8002800560112022,4.633759516531208,0.0,0.0034062438783215,144.69921875,2.0,0.0046745890765186,50.78125,2.0
2026-05-29T09:52:17Z,2.866857790519368,850.000000000003,0.0,0.0246193837737813,58.1953125,2.0,5.266866682371734,4.804167273187909,0.0,0.0070029921041696,101.8125,0.0,0.2666933362966519,43.125,0.0,0.0035398612438201,60.75,2.0,15.467226708151466,4.369126258870368,0.0,0.0110849091342298,87.984375,2.0,0.2666844468151309,4.8,0.0,0.0047516814876649,87.6875,3.0,0.2666844468151309,4.755556872506025,0.0,0.0028980167603605,82.9296875,2.0,32.80220903912152,2.8113930349337384,0.0,0.0126251862062815,52.0234375,2.0,4.00026668444563,4.915853868910453,0.0,0.0103822067006045,86.2265625,2.0,1.8667422296304397,3.2444819769767523,0.0,0.0036829252018412,58.18359375,2.0,3.1334400071115853,4.6582334315285365,0.0,0.003153196051982,144.69921875,2.0,0.0039186994582415,50.78125,2.0
2026-05-29T09:52:22Z,2.866857790519368,850.000000000003,0.0,0.0246193837737813,58.1953125,2.0,5.5337200281503405,4.805691335425998,0.0,0.0074226549540038,101.84375,0.0,0.2666933362966519,43.125,0.0,0.0037735557615076,60.75,2.0,16.26778230074653,4.39494584837545,0.0,0.0110093970658507,88.0546875,2.0,0.2666844468151309,4.8,0.0,0.0055767746586386,88.56640625,3.0,0.2666844468151309,4.755556872506025,0.0,0.0028980167603605,82.9296875,2.0,33.33574240771939,2.812937302834928,0.0,0.0126251862062815,52.0234375,2.0,4.533800053043498,4.954651388310485,0.0,0.0103021884742409,86.2265625,2.0,1.8667422296304397,3.2444819769767523,0.0,0.0036829252018412,58.18359375,2.0,3.1334400071115853,4.6582334315285365,0.0,0.0039254806318234,140.125,2.0,0.0044548996813916,51.046875,2.0
2026-05-29T09:52:27Z,3.0668711247416494,49.0972222222222,0.0,0.0248153217510597,58.1953125,2.0,5.5337200281503405,4.805691335425998,0.0,0.0073241585893124,101.84375,0.0,0.2666933362966519,43.125,0.0,0.0037735557615076,60.75,2.0,16.26778230074653,4.39494584837545,0.0,0.0107783744145338,88.0546875,2.0,0.3333777837044939,4.8,0.0,0.0055767746586386,88.56640625,3.0,0.3333777837044939,4.6571401357606845,0.0,0.0019906750000004,82.9296875,2.0,35.269204638534774,2.685701762369709,0.0,0.0129871045442508,52.0234375,2.0,4.533800053043498,4.954651388310485,0.0,0.0103021884742409,86.2265625,2.0,2.2001644577789827,3.0444444444444447,0.0,0.0033102872968728,58.18359375,2.0,3.1334400071115853,4.6582334315285365,0.0,0.004040361445783,140.125,2.0,0.0044548996813916,51.046875,2.0
2026-05-29T09:52:32Z,3.0668711247416494,49.0972222222222,0.0,0.0244651045450888,58.7109375,2.0,5.466853345778607,4.821398268290187,0.0,0.0073241585893124,101.84375,0.0,0.2666666666666666,24.25,0.0,0.0038096487870668,55.23046875,2.0,15.400555592595062,4.40604854364682,0.0,0.0107783744145338,88.0546875,2.0,0.3333600035560297,4.800000000000001,0.0,0.0056367377357274,88.56640625,3.0,0.3333600035560297,4.657131971717852,0.0,0.0029203815937147,82.6015625,2.0,34.801586794381805,2.585074908674949,0.0,0.0140131624724571,54.9375,2.0,4.466995599413256,4.997686834180253,0.0,0.0108132931903221,80.33203125,2.0,2.2667555614818764,1.3998746555249404,0.0,0.0034400338204047,58.19921875,2.0,2.7334266728893035,4.651342913869774,0.0,0.004040361445783,140.125,2.0,0.0043531399239791,51.046875,2.0
2026-05-29T09:52:37Z,3.0668711247416494,49.0972222222222,0.0,0.0244651045450888,58.7109375,2.0,5.466853345778607,4.820425050796046,0.0,0.0070615941346099,101.85546875,0.0,0.2666666666666666,24.25,0.0,0.0038928106056308,55.23046875,2.0,14.933333333333334,4.416535433070865,0.0,0.0103223241050959,88.59375,2.0,0.3333600035560297,4.800000000000001,0.0,0.0057883327191131,89.3046875,3.0,0.3333600035560297,4.657131971717852,0.0,0.0029203815937147,82.6015625,2.0,33.86782231289403,2.525331101485736,0.0,0.0146447333588262,54.9375,2.0,3.533231117925472,4.998836963816106,0.0,0.0108132931903221,80.33203125,2.0,2.2667555614818764,1.3998746555249404,0.0,0.0034400338204047,58.19921875,2.0,2.7334266728893035,4.651342913869774,0.0,0.0040228972479093,140.12109375,2.0,0.004483812317927,50.8203125,2.0
2026-05-29T09:52:42Z,2.2666666666666666,43.16666666666666,0.0,0.0212418394386586,58.7109375,2.0,5.466853345778607,4.820425050796046,0.0,0.0070615941346099,101.85546875,0.0,0.2666666666666666,24.25,0.0,0.0038928106056308,55.23046875,2.0,14.933333333333334,4.416535433070865,0.0,0.0101092130566157,88.59375,2.0,0.1999955558518321,4.8,0.0,0.0057883327191131,89.3046875,3.0,0.1999955558518321,4.633333333333333,0.0,0.0028235121107264,82.875,2.0,25.53323111792547,2.6859396121069627,0.0,0.0146447333588262,54.9375,2.0,3.533231117925472,4.998836963816106,0.0,0.0087665405779069,80.33203125,2.0,1.2,1.6799999999999915,0.0,0.0034970997869894,58.19921875,2.0,2.7334266728893035,4.651342913869774,0.0,0.0039054701627491,140.12109375,2.0,0.004483812317927,50.8203125,2.0
2026-05-29T09:52:47Z,2.2666666666666666,43.16666666666666,0.0,0.0202789007735598,58.7109375,2.0,5.133822274376455,4.821145880427638,0.0,0.0074075325650576,101.85546875,0.0,0.1333466681483259,24.25,0.0,0.0037319900108657,55.23828125,2.0,14.934262345201525,4.395788952731088,0.0,0.0101092130566157,88.59375,2.0,0.1333333339259259,4.8,0.0,0.005786855946484,89.4609375,3.0,0.1333333339259259,4.600008889086423,0.0,0.0027485841468515,82.875,2.0,23.601426876767352,2.723978036687312,0.0,0.0146447333588262,54.9375,2.0,3.333471149929739,5.031257292071762,0.0,0.0105004927851211,80.33203125,2.0,0.7333866731860149,2.000071112691387,0.0,0.003257100058703,58.20703125,2.0,3.200222251855803,4.662505194594511,0.0,0.0039054701627491,140.12109375,2.0,0.0044148133152092,50.8203125,2.0
2026-05-29T09:52:52Z,2.2666666666666666,43.16666666666666,0.0,0.0227564572655636,58.31640625,2.0,4.667124494524464,4.825892857142857,0.0,0.0074075325650576,101.85546875,0.0,0.1333466681483259,24.25,0.0,0.0037319900108657,55.23828125,2.0,13.601800239142936,4.4320675105485225,0.0,0.0097507822394381,88.53515625,2.0,0.1333333339259259,4.8,0.0,0.0057581589235186,89.4609375,3.0,0.1333333339259259,4.600008889086423,0.0,0.0027485841468515,82.875,2.0,24.268489131291545,2.798421794560211,0.0,0.0130995704802817,55.24609375,2.0,4.000533404453927,5.062499999999987,0.0,0.0105004927851211,80.33203125,2.0,0.7333866731860149,2.000071112691387,0.0,0.003257100058703,58.20703125,2.0,3.200222251855803,4.662505194594511,0.0,0.0040672136320604,140.2421875,2.0,0.0045765296633811,50.921875,2.0
2026-05-29T09:52:57Z,2.6003467128950524,46.339285714285694,0.0,0.0227564572655636,58.31640625,2.0,4.667124494524464,4.825892857142857,0.0,0.0071263647619403,102.1015625,0.0,0.1333466681483259,24.25,0.0,0.0036524509130852,55.23828125,2.0,13.601800239142936,4.4320675105485225,0.0,0.0093382517500711,88.53515625,2.0,0.2000311167418273,4.8,0.0,0.0057581589235186,89.4609375,3.0,0.1333466681483259,4.7142857142857135,0.0,0.0029146001856513,82.671875,2.0,28.270427167474143,2.7647999999999997,0.0,0.0130612876544217,55.24609375,2.0,4.000533404453927,5.062499999999987,0.0,0.0108118749672765,80.33203125,2.0,1.3335600411929496,2.119967108187392,0.0,0.003257100058703,58.20703125,2.0,3.200222251855803,4.662505194594511,0.0,0.0040672136320604,140.2421875,2.0,0.0045765296633811,50.921875,2.0
2026-05-29T09:53:02Z,2.6003467128950524,46.339285714285694,0.0,0.0211696925329423,58.31640625,2.0,4.200164455408138,4.809302034717375,0.0,0.0071263647619403,102.1015625,0.0,0.1333377780740938,38.74999999999999,0.0,0.0036524509130852,55.23828125,2.0,12.734222339571122,4.430353400775326,0.0,0.0093382517500711,88.53515625,2.0,0.2000311167418273,4.8,0.0,0.0050115760774842,89.51171875,3.0,0.1333466681483259,4.699998518430721,0.0,0.0029146001856513,82.671875,2.0,26.60224474285454,2.9699136807901896,0.0,0.012696305444067,55.38671875,2.0,3.733626705782993,6.068168640182954,0.0,0.0108621724208461,80.33203125,2.0,1.533515590821789,3.0285244402677005,0.0,0.0032434152327144,58.20703125,2.0,2.333413338667022,4.656,0.0,0.0041187224399804,140.2421875,2.0,0.0048303855452347,50.921875,2.0
2026-05-29T09:53:07Z,2.6003467128950524,46.339285714285694,0.0,0.0205047209250159,58.38671875,2.0,3.800008889481521,4.813793103448275,0.0,0.006571507165846,102.1015625,0.0,0.1333377780740938,38.74999999999999,0.0,0.0029438602174012,55.23828125,2.0,11.999631138072434,4.489542298545676,0.0,0.0091919901701041,88.9921875,2.0,0.2000311167418273,4.8,0.0,0.0059963419987315,89.51171875,3.0,0.1333466681483259,4.699998518430721,0.0,0.0029146001856513,82.671875,2.0,25.73519582077486,3.029368897523553,0.0,0.012696305444067,55.38671875,2.0,2.866577783703309,5.925033444890367,0.0,0.0108621724208461,80.33203125,2.0,1.533515590821789,3.0285244402677005,0.0,0.0026068814790641,58.20703125,2.0,2.333413338667022,4.656,0.0,0.0041187224399804,140.2421875,2.0,0.0039755683165797,50.921875,2.0
2026-05-29T09:53:12Z,1.8666666666666667,49.16666666666667,0.0,0.0205047209250159,58.38671875,2.0,3.800008889481521,4.813793103448275,0.0,0.006571507165846,102.1015625,0.0,0.1333377780740938,38.74999999999999,0.0,0.0030322649069054,55.24609375,2.0,11.999631138072434,4.489542298545676,0.0,0.0088253485363868,88.9921875,2.0,0.0666711114074271,4.8,0.0,0.0059963419987315,89.51171875,3.0,0.0666711114074271,4.799999999999999,0.0,0.0028219102097419,82.671875,2.0,21.933257784592257,3.223684343948129,0.0,0.0108111686629958,55.38671875,2.0,2.866577783703309,5.925033444890367,0.0,0.0098659679065031,80.33203125,2.0,1.1999733362961778,3.3428571428571408,0.0,0.0032053908232551,52.62890625,2.0,2.333413338667022,4.656,0.0,0.0039383546034641,140.2421875,2.0,0.0035730361878101,50.921875,2.0
2026-05-29T09:53:17Z,1.8666666666666667,49.16666666666667,0.0,0.0191168899561819,58.328125,2.0,3.8002489220785,4.794565331608256,0.0,0.005209261111646,102.1015625,0.0,0.0,45.0,0.0,0.0030322649069054,55.24609375,2.0,10.9336312281586,4.471304393632281,0.0,0.0085673606396613,89.37109375,2.0,0.0,4.8,0.0,0.0049498137548973,89.51171875,3.0,0.0,4.8,0.0,0.0026848483605717,82.7421875,2.0,22.06791129483813,3.157975657286579,0.0,0.0090099378706685,55.38671875,2.0,2.9334578121515467,4.987325719408247,0.0,0.0098659679065031,80.33203125,2.0,0.8666755638524841,3.628604445911879,0.0,0.0032053908232551,52.62890625,2.0,2.6669333629665197,4.6571482995961695,0.0,0.0039383546034641,140.2421875,2.0,0.0047249837791073,51.0625,2.0
2026-05-29T09:53:22Z,1.8666666666666667,49.16666666666667,0.0,0.0191168899561819,58.328125,2.0,3.600595658092369,4.796491228070176,0.0,0.0047134939146996,102.1015625,0.0,0.0,45.0,0.0,0.0030322649069054,55.24609375,2.0,11.335258117098816,4.488679245283018,0.0,0.0084104477611934,89.37109375,2.0,0.0,4.8,0.0,0.0056643790272751,89.5234375,3.0,0.0,4.8,0.0,0.0026848483605717,82.7421875,2.0,22.601706919149755,3.0127685176355725,0.0,0.010346353016738,55.8828125,2.0,3.467253436463174,4.962857142857143,0.0,0.0098659679065031,80.33203125,2.0,0.8666755638524841,3.628604445911879,0.0,0.0031494492903607,52.6328125,2.0,2.6669333629665197,4.6571482995961695,0.0,0.0039246008898193,140.2421875,2.0,0.0047309845763787,51.0625,2.0
2026-05-29T09:53:27Z,2.5336711561541536,1014.9999999999948,0.0,0.0191168899561819,58.328125,2.0,3.600595658092369,4.796491228070176,0.0,0.004163051444718,102.1015625,0.0,0.0,45.0,0.0,0.0031680005970041,55.25,2.0,11.335258117098816,4.488679245283018,0.0,0.0084104477611934,89.37109375,2.0,0.0666800026672001,4.8,0.0,0.0056643790272751,89.5234375,3.0,0.1333511134817975,4.76,0.0,0.0026848483605717,82.7421875,2.0,26.00264920419098,2.950931012690962,0.0,0.010346353016738,55.8828125,2.0,3.467253436463174,4.962857142857143,0.0,0.0099114883077146,79.76953125,2.0,1.000177810376495,3.5142666645500307,0.0,0.0031494492903607,52.6328125,2.0,2.6669333629665197,4.6571482995961695,0.0,0.0039246008898193,140.2421875,2.0,0.0046460619986458,51.3125,2.0
2026-05-29T09:53:32Z,2.5336711561541536,1014.9999999999948,0.0,0.0132082999999966,58.328125,2.0,4.600520080903529,4.79550559020108,0.0,0.0036126089747363,102.1015625,0.0,0.2666755561481876,42.49999999999999,0.0,0.0030583054381829,55.25,2.0,13.40167583264414,4.487270350951255,0.0,0.0088314826555558,90.19921875,2.0,0.2000133360005334,4.8,0.0,0.0056643790272751,89.5234375,3.0,0.2666844468151309,4.766666296267488,0.0,0.002754624545992,82.7421875,2.0,27.40204018580012,2.6950628973234068,0.0,0.0102818097077004,55.8828125,2.0,3.4671467484598546,4.930136677276318,0.0,0.0102956500034032,79.76953125,2.0,1.466835584598085,3.0332888839500622,0.0,0.0032996366320329,52.6328125,2.0,2.467000056010491,4.631243458506354,0.0,0.0043013317085905,142.16015625,2.0,0.0046460619986458,51.3125,2.0
2026-05-29T09:53:37Z,2.5336711561541536,1014.9999999999948,0.0,0.0181101684263449,59.84375,2.0,4.600520080903529,4.795693675614151,0.0,0.0036126089747363,102.1015625,0.0,0.2666755561481876,42.49999999999999,0.0,0.0035035789557402,55.4765625,2.0,11.73376891792786,4.470096184471142,0.0,0.0088748616258362,90.19921875,2.0,0.2000133360005334,4.8,0.0,0.0057190402817521,90.14453125,3.0,0.2666844468151309,4.766666296267488,0.0,0.0031015557226303,83.7890625,2.0,26.06836900237793,2.404494382022471,0.0,0.0083492578913905,55.8828125,2.0,2.133475565037669,4.910144927536232,0.0,0.0098162626628074,80.7578125,2.0,1.466835584598085,3.0332888839500622,0.0,0.0032996366320329,52.6328125,2.0,2.467000056010491,4.631243458506354,0.0,0.004333069963043,142.16015625,2.0,0.0045134709537029,51.3125,2.0
2026-05-29T09:53:42Z,2.333333333333333,49.74999999999999,0.2673267326732673,0.0181101684263449,59.84375,2.0,4.600520080903529,4.795836279190768,0.0,0.0036126089747363,102.1015625,0.0,0.2666755561481876,42.49999999999999,0.0,0.0035035789557402,55.4765625,2.0,11.73376891792786,4.470096184471142,0.0,0.0088748616258362,90.19921875,2.0,0.2,4.8,0.0,0.0057190402817521,90.14453125,3.0,0.1333333333333333,4.75,0.0,0.0031033959975741,83.7890625,2.0,16.334093384003378,2.721879381492013,0.0,0.0094114358984627,56.53125,2.0,2.133475565037669,4.910144927536232,0.0,0.0078847746045689,80.7578125,2.0,1.0000355579260838,3.3000162970206106,0.0,0.0033349398989604,54.98828125,2.0,2.467000056010491,4.631243458506354,0.0,0.004333069963043,142.16015625,2.0,0.0047707032449584,50.57421875,2.0
2026-05-29T09:53:47Z,2.333333333333333,49.74999999999999,0.2673267326732673,0.0181101684263449,59.84375,2.0,3.667022292754768,4.732923667717001,0.0,0.0036126089747363,102.1015625,0.0,0.1333422234075654,23.875,0.0,0.0026250960895961,55.31640625,2.0,6.4,4.457756941434734,0.0,0.0074793882447471,90.19921875,2.0,0.0666666666666666,4.8,0.0,0.0055690322181295,90.14453125,3.0,0.0,4.733334321060819,0.0,0.0031033959975741,83.7890625,2.0,6.600035557926084,2.7564548304868204,0.0,0.0094114358984627,56.53125,2.0,0.5333688912594172,4.832203389830509,0.0,0.008205042564457,80.0625,2.0,0.2,2.200026667588493,0.0,0.0022733485700785,54.98828125,2.0,0.0,4.613953488372093,0.0,0.004333069963043,142.16015625,2.0,0.0047707032449584,50.57421875,2.0
2026-05-29T09:53:52Z,2.333333333333333,49.74999999999999,0.2673267326732673,0.0177162775122523,59.84375,2.0,3.667022292754768,4.723465994092482,0.0,0.0036126089747363,102.1015625,0.0,0.1333422234075654,23.875,0.0,0.0029426698050842,55.31640625,2.0,4.400337822820821,4.448439680825692,0.0,0.0075629455746816,89.9296875,2.0,0.0666666666666666,4.8,0.0,0.0055178680302879,89.83984375,3.0,0.0,4.733334321060819,0.0,0.0031033959975741,83.7890625,2.0,7.066666666666666,2.432891920028615,0.0,0.0085209556672118,56.7109375,2.0,1.0,4.8,0.0,0.008205042564457,80.0625,2.0,0.2,2.200026667588493,0.0,0.0025415396573161,54.98828125,2.0,0.0,4.613953488372093,0.0,0.0039831621198332,142.16015625,2.0,0.0030678000000001,50.57421875,2.0
2026-05-29T09:53:57Z,2.2668177878525237,412.4999999999943,0.3644859813084112,0.0173128356175367,60.11328125,2.0,3.667022292754768,4.719845667704318,0.0,0.0036126089747363,102.1015625,0.0,0.1333422234075654,23.875,0.0,0.0032602435205722,55.31640625,2.0,4.400337822820821,4.448439680825692,0.0,0.0075629455746816,89.9296875,2.0,0.0,4.8,0.0,0.0055178680302879,89.83984375,3.0,0.0,4.733333333333333,0.0,0.0031531014071088,82.515625,2.0,13.00137796150598,2.5194072328577297,0.0,0.0085209556672118,56.7109375,2.0,1.0,4.8,0.0,0.0068740201682596,80.0625,2.0,0.3333555570371358,2.3999659228968486,0.0,0.0033015152557138,53.84765625,2.0,0.0,4.613953488372093,0.0,0.0039172108563121,140.01953125,2.0,0.0043093854815918,50.75,2.0
2026-05-29T09:54:02Z,2.2668177878525237,412.4999999999943,0.3644859813084112,0.0173128356175367,60.11328125,2.0,4.400168970087154,4.95601992672052,0.0,0.0036126089747363,192.96484375,0.0,0.1333244450369975,82.50016666666669,0.0,0.0032114006831302,55.31640625,2.0,8.533271182819043,4.493548907807661,0.0,0.0075629455746816,89.9296875,2.0,0.0666622225184987,4.8,0.0,0.0047608745234751,89.83984375,3.0,0.0666622225184987,4.749997499819431,0.0,0.0031531014071088,82.515625,2.0,25.13379135616856,3.302926233697687,0.0,0.0080923612612442,56.7109375,2.0,3.199853343110459,4.871694986607359,0.0,0.0089976682887263,80.12890625,2.0,1.1999644497776198,3.3599271049871167,0.0,0.0033015152557138,53.84765625,2.0,2.8000800302249487,4.634769904475524,0.0,0.0039172108563121,140.01953125,2.0,0.0050296119402982,50.75,2.0
2026-05-29T09:54:07Z,2.2668177878525237,412.4999999999943,0.3644859813084112,0.0175908680460155,60.36328125,2.0,5.132991133924405,85.13453995188073,0.0,0.0207574955752842,192.96484375,0.0,0.1333244450369975,82.50016666666669,0.0,0.0028938269676421,55.31640625,2.0,12.732484501033266,4.516753695136328,0.0,0.0080021796998573,89.0078125,2.0,0.0666622225184987,4.8,0.0,0.0056175769420766,89.796875,3.0,0.0666622225184987,4.749997499819431,0.0,0.0031531014071088,82.515625,2.0,25.93379135616856,3.4894336385319185,0.0,0.0095141444342229,56.7109375,2.0,3.999853343110459,4.904586757937804,0.0,0.0089976682887263,80.12890625,2.0,1.1999644497776198,3.3599271049871167,0.0,0.0032411745176876,53.84375,2.0,2.8000800302249487,4.634769904475524,0.0,0.0039172108563121,140.01953125,2.0,0.0050296119402982,50.75,2.0
2026-05-29T09:54:12Z,2.6666666666666665,93.12500000000011,0.3577981651376146,0.0175908680460155,60.36328125,2.0,5.132991133924405,89.01613559776351,0.0,0.0207574955752842,192.96484375,0.0,0.1333244450369975,82.50016666666669,0.0,0.002625223464455,55.31640625,2.0,12.732484501033266,4.516753695136328,0.0,0.0080021796998573,89.0078125,2.0,0.200004445333353,4.8,0.0,0.0056175769420766,89.796875,3.0,0.1999955558518321,4.8,0.0,0.0031531014071088,82.515625,2.0,31.265746727995914,3.476759572293075,0.0,0.0095141444342229,56.7109375,2.0,3.999853343110459,4.904586757937804,0.0,0.0086584878516632,80.12890625,2.0,1.866608892740484,3.359977777283941,0.0,0.0033186763062465,53.84375,2.0,2.8000800302249487,4.634769904475524,0.0,0.0033237099098134,139.953125,2.0,0.0048179153316515,50.51953125,2.0
2026-05-29T09:54:17Z,2.6666666666666665,93.12500000000011,0.3577981651376146,0.0147758677879661,60.36328125,2.0,5.200564649828893,94.07848662930316,0.0,0.0207574955752842,199.48828125,0.0,0.1333688983728994,92.5,0.0,0.0034125595238092,55.30859375,2.0,14.334911681623645,4.544903944847361,0.0,0.007149876522184,89.0078125,2.0,0.200026672001304,4.800000000000001,0.0,0.0056175769420766,89.796875,3.0,0.200017782519783,4.8,0.0,0.0026376237623762,82.48828125,2.0,30.670187605583717,3.672448537322389,0.0,0.0095141444342229,56.7109375,2.0,3.8672179247799416,4.905556380924082,0.0,0.009169131466542,80.75,2.0,1.6668444918644971,3.885740408755296,0.0,0.0033186763062465,53.84375,2.0,3.467129012181026,4.64681459500327,0.0,0.0033237099098134,139.953125,2.0,0.0049243048726906,50.51953125,2.0
2026-05-29T09:54:22Z,2.6666666666666665,93.12500000000011,0.3577981651376146,0.0215109290208184,60.41796875,2.0,5.534809282475327,75.14898044060462,0.0,0.0246019745957654,199.48828125,0.0,0.1333688983728994,92.5,0.0,0.0034125595238092,55.30859375,2.0,15.004001066951188,4.578399448834892,0.0,0.0085491997216422,88.93359375,2.0,0.200026672001304,4.800000000000001,0.0,0.0054828687143409,89.796875,3.0,0.200017782519783,4.8,0.0,0.0026376237623762,82.48828125,2.0,31.33751222548235,3.791567064791239,0.0,0.0063191749999987,56.7109375,2.0,4.534542544678581,4.957024926054957,0.0,0.009169131466542,80.75,2.0,1.6668444918644971,3.885740408755296,0.0,0.0028392229752592,53.84765625,2.0,3.467129012181026,4.646814595003269,0.0,0.0036662969880925,139.69140625,2.0,0.0049243048726906,50.51953125,2.0
2026-05-29T09:54:27Z,2.9339201173568044,90.6250000000002,0.1016949152542372,0.0215109290208184,60.41796875,2.0,5.534809282475327,75.58943296826398,0.0,0.0284464536162466,199.48828125,0.0,0.1333688983728994,92.5,0.0,0.0030088725684796,55.3359375,2.0,15.004001066951188,4.578399448834892,0.0,0.0085491997216422,88.93359375,2.0,0.1333644518536498,4.8,0.0,0.0055659750396048,86.3046875,3.0,0.1333644518536498,4.750000555611116,0.0,0.0026376237623762,82.48828125,2.0,31.00826887169912,3.5932476998522125,0.0,0.0124863116695841,56.8203125,2.0,4.534542544678581,4.957024926054957,0.0,0.009503665830602,80.75,2.0,1.4003245212036983,3.774989651996662,0.0,0.0033663349178056,53.84765625,2.0,3.467129012181026,4.646814595003269,0.0,0.0036662969880925,139.69140625,2.0,0.0047222173027533,50.51953125,2.0
2026-05-29T09:54:32Z,2.9339201173568044,90.6250000000002,0.1016949152542372,0.0215109290208184,60.41796875,2.0,5.467582432646454,74.28236341594521,0.0,0.0198410554068745,199.578125,0.0,0.1333377780740938,92.5,0.0,0.0030088725684796,55.3359375,2.0,14.269089445179397,4.587949868130677,0.0,0.0084448655408981,88.66796875,2.0,0.1333466693338667,4.800000000000001,0.0,0.0055659750396048,86.3046875,3.0,0.1333466693338667,4.759999466623997,0.0,0.0026698457413411,82.19140625,2.0,31.939019106415877,3.740791662054214,0.0,0.0124863116695841,56.8203125,2.0,4.667471296343736,6.666666666666658,0.0,0.0078767438366899,80.75,2.0,1.4001822539319515,4.000000370395748,0.0,0.0033960089884186,53.796875,2.0,3.4003422604490474,4.658666666666667,0.0,0.0029646636726709,139.69140625,2.0,0.0048211974593311,50.48046875,2.0
2026-05-29T09:54:37Z,2.9339201173568044,90.6250000000002,0.1016949152542372,0.0253123215765699,60.44140625,2.0,5.000013354963023,60.641464170365,0.0,0.0221921559936556,199.578125,0.0,0.1333377780740938,92.5,0.0,0.0030687795177728,55.3359375,2.0,14.40044891881681,4.560904447369192,0.0,0.0100665271376175,88.66796875,2.0,0.1333466693338667,4.800000000000001,0.0,0.0056425604911527,86.3046875,3.0,0.1333466693338667,4.759999466623997,0.0,0.0021992901851431,82.19140625,2.0,31.604885607109196,3.794202945018424,0.0,0.0124863116695841,56.8203125,2.0,4.333337797037057,6.785724887412233,0.0,0.0083238814580848,80.75,2.0,1.4001822539319515,4.000000370395748,0.0,0.0033960089884186,53.796875,2.0,3.4003422604490474,4.658666666666667,0.0,0.0026251999999999,139.69140625,2.0,0.0048211974593311,50.48046875,2.0
2026-05-29T09:54:42Z,2.466666666666667,69.99999999999973,0.0,0.0253123215765699,60.44140625,2.0,5.000013354963023,60.27703740850384,0.0,0.0282132070413725,199.578125,0.0,0.1333377780740938,92.5,0.0,0.0036251246643654,55.40234375,2.0,14.40044891881681,4.560904447369192,0.0,0.0100665271376175,88.66796875,2.0,0.2666666666666666,4.8,0.0,0.0056425604911527,86.3046875,3.0,0.2666666666666666,4.742857142857143,0.0,0.0026731236234254,82.19140625,2.0,33.932951261627935,3.713091868663213,0.0,0.014489582515891,57.30078125,2.0,4.333337797037057,6.785724887412233,0.0,0.0074050698968242,80.75,2.0,1.5333688912594172,4.028578912111042,0.0,0.0029799650768431,53.796875,2.0,3.4003422604490474,4.658666666666667,0.0,0.0043437790656079,139.4296875,2.0,0.0046175631968677,50.4609375,2.0
2026-05-29T09:54:47Z,2.466666666666667,69.99999999999973,0.0,0.0253123215765699,60.44140625,2.0,5.666733358518815,4.957342398959005,0.0,0.0282132070413725,199.578125,0.0,0.5333688912594172,70.00033337037436,0.0,0.0028702183234262,55.40234375,2.0,16.333920039113718,4.58658353260893,0.0,0.0111002464794801,85.42578125,2.0,0.4666844456297086,4.8,0.0,0.0056080773825578,86.23828125,3.0,0.4666844456297086,4.7600010667567485,0.0,0.0026731236234254,82.19140625,2.0,35.933089048591505,3.737741998190879,0.0,0.014489582515891,57.30078125,2.0,4.533351131259338,6.384639351324732,0.0,0.0117465980480791,81.98046875,2.0,2.0000755605929283,4.356535560801096,0.0,0.0027624351324428,53.796875,2.0,3.3335555703713577,4.675561896803596,0.0,0.0043437790656079,139.4296875,2.0,0.0046175631968677,50.4609375,2.0
2026-05-29T09:54:52Z,2.466666666666667,69.99999999999973,0.0,0.0216400662118446,60.44140625,2.0,6.734008964157196,4.870742782758727,0.0,0.0226944073258921,197.16796875,0.0,0.5333688912594172,70.00033337037436,0.0,0.0029075807189887,55.51953125,2.0,18.33392003911372,4.589141320435786,0.0,0.0120100486540669,85.42578125,2.0,0.4666844456297086,4.8,0.0,0.0056329463188084,86.23828125,3.0,0.4666844456297086,4.7600010667567485,0.0,0.00278488179784,82.06640625,2.0,35.86670238162979,3.784898546463758,0.0,0.0148396253640114,57.30078125,2.0,4.46696446429762,5.937530558724603,0.0,0.0117465980480791,81.98046875,2.0,2.0000755605929283,4.356535560801096,0.0,0.0034518722676296,54.05859375,2.0,3.3335555703713577,4.675561896803596,0.0,0.0043437790656079,139.4296875,2.0,0.0046175631968677,50.4609375,2.0
2026-05-29T09:54:57Z,3.133542236149077,49.53947368421052,0.0,0.0266753793217784,60.3046875,2.0,6.734008964157196,4.86411067245147,0.0,0.0226944073258921,197.16796875,0.0,0.5333688912594172,70.00033337037436,0.0,0.0032289479482507,55.51953125,2.0,18.33392003911372,4.589141320435786,0.0,0.0120100486540669,85.42578125,2.0,0.3333555570371357,4.799999999999999,0.0,0.0054800953269085,86.23828125,3.0,0.4000266684445629,4.760000533385486,0.0,0.0028864607644047,82.06640625,2.0,32.335489032602176,3.7701376832568623,0.0,0.0142384415020616,56.515625,2.0,4.46696446429762,5.937530558724603,0.0,0.0115729865005578,82.203125,2.0,1.8667911194079605,4.383340695161635,0.0,0.0035676544091399,54.05859375,2.0,3.3335555703713577,4.675561896803596,0.0,0.0037020925002401,139.4296875,2.0,0.0047344807933435,50.51171875,2.0
2026-05-29T09:55:02Z,3.133542236149077,49.53947368421052,0.0,0.0266753793217784,60.3046875,2.0,5.933617849488791,4.827669257705432,0.0,0.011559378532711,197.16796875,0.0,0.1333244450369975,46.24999999999999,0.0,0.0038564067511437,55.51953125,2.0,17.999435593182678,4.613011751731264,0.0,0.0103260063040429,85.42578125,2.0,0.1333333339259259,4.800000000000001,0.0,0.0054800953269085,86.23828125,3.0,0.200004445333353,4.759997866552883,0.0,0.0028864607644047,82.06640625,2.0,27.66698234518659,3.768443815130604,0.0,0.0102337768482503,56.515625,2.0,3.80002223911121,6.749948885254054,0.0,0.012007903242096,82.203125,2.0,1.4666666731851852,4.366651850732424,0.0,0.0035676544091399,54.05859375,2.0,3.2000000142222222,4.682602945386073,0.0,0.0042865133257452,139.34375,2.0,0.0047344807933435,50.51171875,2.0
2026-05-29T09:55:07Z,3.133542236149077,49.53947368421052,0.0,0.0257603640651914,60.3046875,2.0,5.066497789036287,4.796837941331164,0.0,0.0115499257793171,193.8046875,0.0,0.1333244450369975,46.24999999999999,0.0,0.0037285722410754,55.89453125,2.0,16.53276892651601,4.605311789736225,0.0,0.009338320827689,85.42578125,2.0,0.1333333339259259,4.800000000000001,0.0,0.0043805139705231,86.2421875,3.0,0.200004445333353,4.759997866552883,0.0,0.002812174776564,81.81640625,2.0,27.66698234518659,3.7420909262944497,0.0,0.0114250529929026,56.515625,2.0,3.80002223911121,6.365384615384615,0.0,0.0116607223520619,82.19140625,2.0,1.4666666731851852,4.366651850732424,0.0,0.002837249798505,54.05859375,2.0,3.2000000142222222,4.682602945386073,0.0,0.0042865133257452,139.34375,2.0,0.0045599276923639,50.7578125,2.0
2026-05-29T09:55:12Z,3.1333333333333333,49.66666666666664,0.0,0.0260313527828798,60.3125,2.0,5.066497789036287,4.796837941331164,0.0,0.0115499257793171,193.8046875,0.0,0.1333244450369975,46.24999999999999,0.0,0.0037285722410754,55.89453125,2.0,16.53276892651601,4.605311789736225,0.0,0.0113193176215381,85.98046875,2.0,0.2666622225184988,4.8,0.0,0.0052585448977569,86.2421875,3.0,0.1999955558518321,4.76363592285967,0.0,0.002812174776564,81.81640625,2.0,29.199373393478695,3.7569079976118704,0.0,0.0142699568829035,56.51171875,2.0,3.80002223911121,6.365384615384615,0.0,0.0116607223520619,82.19140625,2.0,1.666555562962469,4.366669876572931,0.0,0.0025405299739376,54.05859375,2.0,3.2000000142222222,4.682602945386073,0.0,0.0041729128415597,139.34375,2.0,0.0036936672803195,50.7578125,2.0
2026-05-29T09:55:17Z,3.1333333333333333,49.66666666666664,0.0,0.0260313527828798,60.3125,2.0,5.067155650981732,4.796812816166386,0.0,0.0117706127590654,193.8046875,0.0,0.2667111188161978,45.62499999999999,0.0,0.0039140522623912,55.89453125,2.0,15.334769173686274,4.589355061907863,0.0,0.0113193176215381,85.98046875,2.0,0.3333511134817976,4.8,0.0,0.0054418613558025,86.2421875,3.0,0.2666844468151309,4.766667098779036,0.0,0.0028442917991478,81.81640625,2.0,30.069262721876328,3.6196350238802912,0.0,0.0142699568829035,56.51171875,2.0,4.000524530979045,4.951137879429934,0.0,0.0071110353718535,82.19140625,2.0,1.5333733555585785,4.400011555681978,0.0,0.0034508446717195,54.87109375,2.0,3.467013402680536,4.679571993268963,0.0,0.00420334107966,139.2421875,2.0,0.0044888131998122,50.890625,2.0
2026-05-29T09:55:22Z,3.1333333333333333,49.66666666666664,0.0,0.0255442602823811,60.3125,2.0,5.467351219575193,4.796799996017596,0.0,0.0117706127590654,193.8046875,0.0,0.2667111188161978,45.62499999999999,0.0,0.0032835962942265,55.89453125,2.0,14.602902800411618,4.572036368551387,0.0,0.0118117087431564,85.98046875,2.0,0.3333511134817976,4.8,0.0,0.0054418613558025,86.2421875,3.0,0.2666844468151309,4.766667098779036,0.0,0.0028442917991478,81.81640625,2.0,29.935920499061474,3.629165295272926,0.0,0.0138936323618704,56.6640625,2.0,3.867182308164191,4.925966850828729,0.0,0.0061248750000004,82.19140625,2.0,1.5333733555585785,4.400011555681978,0.0,0.0034378830083569,54.87109375,2.0,3.467013402680536,4.679571993268963,0.0,0.0040887622845743,139.2421875,2.0,0.0044888131998122,50.890625,2.0
2026-05-29T09:55:27Z,2.5336711561541536,126.25000000000024,0.0,0.0260083229555845,60.1484375,2.0,5.467351219575193,4.796799996017596,0.0,0.0091118765578916,193.8046875,0.0,0.2667111188161978,45.62499999999999,0.0,0.0034267792962934,56.2109375,2.0,14.602902800411618,4.572036368551387,0.0,0.0118117087431564,85.98046875,2.0,0.2000266702226963,4.8,0.0,0.0045001417930131,86.2421875,3.0,0.2000222248892247,4.781818181818181,0.0,0.002767330906304,81.86328125,2.0,31.1381696878422,3.671153272081284,0.0,0.013155286260025,56.6640625,2.0,3.867182308164191,4.925966850828729,0.0,0.0095547378439532,82.25,2.0,1.2002222643043967,4.39999814805212,0.0,0.0034378830083569,54.87109375,2.0,3.467013402680536,4.679571993268963,0.0,0.0040887622845743,139.2421875,2.0,0.0044888131998122,50.890625,2.0
2026-05-29T09:55:32Z,2.5336711561541536,126.25000000000024,0.0,0.0260083229555845,60.1484375,2.0,5.73335113600008,4.8122444773751,0.0,0.0104549479971166,193.12890625,0.0,0.1333288891851654,38.75,0.0,0.0034267792962934,56.2109375,2.0,15.134289216352704,4.535027353939981,0.0,0.0104705709312883,85.8203125,2.0,0.1333422234075654,4.8,0.0,0.0044484600284825,86.2421875,3.0,0.1333377780740938,4.7749997222129625,0.0,0.0026502803170485,81.86328125,2.0,33.134760371888184,3.6588107849483418,0.0,0.013155286260025,56.6640625,2.0,4.133315573925847,5.34991399464856,0.0,0.0112295650907686,82.25,2.0,1.4667378050416209,4.211753109660044,0.0,0.0033052902798788,55.36328125,2.0,3.133328902814795,4.6584243150031615,0.0,0.0041266625512092,139.06640625,2.0,0.0037626258758134,50.890625,2.0
2026-05-29T09:55:37Z,2.5336711561541536,126.25000000000024,0.0,0.0221215029368715,60.1484375,2.0,5.2666533561480895,4.828448241592843,0.0,0.0104549479971166,193.12890625,0.0,0.1333288891851654,38.75,0.0,0.0034267792962934,56.2109375,2.0,16.599488922960692,4.510732687201856,0.0,0.0104705709312883,85.8203125,2.0,0.1333422234075654,4.8,0.0,0.0053169562382544,78.72265625,3.0,0.1333377780740938,4.7749997222129625,0.0,0.0026892013222871,81.984375,2.0,33.668129263147605,3.579150710002584,0.0,0.0132060423306678,56.78515625,2.0,4.666684465185265,6.208290275385671,0.0,0.0112295650907686,82.25,2.0,1.4667378050416209,4.211753109660044,0.0,0.0033052902798788,55.36328125,2.0,3.133328902814795,4.6584243150031615,0.0,0.0041266625512092,139.06640625,2.0,0.0045277324935165,48.75,2.0
2026-05-29T09:55:42Z,3.2666666666666666,48.984375,0.0,0.0272859644141624,60.171875,2.0,5.2666533561480895,4.828448241592843,0.0,0.0099751803139584,193.1015625,0.0,0.1333288891851654,38.75,0.0,0.0035198658307712,56.61328125,2.0,16.599488922960692,4.510732687201856,0.0,0.0104705709312883,85.8203125,2.0,0.2,4.8,0.0,0.0053169562382544,78.72265625,3.0,0.2,4.7,0.0,0.0026892013222871,81.984375,2.0,33.33254674103354,3.543001962300637,0.0,0.0113269646519708,56.78515625,2.0,4.666684465185265,6.208290275385671,0.0,0.0112660105573942,82.3671875,2.0,1.86661778103682,4.099991666319428,0.0,0.0033052902798788,55.36328125,2.0,3.133328902814795,4.6584243150031615,0.0,0.0042343999526822,139.06640625,2.0,0.004506450012404,48.75,2.0
2026-05-29T09:55:47Z,3.2666666666666666,48.984375,0.0,0.0272859644141624,60.171875,2.0,5.600773463728005,4.827615162441715,0.0,0.0099751803139584,193.1015625,0.0,0.2667111188161978,37.50013890123564,0.0,0.0035198658307712,56.61328125,2.0,17.86845813310771,4.4930609489540885,0.0,0.0079139931671457,85.984375,2.0,0.2666844468151309,4.8,0.0,0.0054081884630587,78.72265625,3.0,0.2666844468151309,4.714289796086822,0.0,0.0026892013222871,81.984375,2.0,34.53659173908686,3.4716087392661565,0.0,0.014054817834182,57.2109375,2.0,4.800631215426808,5.275039225360239,0.0,0.0113546828067465,82.3671875,2.0,2.0001822563027964,3.942880681534676,0.0,0.0033052902798788,55.36328125,2.0,3.533680069347203,4.654359084606725,0.0,0.0042343999526822,139.06640625,2.0,0.004506450012404,48.75,2.0
2026-05-29T09:55:52Z,3.2666666666666666,48.984375,0.0,0.025800624261555,59.88671875,2.0,6.334155689209704,4.823770651422565,0.0,0.0089887589046467,192.82421875,0.0,0.2667111188161978,37.50013890123564,0.0,0.0035705401814739,56.61328125,2.0,17.80295606616545,4.464492542689211,0.0,0.0088340484085407,85.984375,2.0,0.2666844468151309,4.8,0.0,0.005360365312999,78.72265625,3.0,0.2666844468151309,4.714289796086822,0.0,0.0026992006066545,81.984375,2.0,33.736649535534525,3.4891539428799083,0.0,0.014054817834182,57.2109375,2.0,4.000689011874473,5.568195501786027,0.0,0.0111635856674695,78.78125,2.0,2.0001822563027964,3.942880681534676,0.0,0.0026828648952559,54.89453125,2.0,3.533680069347203,4.654359084606725,0.0,0.0043134109073812,138.51953125,2.0,0.003765915096199,48.75,2.0
2026-05-29T09:55:57Z,2.133617815708761,129.9999999999988,0.0,0.0255181348356445,59.88671875,2.0,6.334155689209704,4.823770651422565,0.0,0.0089887589046467,192.82421875,0.0,0.2667111188161978,37.50013890123564,0.0,0.0034465601841567,57.0234375,2.0,17.80295606616545,4.464492542689211,0.0,0.0106499414994133,85.08984375,2.0,0.1333511134817975,4.8,0.0,0.005433965121814,78.72265625,3.0,0.1333511134817975,4.733333333333333,0.0,0.002651428342482,81.140625,2.0,30.20591672230521,3.529527776891747,0.0,0.0140132295930801,57.2109375,2.0,4.000689011874473,5.568195501786027,0.0,0.0113486042169506,78.78125,2.0,1.5335867102299865,3.923072977926093,0.0,0.0034130789060413,54.89453125,2.0,3.533680069347203,4.654359084606725,0.0,0.0043134109073812,138.51953125,2.0,0.0046943313432208,48.78125,2.0
2026-05-29T09:56:02Z,2.133617815708761,129.9999999999988,0.0,0.0255181348356445,59.88671875,2.0,5.266742245629965,4.824786130298924,0.0,0.0089887589046467,192.82421875,0.0,0.0,42.49983332222147,0.0,0.0034465601841567,57.0234375,2.0,17.33392463794408,4.455748535725756,0.0,0.0106499414994133,85.08984375,2.0,0.0,4.8,0.0,0.0053382695449651,78.72265625,3.0,0.0,4.699998333194433,0.0,0.002651428342482,81.140625,2.0,24.40217392632731,3.424965530098466,0.0,0.0113784699501168,57.2109375,2.0,3.066795591410944,5.704501099060936,0.0,0.0113486042169506,78.78125,2.0,1.0000400115566817,3.488843671737922,0.0,0.0034130789060413,54.89453125,2.0,2.8000933644473487,4.645232035405348,0.0,0.0043424783958385,139.28515625,2.0,0.0046943313432208,48.78125,2.0
2026-05-29T09:56:07Z,2.133617815708761,129.9999999999988,0.0,0.0251087185873161,59.89453125,2.0,4.066662240296276,4.826548510012734,0.0,0.0047818,192.82421875,0.0,0.0,42.49983332222147,0.0,0.0032806478127187,57.0234375,2.0,15.732760038219674,4.434582919825574,0.0,0.0106499414994133,85.08984375,2.0,0.0,4.8,0.0,0.0051496965463037,78.72265625,3.0,0.0,4.699998333194433,0.0,0.0022496363253504,81.140625,2.0,24.601827238322805,3.376420322307505,0.0,0.0130904758517664,57.53515625,2.0,3.26644890340644,5.840896234610553,0.0,0.0087951598859504,78.8046875,2.0,1.0000400115566817,3.488843671737922,0.0,0.0027566442842748,54.89453125,2.0,2.8000933644473487,4.645232035405348,0.0,0.0043424783958385,139.28515625,2.0,0.0045989957822855,48.859375,2.0
2026-05-29T09:56:12Z,2.6,47.1153846153846,0.0,0.0244182003363401,59.89453125,2.0,4.066662240296276,4.826548510012734,0.0,0.0075193096353051,192.44921875,0.0,0.0,42.49983332222147,0.0,0.0032290103215301,56.8671875,2.0,15.732760038219674,4.434582919825574,0.0,0.0091884935448137,85.08984375,2.0,0.0666666666666666,4.8,0.0,0.0051496965463037,78.72265625,3.0,0.0666666666666666,4.699999999999999,0.0,0.0027299282469321,81.15625,2.0,26.998200119992003,3.3121862096036123,0.0,0.0132270596415671,57.53515625,2.0,3.26644890340644,5.840896234610553,0.0,0.010584215755166,78.8046875,2.0,1.1999688909628248,3.2999927778086637,0.0,0.0024722210421047,54.89453125,2.0,2.8000933644473487,4.645232035405348,0.0,0.0043424783958385,139.28515625,2.0,0.0045989957822855,48.859375,2.0
2026-05-29T09:56:17Z,2.6,47.1153846153846,0.0,0.0244182003363401,59.89453125,2.0,4.467111160302183,4.809777664781385,0.0,0.0088559998060276,192.44921875,0.0,0.2666933362966519,24.25,0.0,0.0032290103215301,56.8671875,2.0,14.06756456238598,4.426930945194162,0.0,0.010497093668191,84.49609375,2.0,0.2000088894815209,4.8,0.0,0.0034811500000003,78.72265625,3.0,0.2000088894815209,4.7200014223233655,0.0,0.0027299282469321,81.15625,2.0,30.26723141543256,3.150017703771308,0.0,0.0132270596415671,57.53515625,2.0,3.8001333760040303,4.954650751730091,0.0,0.010584215755166,78.8046875,2.0,1.5334222328902325,2.200062224987776,0.0,0.003274537238801,55.18359375,2.0,2.866951142522272,4.634669889802762,0.0,0.0044321716000541,139.28515625,2.0,0.0037640868944278,48.859375,2.0
2026-05-29T09:56:22Z,2.6,47.1153846153846,0.0,0.0209554960436442,59.89453125,2.0,5.600520054228445,4.792000092451594,0.0,0.0104997807310237,193.359375,0.0,0.2666933362966519,24.25,0.0,0.0032290103215301,56.8671875,2.0,15.601475712018177,4.416737329761117,0.0,0.010497093668191,84.49609375,2.0,0.2000088894815209,4.8,0.0,0.0054760479686524,78.88671875,3.0,0.2000088894815209,4.7200014223233655,0.0,0.0027299282469321,81.15625,2.0,30.7344892782666,3.1028135305280125,0.0,0.0109436239951543,57.53515625,2.0,4.267391238838068,4.911111111111111,0.0,0.0088496685970895,78.8046875,2.0,1.5334222328902325,2.200062224987776,0.0,0.003274537238801,55.18359375,2.0,2.866951142522272,4.634669889802762,0.0,0.0040939582133751,139.44921875,2.0,0.0045857946085293,49.13671875,2.0
2026-05-29T09:56:27Z,3.267102280304041,47.08333333333333,0.0,0.024214858896467,60.03125,2.0,5.600520054228445,4.792000092451594,0.0,0.0104997807310237,193.359375,0.0,0.2666933362966519,24.25,0.0,0.0039447088802342,56.91796875,2.0,15.601475712018177,4.416737329761117,0.0,0.010497093668191,84.49609375,2.0,0.3333555570371358,4.799999999999999,0.0,0.0054760479686524,78.88671875,3.0,0.4000088894815209,4.775000277799385,0.0,0.002704042671019,81.15625,2.0,33.803413736350706,3.0543051178714995,0.0,0.0134344609724878,57.04296875,2.0,4.267391238838068,4.911111111111111,0.0,0.0106708221555964,78.8125,2.0,1.866826682075733,2.2400302242371684,0.0,0.0033379606440069,55.23046875,2.0,2.866951142522272,4.634669889802762,0.0,0.0040939582133751,139.44921875,2.0,0.0045857946085293,49.13671875,2.0
2026-05-29T09:56:32Z,3.267102280304041,47.08333333333333,0.0,0.024214858896467,60.03125,2.0,6.60000447200002,4.792070222972258,0.0,0.0111453964551056,193.359375,0.0,0.3999866675554963,43.75,0.0,0.0039447088802342,56.91796875,2.0,19.59991119407368,4.408582050147244,0.0,0.0079773410044737,84.49609375,2.0,0.4000133342222814,4.8,0.0,0.0054760479686524,78.88671875,3.0,0.4666666666666667,4.777777503413774,0.0,0.0026944580484649,81.02734375,2.0,37.93393802609336,3.145924618722596,0.0,0.0134344609724878,57.04296875,2.0,4.800302326536459,4.911763595491987,0.0,0.0106708221555964,78.8125,2.0,2.133360007703822,3.7090676936544655,0.0,0.0032441587276996,55.23046875,2.0,3.666662238518499,4.644725089889979,0.0,0.0038883863158566,139.44921875,2.0,0.0045857946085293,49.13671875,2.0
2026-05-29T09:56:37Z,3.267102280304041,47.08333333333333,0.0,0.024214858896467,60.03125,2.0,6.1997955691842765,4.811207130570351,0.0,0.0092785115894408,193.359375,0.0,0.3999866675554963,43.75,0.0,0.0039447088802342,56.91796875,2.0,20.399333377774816,4.4015349985157535,0.0,0.0071504678956722,84.49609375,2.0,0.4000133342222814,4.8,0.0,0.0054314025763443,78.88671875,3.0,0.4666666666666667,4.777777503413774,0.0,0.0023054421174258,81.02734375,2.0,37.20003127318533,3.0173424179748327,0.0,0.0125744714756174,57.04296875,2.0,4.066395573628425,4.891017452355095,0.0,0.0106708221555964,78.8125,2.0,2.133360007703822,3.7090676936544655,0.0,0.0032441587276996,55.23046875,2.0,3.666662238518499,4.644725089889979,0.0,0.0041232076350092,138.41015625,2.0,0.0038245766551607,49.0078125,2.0
2026-05-29T09:56:42Z,2.7333333333333334,96.24999999999976,0.0,0.0253950982713733,60.03125,2.0,6.1997955691842765,4.811207130570351,0.0,0.0103402942877337,193.4140625,0.0,0.3999866675554963,43.75,0.0,0.0038090687405258,56.94140625,2.0,20.399333377774816,4.4015349985157535,0.0,0.0106738108571336,84.44140625,2.0,0.2666666666666666,4.8,0.0,0.0054314025763443,78.88671875,3.0,0.2,4.777778052135007,0.0,0.0027645676978455,81.02734375,2.0,30.598800079994668,2.9807512476871465,0.0,0.0122013925309698,57.1875,2.0,4.066395573628425,4.891017452355095,0.0,0.0088632859648932,78.8125,2.0,1.599991116444405,3.7090814322771446,0.0,0.0032441587276996,55.23046875,2.0,3.666662238518499,4.644725089889979,0.0,0.0041232076350092,138.41015625,2.0,0.0045463321397462,49.0078125,2.0
2026-05-29T09:56:47Z,2.7333333333333334,96.24999999999976,0.0,0.0249848831797459,58.40234375,2.0,5.200484540167135,4.825833421148451,0.0,0.0103402942877337,193.4140625,0.0,0.1333555594080989,42.50000000000001,0.0,0.0038090687405258,56.94140625,2.0,19.335280385854475,4.395517527282124,0.0,0.0109463152757461,84.44140625,2.0,0.1333422234075654,4.8,0.0,0.0054314025763443,78.88671875,3.0,0.0666755567408987,4.780000533354667,0.0,0.0022637892974449,81.02734375,2.0,25.60229826290955,2.925608448966837,0.0,0.0126697268124405,57.1875,2.0,3.333573409791173,4.886858474738885,0.0,0.0101953886469469,79.1875,2.0,1.1334800234116156,3.672746190006029,0.0,0.0031470426030607,55.2890625,2.0,3.4004578545328816,4.666669101916482,0.0,0.0041232076350092,138.41015625,2.0,0.0045463321397462,49.0078125,2.0
2026-05-29T09:56:52Z,2.7333333333333334,96.24999999999976,0.0,0.0253901729640679,58.40234375,2.0,4.800795692765258,4.823481862318111,0.0,0.0090122268874207,193.4140625,0.0,0.1333555594080989,42.50000000000001,0.0,0.0038090687405258,56.94140625,2.0,19.869947230322627,4.373688351878245,0.0,0.0109463152757461,84.44140625,2.0,0.1333422234075654,4.8,0.0,0.0055323625593874,78.88671875,3.0,0.0666755567408987,4.780000533354667,0.0,0.0020334086559578,81.02734375,2.0,26.46940052187884,2.8321442746649863,0.0,0.0126697268124405,57.1875,2.0,4.200675668760458,4.865142857142857,0.0,0.0102840110139835,79.1875,2.0,1.1334800234116156,3.672746190006029,0.0,0.0024692333407183,55.2890625,2.0,3.4004578545328816,4.666669101916482,0.0,0.0039673605497169,138.59375,2.0,0.0045354053682979,49.05859375,2.0
2026-05-29T09:56:57Z,3.267102280304041,368.7499999999996,0.0,0.0253901729640679,58.40234375,2.0,4.800795692765258,4.823481862318111,0.0,0.0099733220231152,193.875,0.0,0.1333555594080989,42.50000000000001,0.0,0.0042948917076538,56.95703125,2.0,19.869947230322627,4.373688351878245,0.0,0.0114746362839614,84.44140625,2.0,0.3333777837044939,4.784615384615384,0.0,0.0055323625593874,78.88671875,3.0,0.3333955674096992,4.719998933247993,0.0,0.0027267657579593,81.8203125,2.0,34.7400946607066,2.719081552451654,0.0,0.0126697268124405,57.1875,2.0,4.200675668760458,4.865142857142857,0.0,0.0105137845127564,79.58203125,2.0,1.8669467102292752,3.563626702655959,0.0,0.0031898461733236,55.2890625,2.0,3.4004578545328816,4.666669101916482,0.0,0.0039673605497169,138.59375,2.0,0.0045347470731167,49.05859375,2.0
2026-05-29T09:57:02Z,3.267102280304041,368.7499999999996,0.0,0.0258603895517789,58.44140625,2.0,6.067004487709354,4.82274502414904,0.0,0.0099733220231152,193.875,0.0,0.4000133342222814,40.62500694483028,0.0,0.0042948917076538,56.95703125,2.0,19.534702402394235,4.357616771953333,0.0,0.0114862668922428,84.81640625,2.0,0.4667155611858766,4.785714285714286,0.0,0.0042173183387782,78.88671875,3.0,0.4667333448910818,4.727271698723129,0.0,0.0027267657579593,81.8203125,2.0,40.67104529527816,2.2490553617457927,0.0,0.0134139914919132,57.26953125,2.0,5.200328932746588,4.842221346442375,0.0,0.0105137845127564,79.58203125,2.0,2.5335289131883068,3.1777493527889566,0.0,0.0031898461733236,55.2890625,2.0,3.7335822554118328,4.654939457732754,0.0,0.0034394713679739,138.59375,2.0,0.0045347470731167,49.05859375,2.0
2026-05-29T09:57:07Z,3.267102280304041,368.7499999999996,0.0,0.0255029060203943,58.44140625,2.0,7.46669333511123,4.818796970494976,0.0,0.0099733220231152,193.875,0.0,0.4000133342222814,40.62500694483028,0.0,0.0042948917076538,56.95703125,2.0,19.20003555792609,4.323595884008723,0.0,0.0114862668922428,84.81640625,2.0,0.4667155611858766,4.785714285714286,0.0,0.0052119789893493,79.015625,3.0,0.4667333448910818,4.727271698723129,0.0,0.0027267657579593,81.8203125,2.0,40.27085414949514,2.32801962421319,0.0,0.013166181755948,57.26953125,2.0,4.800137786963576,4.84,0.0,0.0099746412104671,79.58203125,2.0,2.5335289131883068,3.1777493527889566,0.0,0.0032374798719957,55.109375,2.0,3.7335822554118328,4.654939457732754,0.0,0.0042150384411445,138.59375,2.0,0.0044455260613516,49.06640625,2.0
2026-05-29T09:57:12Z,2.8000000000000003,399.999999999999,0.0,0.0255029060203943,58.44140625,2.0,7.46669333511123,4.818796970494976,0.0,0.0079235069956329,193.875,0.0,0.4000133342222814,40.62500694483028,0.0,0.0035181132232785,56.97265625,2.0,19.20003555792609,4.323595884008723,0.0,0.0114862668922428,84.81640625,2.0,0.2000133342222814,4.783333333333333,0.0,0.0052119789893493,79.015625,3.0,0.2666800008889481,4.699998055388102,0.0,0.0026329799654417,81.74609375,2.0,34.73349334400071,2.488115837106795,0.0,0.013166181755948,57.26953125,2.0,4.800137786963576,4.84,0.0,0.0100695340988873,79.625,2.0,1.8666933351112296,3.2222141010477108,0.0,0.0032374798719957,55.109375,2.0,3.7335822554118328,4.654939457732754,0.0,0.004045013220955,138.55078125,2.0,0.0044455260613516,49.06640625,2.0
2026-05-29T09:57:17Z,2.8000000000000003,399.999999999999,0.0,0.0255029060203943,58.44140625,2.0,6.400497874982245,4.81915750519804,0.0,0.0076360160473131,193.99609375,0.0,0.2667022281492545,24.25,0.0,0.0035181132232785,56.97265625,2.0,16.868053607165642,4.305759319469897,0.0,0.0087261037584365,84.81640625,2.0,0.1333422228148543,4.781818402220777,0.0,0.0052119789893493,79.015625,3.0,0.2000088894815209,4.685714285714285,0.0,0.0026329799654417,81.74609375,2.0,29.66936940869517,2.4230429565664875,0.0,0.0130371453172875,57.27734375,2.0,4.067204533646246,4.860965291024155,0.0,0.0100695340988873,79.625,2.0,1.4001244669673094,1.100153344148921,0.0,0.0031286250612112,55.109375,2.0,3.000208956752576,4.633346914284443,0.0,0.004045013220955,138.55078125,2.0,0.0044455260613516,49.06640625,2.0
2026-05-29T09:57:22Z,2.8000000000000003,399.999999999999,0.0,0.0248968022989767,58.453125,2.0,5.734240151730257,4.806299712513535,0.0,0.0078860090588827,193.99609375,0.0,0.2667022281492545,24.25,0.0,0.0035181132232785,56.97265625,2.0,13.735591501107056,4.329421915637715,0.0,0.0107473217684483,85.40625,2.0,0.1333422228148543,4.781818402220777,0.0,0.0052220089132676,79.015625,3.0,0.2000088894815209,4.685714285714285,0.0,0.0026329799654417,81.74609375,2.0,30.002724965732305,2.6146769458535744,0.0,0.0130371453172875,57.27734375,2.0,4.400560090683381,4.877158313556717,0.0,0.0100695340988873,79.625,2.0,1.4001244669673094,1.100153344148921,0.0,0.0031286250612112,55.109375,2.0,3.000208956752576,4.633346914284443,0.0,0.0038203680581943,138.55078125,2.0,0.0044970158560483,49.02734375,2.0
2026-05-29T09:57:27Z,3.0670756100813445,50.0,0.0,0.0252455766238263,58.453125,2.0,5.734240151730257,4.806299712513535,0.0,0.0079546976310547,194.31640625,0.0,0.2667022281492545,24.25,0.0,0.0038491089638574,56.97265625,2.0,13.735591501107056,4.329421915637715,0.0,0.0107473217684483,85.40625,2.0,0.3333422228148543,4.783333518532922,0.0,0.0052220089132676,79.015625,3.0,0.2666844456297086,4.674999999999999,0.0,0.0026736062524531,81.78125,2.0,34.47193419362936,2.517741378665768,0.0,0.0139286598959621,57.27734375,2.0,4.400560090683381,4.877158313556717,0.0,0.0093203864573423,79.90234375,2.0,1.6668489152638626,0.4993600154583843,0.0,0.0024510451756645,55.109375,2.0,3.000208956752576,4.633346914284443,0.0,0.0038656560663478,138.55859375,2.0,0.0044970158560483,49.02734375,2.0
2026-05-29T09:57:32Z,3.0670756100813445,50.0,0.0,0.0252455766238263,58.453125,2.0,5.466773428150046,4.7922176384051,0.0,0.0079546976310547,194.31640625,0.0,0.1333244456294716,24.25,0.0,0.0029687696299611,56.97265625,2.0,13.133351341037358,4.3886486193155365,0.0,0.0107473217684483,85.40625,2.0,0.2666666666666666,4.783333148137859,0.0,0.0052220089132676,79.015625,3.0,0.2000088894815209,4.674995833009234,0.0,0.0018762247999782,81.78125,2.0,33.86773390105388,2.7942269855959347,0.0,0.013991269098846,57.26171875,2.0,4.399893379551527,4.875620542322478,0.0,0.0109361048086073,79.90234375,2.0,1.400004455406716,0.4999992982204771,0.0,0.0031767482357252,52.66015625,2.0,3.533484548751727,4.6024562911112685,0.0,0.0038656560663478,138.55859375,2.0,0.0045123016160593,46.21875,2.0
2026-05-29T09:57:37Z,3.0670756100813445,50.0,0.0,0.0252455766238263,58.453125,2.0,5.066364484735368,4.793774253927193,0.0,0.0079546976310547,194.31640625,0.0,0.1333244456294716,24.25,0.0,0.0026480105496397,56.97265625,2.0,14.665813447095942,4.436286169910764,0.0,0.0103450534931084,83.875,2.0,0.2666666666666666,4.783333148137859,0.0,0.0051207755129146,79.00390625,3.0,0.2000088894815209,4.674995833009234,0.0,0.0020925068089902,81.78125,2.0,33.53424055705317,2.82245999148059,0.0,0.013991269098846,57.26171875,2.0,4.066400035550815,4.874876394408136,0.0,0.0109361048086073,79.90234375,2.0,1.400004455406716,0.4999992982204771,0.0,0.0031767482357252,52.66015625,2.0,3.533484548751727,4.6024562911112685,0.0,0.003860320457638,138.55859375,2.0,0.0038890576006276,46.21875,2.0
2026-05-29T09:57:42Z,2.999800013332445,49.87499999999998,0.0,0.0248882379450212,58.80078125,2.0,5.066364484735368,4.793774253927193,0.0,0.0075864051999559,193.14453125,0.0,0.1333244456294716,24.25,0.0,0.0018899180287584,56.97265625,2.0,14.665813447095942,4.436286169910764,0.0,0.0097071511909179,83.875,2.0,0.1333333333333333,4.8,0.0,0.0051207755129146,79.00390625,3.0,0.2,4.685716462640321,0.0,0.002595384108144,81.78125,2.0,28.798364662489448,2.875703549718022,0.0,0.0134471163245354,57.26171875,2.0,4.066400035550815,4.874876394408136,0.0,0.0088430254824466,79.90234375,2.0,1.3999466737768298,1.199986666074052,0.0,0.0032392251815979,52.75,2.0,3.533484548751727,4.6024562911112685,0.0,0.003860320457638,138.55859375,2.0,0.0045138787245169,46.21875,2.0
2026-05-29T09:57:47Z,2.999800013332445,49.87499999999998,0.0,0.0239524665631588,58.80078125,2.0,5.93395123232038,4.793774451502038,0.0,0.0075864051999559,193.14453125,0.0,0.2667022281492545,24.25,0.0,0.00336114684038,54.02734375,2.0,17.201773684514443,4.4638214961927964,0.0,0.0097071511909179,83.875,2.0,0.2000088894815209,4.8,0.0,0.0052189935064931,79.015625,3.0,0.2666755561481876,4.666669135866485,0.0,0.002494027792511,82.17578125,2.0,32.06976506175293,3.0421284624080567,0.0,0.013510284979645,50.95703125,2.0,4.40046676001867,4.894060763633707,0.0,0.0105475572673827,79.66015625,2.0,1.8001511389683764,2.53343259512764,0.0,0.0031985202771719,52.75,2.0,3.733582305199569,4.6219626554476,0.0,0.0038734492669262,138.578125,2.0,0.0037103080031368,46.21875,2.0
2026-05-29T09:57:52Z,2.999800013332445,49.87499999999998,0.0,0.0237266659558588,58.80078125,2.0,5.867631278548767,4.7944444346458335,0.0,0.0076513797895572,193.375,0.0,0.2667022281492545,24.25,0.0,0.00336114684038,54.02734375,2.0,16.869471599792035,4.46220459062085,0.0,0.0097071511909179,83.875,2.0,0.2000088894815209,4.8,0.0,0.0052378152029642,79.015625,3.0,0.2666755561481876,4.666669135866485,0.0,0.002494027792511,82.17578125,2.0,32.26991618293879,3.042407450142816,0.0,0.013510284979645,50.95703125,2.0,4.600617881204527,4.898959652865746,0.0,0.0105475572673827,79.66015625,2.0,1.8001511389683764,2.53343259512764,0.0,0.0031977398702359,52.6640625,2.0,3.733582305199569,4.6219626554476,0.0,0.0039279571063086,138.578125,2.0,0.004587452887538,45.96875,2.0
2026-05-29T09:57:57Z,3.067280122691205,46.81818181818181,0.0,0.0237266659558588,58.80078125,2.0,5.867631278548767,4.7944444346458335,0.0,0.0065947503996254,91.2734375,0.0,0.2667022281492545,24.25,0.0,0.0035929957089218,53.91015625,2.0,16.869471599792035,4.46220459062085,0.0,0.0101183916329443,85.2265625,2.0,0.2666933362966519,4.8,0.0,0.0052378152029642,79.015625,3.0,0.2000177795557531,4.66666419737539,0.0,0.0025400245549415,82.17578125,2.0,36.00445404101822,2.9812129010540818,0.0,0.0135485494790758,50.9453125,2.0,4.600617881204527,4.898959652865746,0.0,0.0106437446146145,79.66015625,2.0,1.8669422666742927,2.500043706288226,0.0,0.0031977398702359,52.6640625,2.0,3.733582305199569,4.6219626554476,0.0,0.0039279571063086,138.578125,2.0,0.004587452887538,45.96875,2.0
2026-05-29T09:58:02Z,3.067280122691205,46.81818181818181,0.0,0.0194707635560903,58.80078125,2.0,5.266853391412861,4.794331730862301,0.0,0.007928367960277,91.2734375,0.0,0.1333333339259259,24.25,0.0,0.0035929957089218,53.91015625,2.0,14.8006135022387,4.464045625630423,0.0,0.0102184731950603,85.2265625,2.0,0.2000222248892247,4.8,0.0,0.0044641607985131,79.015625,3.0,0.1333466681483259,4.639997155378556,0.0,0.0026571386003745,82.24609375,2.0,34.067151262520674,2.848873074527847,0.0,0.0138365414283348,50.9453125,2.0,4.400008908444484,4.898957013859566,0.0,0.0106437446146145,79.66015625,2.0,1.733422242372425,2.0398817702118506,0.0,0.0031977398702359,52.6640625,2.0,3.0666666802962963,4.621940072671215,0.0,0.0039279571063086,138.578125,2.0,0.004565201115541,46.21875,2.0
2026-05-29T09:58:07Z,3.067280122691205,46.81818181818181,0.0,0.0193741531239099,58.80078125,2.0,5.399657801776257,4.794308885510136,0.0,0.0076362955665024,91.58984375,0.0,0.1333333339259259,24.25,0.0,0.0035929957089218,53.91015625,2.0,14.399582253627774,4.469759343493681,0.0,0.0102184731950603,85.2265625,2.0,0.2000222248892247,4.8,0.0,0.0053487491210956,79.171875,3.0,0.1333466681483259,4.639997155378556,0.0,0.0026571386003745,82.24609375,2.0,33.73379570548354,2.829147998753526,0.0,0.0138365414283348,50.9453125,2.0,4.066653351407348,4.9245893771900935,0.0,0.0080151388352278,79.66015625,2.0,1.733422242372425,2.0398817702118506,0.0,0.0024006754053428,52.6796875,2.0,3.0666666802962963,4.621940072671215,0.0,0.0039276051731825,137.515625,2.0,0.0045286117267786,46.21875,2.0
2026-05-29T09:58:12Z,2.466502233184454,54.9999999999998,0.0,0.0241631694728849,58.37890625,2.0,5.399657801776257,4.794308885510136,0.0,0.0076362955665024,91.58984375,0.0,0.1333333339259259,24.25,0.0,0.0016402666666664,53.91015625,2.0,14.399582253627774,4.469759343493681,0.0,0.0097733049159416,85.234375,2.0,0.0666711114074271,4.8,0.0,0.0053487491210956,79.171875,3.0,0.0666711114074271,4.65,0.0,0.0024836804551154,82.28515625,2.0,30.065924514070776,2.902186250727619,0.0,0.0113729836618571,50.9453125,2.0,4.066653351407348,4.9245893771900935,0.0,0.0069271923460485,79.66015625,2.0,1.2666311146665086,2.2799271078714582,0.0,0.0026700993824194,52.6796875,2.0,3.0666666802962963,4.621940072671215,0.0,0.0039118683575215,137.515625,2.0,0.0045286117267786,46.21875,2.0
2026-05-29T09:58:17Z,2.466502233184454,55.0000000000008,0.0,0.0241631694728849,58.37890625,2.0,5.400315664907362,4.809796859964202,0.0,0.0074812827424851,91.58984375,0.0,0.2000222254820544,24.25,0.0,0.0020770124426541,54.16015625,2.0,14.468031379905334,4.446837666833206,0.0,0.0097733049159416,85.234375,2.0,0.1333422228148543,4.799999999999999,0.0,0.0053487491210956,79.171875,3.0,0.1333422228148543,8.25001666740744,0.0,0.0024836804551154,82.28515625,2.0,29.069298283951746,2.908882275133343,0.0,0.012802289509328,50.953125,2.0,3.867182308164191,4.949440225295756,0.0,0.0104539447336801,80.125,2.0,1.266791133633976,3.250054169356619,0.0,0.0032330877249185,52.6796875,2.0,3.0003067280122693,4.630397400825602,0.0,0.0039118683575215,137.515625,2.0,0.0044031829762801,46.21875,2.0
2026-05-29T09:58:22Z,2.466502233184454,55.0000000000008,0.0,0.0203537381536824,58.37890625,2.0,5.734444664340117,4.8081635278156085,0.0,0.0060814931786842,91.58984375,0.0,0.2000222254820544,24.25,0.0,0.0023227865546012,54.16015625,2.0,15.002413741998058,4.447248066728715,0.0,0.0099965267158901,85.296875,2.0,0.1333422228148543,4.799999999999999,0.0,0.0043529403691139,79.171875,3.0,0.1333422228148543,8.25001666740744,0.0,0.0024836804551154,82.28515625,2.0,29.2026405067666,3.001460164447088,0.0,0.012802289509328,50.953125,2.0,4.000524530979045,4.965218349171702,0.0,0.0104539447336801,80.125,2.0,1.266791133633976,3.250054169356619,0.0,0.0032438396399147,52.6796875,2.0,3.0003067280122693,4.630397400825602,0.0,0.0039915567383354,137.515625,2.0,0.0043633642885432,46.21875,2.0
2026-05-29T09:58:27Z,2.533840101353604,46.24999999999994,0.0,0.0241911148546496,64.5859375,2.0,5.734444664340117,4.8081635278156085,0.0,0.0040948499999999,91.58984375,0.0,0.2000222254820544,24.25,0.0,0.0029492893433657,54.16015625,2.0,15.002413741998058,4.447248066728715,0.0,0.0099965267158901,85.296875,2.0,0.2666844456297086,4.8,0.0,0.0055169985524821,79.19140625,3.0,0.3333688930375507,8.999999999999998,0.0,0.0022499171418787,82.45703125,2.0,28.804507422355343,3.027606546251209,0.0,0.012802289509328,50.953125,2.0,4.000524530979045,4.965218349171702,0.0,0.0105460369083704,80.2734375,2.0,1.5336044963065103,3.249999166606477,0.0,0.0032438396399147,52.6796875,2.0,3.0003067280122693,4.630397400825602,0.0,0.0033424458508676,137.515625,2.0,0.0043633642885432,46.21875,2.0
2026-05-29T09:58:32Z,2.533840101353604,46.24999999999994,0.0,0.0241911148546496,64.5859375,2.0,6.133946789357871,4.80836768244829,0.0,0.0084065305254201,92.359375,0.0,0.4666666666666667,24.25,0.0,0.003626273720178,54.02734375,2.0,16.00104902875939,4.459668951500525,0.0,0.0099965267158901,85.296875,2.0,0.3333422228148543,4.800000000000001,0.0,0.0055169985524821,79.19140625,3.0,0.4000266702226964,8.75000555592595,0.0,0.0026669460074227,82.45703125,2.0,31.668671369218988,3.029360677087377,0.0,0.0101318015016989,50.953125,2.0,4.4668044536302425,4.946153578458002,0.0,0.0105460369083704,80.2734375,2.0,1.8668133626725345,3.7999633292588046,0.0,0.0033256098026495,52.7265625,2.0,2.9336133893445355,4.6216142287295545,0.0,0.0040446675483948,137.515625,2.0,0.0035877491193701,46.21875,2.0
2026-05-29T09:58:37Z,2.533840101353604,46.24999999999994,0.0,0.0241911148546496,64.5859375,2.0,5.733155567406617,4.812345889917679,0.0,0.0084065305254201,92.359375,0.0,0.4666666666666667,24.25,0.0,0.003626273720178,54.02734375,2.0,15.8,4.4879377431906615,0.0,0.0081621127839335,85.3515625,2.0,0.3333422228148543,4.800000000000001,0.0,0.0054832007830671,79.19140625,3.0,0.4000266702226964,8.75000555592595,0.0,0.0026669460074227,82.45703125,2.0,32.00202692625612,3.026563433427304,0.0,0.0129370509183528,50.95703125,2.0,4.800160010667378,4.987912274024437,0.0,0.0105460369083704,80.2734375,2.0,1.8668133626725345,3.7999633292588046,0.0,0.0033256098026495,52.7265625,2.0,2.9336133893445355,4.6216142287295545,0.0,0.0040446675483948,137.515625,2.0,0.0043831018759502,46.2265625,2.0
2026-05-29T09:58:42Z,3.666422238517432,45.673076923076906,0.0,0.0255820331066977,64.59375,2.0,5.733155567406617,4.812345889917679,0.0,0.0085314155942467,92.359375,0.0,0.4666666666666667,24.25,0.0,0.003626273720178,54.02734375,2.0,15.8,4.4879377431906615,0.0,0.0099422439449287,85.3515625,2.0,0.6666666666666667,4.799999999999999,0.0,0.0054832007830671,79.19140625,3.0,0.6000000000000001,8.125,0.0,0.0022255145859108,82.45703125,2.0,40.06682667733404,2.9730596546553305,0.0,0.0129370509183528,50.95703125,2.0,4.800160010667378,4.987912274024437,0.0,0.0111707635888316,80.27734375,2.0,3.1332000088882963,3.6499999999999977,0.0,0.003357657293623,52.7265625,2.0,2.9336133893445355,4.6216142287295545,0.0,0.0039511919698871,137.51171875,2.0,0.0043831018759502,46.2265625,2.0
2026-05-29T09:58:47Z,3.666422238517432,45.673076923076906,0.0,0.0255820331066977,64.59375,2.0,5.933591181043991,4.811858534396153,0.0,0.0101416334283,93.0078125,0.0,0.6667555674089879,38.75000000000001,0.0,0.0038931745285907,54.2265625,2.0,15.26768013512913,4.485616263994649,0.0,0.0099422439449287,85.3515625,2.0,0.8000444503711606,4.800000000000001,0.0,0.0055388847211805,79.19140625,3.0,0.7333777837044939,7.749999999999998,0.0,0.0026503007784853,79.47265625,2.0,40.46896029514976,3.090362318093913,0.0,0.0127233128672696,50.95703125,2.0,4.8671556100806335,4.980951870283166,0.0,0.0077869060078114,80.27734375,2.0,3.333377810372939,3.90002972383883,0.0,0.0028620017893036,52.7265625,2.0,3.133537805040672,4.639480162046553,0.0,0.0039619278851121,137.51171875,2.0,0.0043831018759502,46.2265625,2.0
2026-05-29T09:58:52Z,3.666422238517432,45.673076923076906,0.0,0.0260718233894942,64.59375,2.0,7.001182429667247,4.810325238428825,0.0,0.0111986555458732,93.0078125,0.0,0.6667555674089879,38.75000000000001,0.0,0.0038931745285907,54.2265625,2.0,14.668622482997735,4.497438866532518,0.0,0.0097697135768649,85.625,2.0,0.8000444503711606,4.800000000000001,0.0,0.0055388847211805,79.19140625,3.0,0.7333777837044939,7.749999999999998,0.0,0.0026503007784853,79.47265625,2.0,40.335618072334896,3.066274463925241,0.0,0.0132603516036202,51.15234375,2.0,4.733813387265778,4.933000540492968,0.0,0.0072809750000004,80.27734375,2.0,3.333377810372939,3.90002972383883,0.0,0.0036479727169382,52.57421875,2.0,3.133537805040672,4.639480162046553,0.0,0.0039619278851121,137.51171875,2.0,0.0043460128194363,46.2265625,2.0
2026-05-29T09:58:57Z,2.400320042672356,43.03571428571426,0.0,0.0249375945873765,64.62109375,2.0,7.001182429667247,4.810263274952478,0.0,0.0111986555458732,93.0078125,0.0,0.6667555674089879,38.75000000000001,0.0,0.0047954008097163,54.2265625,2.0,14.668622482997735,4.497438866532518,0.0,0.0101718356462066,85.625,2.0,0.4667288971862915,4.8,0.0,0.0058213118733315,79.50390625,3.0,0.4667200065193482,7.4999999999999964,0.0,0.0026503007784853,79.47265625,2.0,32.804222775184165,3.006538680103473,0.0,0.0141037660469822,51.15234375,2.0,4.733813387265778,4.933000540492968,0.0,0.0072809750000004,80.27734375,2.0,1.9335911454860648,3.8000072231127513,0.0,0.0036479727169382,52.57421875,2.0,3.133537805040672,4.639480162046553,0.0,0.0038848035870944,137.51953125,2.0,0.0043762631975865,45.98046875,2.0
2026-05-29T09:59:02Z,2.400320042672356,43.03571428571426,0.0,0.0249375945873765,64.62109375,2.0,6.067266825806999,4.795299476901146,0.0,0.0111986555458732,93.0078125,0.0,0.1333288891851654,36.87500694467592,0.0,0.0044268201772553,54.6875,2.0,12.800577927718836,4.496594142311583,0.0,0.0101718356462066,85.625,2.0,0.2000177801484642,4.8,0.0,0.0058213118733315,79.50390625,3.0,0.2000088894815209,4.981821855150231,0.0,0.0027045437057555,79.515625,2.0,28.534653653068744,2.769071345351344,0.0,0.0141037660469822,51.15234375,2.0,4.133360018370489,4.894059761912567,0.0,0.011036290044384,80.29296875,2.0,1.2000489016309135,3.49225987757924,0.0,0.0036479727169382,52.57421875,2.0,3.000106700447645,4.6328632800381655,0.0,0.0038848035870944,137.51953125,2.0,0.0044991623885438,45.98046875,2.0
2026-05-29T09:59:07Z,2.400320042672356,43.03571428571426,0.0,0.0232830552874663,64.609375,2.0,4.13306668444326,4.793054796956229,0.0,0.0072799,93.0078125,0.0,0.1333288891851654,36.87500694467592,0.0,0.0044268201772553,54.6875,2.0,12.399635579850234,4.505700404079683,0.0,0.0082038679996557,85.625,2.0,0.2000177801484642,4.8,0.0,0.0060505361431523,79.50390625,3.0,0.2000088894815209,4.981821855150231,0.0,0.0027045437057555,79.515625,2.0,28.134502531882887,2.6110470236055434,0.0,0.0141037660469822,51.15234375,2.0,3.733208897184632,4.879581174980752,0.0,0.011036290044384,80.29296875,2.0,1.2000489016309135,3.49225987757924,0.0,0.0035059792543001,52.58984375,2.0,3.000106700447645,4.6328632800381655,0.0,0.0037537392097095,137.51953125,2.0,0.0044991623885438,45.98046875,2.0
2026-05-29T09:59:12Z,2.466831122074805,42.749999999999964,0.0,0.0228424735436662,64.609375,2.0,4.13306668444326,4.792986925773912,0.0,0.0093464582556506,93.0078125,0.0,0.1333288891851654,36.87500694467592,0.0,0.0044268201772553,54.6875,2.0,12.399635579850234,4.505700404079683,0.0,0.0097685529227821,85.33984375,2.0,0.0666666666666666,4.800000000000001,0.0,0.0060505361431523,79.50390625,3.0,0.0666666666666666,4.672727272727272,0.0,0.0026764571035588,79.515625,2.0,26.132564495700286,2.6399857203507,0.0,0.0129488721804513,51.15234375,2.0,3.733208897184632,4.879581174980752,0.0,0.0106443922095355,80.11328125,2.0,1.133302224296158,3.553849204585469,0.0,0.0035059792543001,52.58984375,2.0,3.000106700447645,4.6328632800381655,0.0,0.0038681295270557,137.62109375,2.0,0.0045720229373564,46.12109375,2.0
2026-05-29T09:59:17Z,2.466831122074805,42.749999999999964,0.0,0.0225999449230899,64.640625,2.0,4.00032009601707,4.792629044539904,0.0,0.0104981088158277,94.4296875,0.0,0.0,41.24999999999997,0.0,0.0042088475664231,54.6875,2.0,14.46822697872908,4.466122051513938,0.0,0.0097685529227821,85.33984375,2.0,0.0,4.800000000000001,0.0,0.005704723816895,79.69921875,3.0,0.0,4.600007619434637,0.0,0.0026764571035588,79.515625,2.0,24.802080416083214,2.560715011573309,0.0,0.0124668042752909,51.15234375,2.0,3.5336667333466694,4.903261353477031,0.0,0.0107382289317421,80.11328125,2.0,1.1334533573381342,2.600087620994749,0.0,0.0035059792543001,52.58984375,2.0,2.8002800560112022,4.629736684044879,0.0,0.0038681295270557,137.62109375,2.0,0.004582930530575,46.12109375,2.0
2026-05-29T09:59:22Z,2.466831122074805,42.749999999999964,0.0,0.0225999449230899,64.640625,2.0,4.934137914394453,4.790426437984869,0.0,0.0104981088158277,94.4296875,0.0,0.0,41.24999999999997,0.0,0.0034890302453251,54.73046875,2.0,16.268791460805662,4.454080762835464,0.0,0.0092550109434396,85.33984375,2.0,0.0,4.800000000000001,0.0,0.005704723816895,79.69921875,3.0,0.0,4.600007619434637,0.0,0.0026574490479376,79.57421875,2.0,24.802453824098155,2.5414315600717234,0.0,0.0121854449182508,51.15234375,2.0,3.5340401413616056,4.861621621621621,0.0,0.0105858924525163,80.11328125,2.0,1.1334533573381342,2.600087620994749,0.0,0.0034736444707461,52.59375,2.0,2.8002800560112022,4.629736684044879,0.0,0.00311251797197,137.62109375,2.0,0.004582930530575,46.12109375,2.0
2026-05-29T09:59:27Z,2.466831122074805,38.74999999999993,0.0,0.0206861047009143,64.640625,2.0,4.934137914394453,4.790349192438947,0.0,0.0104981088158277,94.4296875,0.0,0.0,41.24999999999997,0.0,0.0034890302453251,54.73046875,2.0,16.268791460805662,4.454080762835464,0.0,0.0092550109434396,85.33984375,2.0,0.0,4.8,0.0,0.003387450434051,79.7421875,3.0,0.0666755567408987,4.775,0.0,0.0025675872093022,79.57421875,2.0,25.40420516872188,2.648695652173908,0.0,0.0121854449182508,51.15234375,2.0,3.5340401413616056,4.861621621621621,0.0,0.0097355484065534,80.11328125,2.0,1.4001733608939269,2.885737144381048,0.0,0.0034736444707461,52.59375,2.0,2.8002800560112022,4.629736684044879,0.0,0.0038234753294517,137.75390625,2.0,0.004582930530575,46.12109375,2.0
2026-05-29T09:59:32Z,2.466831122074805,38.74999999999993,0.0,0.0172835277846236,64.640625,2.0,5.200217837339162,4.789580004930631,0.0,0.0086380991764016,94.4296875,0.0,0.1333333339259259,24.25,0.0,0.0030294334874306,54.73046875,2.0,16.400053406222458,4.438002047977951,0.0,0.0093305110145366,85.609375,2.0,0.0666711114074271,4.8,0.0,0.0038348157845596,79.7421875,3.0,0.1333466681483259,4.759999466623997,0.0,0.0026424577387251,79.5,2.0,26.668022582264875,2.2773736571502536,0.0,0.0121854449182508,51.15234375,2.0,3.6669200826810697,4.821713508094779,0.0,0.0097355484065534,80.11328125,2.0,1.6000177848889678,1.5499066604440328,0.0,0.0032930953055633,52.59375,2.0,2.8667555869658474,4.6149137704561305,0.0,0.0038234753294517,137.75390625,2.0,0.0046055054671013,46.19140625,2.0
2026-05-29T09:59:37Z,2.466831122074805,38.74999999999993,0.0,0.0155596857262141,64.640625,2.0,4.533186677628978,4.787128729864195,0.0,0.0086380991764016,94.4296875,0.0,0.1333333339259259,24.25,0.0,0.0030533254954656,54.7734375,2.0,14.5332622868145,4.392266123298933,0.0,0.0093688516534797,85.609375,2.0,0.0666711114074271,4.8,0.0,0.0041947677395953,79.75390625,3.0,0.1333466681483259,4.759999466623997,0.0,0.0026424577387251,79.5,2.0,26.400875848027244,2.0634448799717373,0.0,0.0108430702503793,51.15234375,2.0,3.3997733484434374,4.824203561280621,0.0,0.0096517814401958,80.1171875,2.0,1.6000177848889678,1.5499066604440328,0.0,0.003413206308977,52.4375,2.0,2.8667555869658474,4.6149137704561305,0.0,0.0038257630420665,137.5390625,2.0,0.0046884567883507,46.19140625,2.0
2026-05-29T09:59:42Z,2.2001466764450965,42.499999999999645,0.0,0.0199514976174257,64.859375,2.0,4.533186677628978,4.787128729864195,0.0,0.0086380991764016,94.4296875,0.0,0.1333333339259259,24.25,0.0,0.0030533254954656,54.7734375,2.0,14.5332622868145,4.392266123298933,0.0,0.0093688516534797,85.609375,2.0,0.2000044447407604,4.8,0.0,0.0053118497398952,79.75390625,3.0,0.1333377780740938,4.75,0.0,0.0026424577387251,79.5,2.0,25.465791170070183,2.267424886670259,0.0,0.010616239800307,51.09375,2.0,3.3997733484434374,4.824203561280621,0.0,0.0081367268119231,80.1171875,2.0,1.6000177848889678,1.7499511086418478,0.0,0.003413206308977,52.4375,2.0,2.8667555869658474,4.6149137704561305,0.0,0.003878106260354,137.5390625,2.0,0.0046170124117362,46.16015625,2.0
2026-05-29T09:59:47Z,2.2001466764450965,42.499999999999645,0.0,0.0199514976174257,64.859375,2.0,4.533791200313979,4.786735286493489,0.0,0.0070844659876199,92.640625,0.0,0.2667022281492545,24.25,0.0,0.0026382260466654,54.7734375,2.0,14.601987001840664,4.379324465614015,0.0,0.0096170170459677,86.10546875,2.0,0.2666755561481876,4.8,0.0,0.0053118497398952,79.75390625,3.0,0.2000088894815209,4.750000833393523,0.0,0.002245819290545,79.5,2.0,25.402178239497697,2.58952426291792,0.0,0.010616239800307,51.09375,2.0,3.400253412458373,4.876002567311931,0.0,0.0094794976547133,80.1171875,2.0,1.7335378091908356,2.4400906709335413,0.0,0.003413206308977,52.4375,2.0,2.733506726232476,4.633347026210187,0.0,0.003878106260354,137.5390625,2.0,0.0046170124117362,46.16015625,2.0
2026-05-29T09:59:52Z,2.2001466764450965,42.499999999999645,0.0,0.0208040978572391,65.03125,2.0,5.067644637668116,4.789847708864166,0.0,0.0070844659876199,92.640625,0.0,0.2667022281492545,24.25,0.0,0.0030687520771018,54.73828125,2.0,16.335991565117723,4.353175748977764,0.0,0.0081391602816358,86.10546875,2.0,0.2666755561481876,4.8,0.0,0.0054023962264145,80.06640625,3.0,0.2000088894815209,4.750000833393523,0.0,0.0026920005945933,79.5703125,2.0,25.46928496573373,2.7651185751658733,0.0,0.010785131083754,51.09375,2.0,3.467360138694405,4.873076923076923,0.0,0.0096107448531108,80.015625,2.0,1.7335378091908356,2.4400906709335413,0.0,0.0035926865304108,52.28515625,2.0,2.733506726232476,4.633347026210187,0.0,0.0040098450820423,137.53515625,2.0,0.0046170124117362,46.16015625,2.0
2026-05-29T09:59:57Z,2.3334888992599505,45.9999999999999,0.0,0.0217242114049729,65.03125,2.0,5.067644637668116,4.789847708864166,0.0,0.0070844659876199,92.640625,0.0,0.2667022281492545,24.25,0.0,0.0030687520771018,54.73828125,2.0,16.335991565117723,4.353175748977764,0.0,0.0098386670272565,86.10546875,2.0,0.2000177795557531,4.8,0.0,0.0045996406861932,80.06640625,3.0,0.2666933362966519,4.649999999999999,0.0,0.0026920005945933,79.5703125,2.0,26.137667416727197,2.8400214707188383,0.0,0.0089521081799776,51.09375,2.0,3.467360138694405,4.873076923076923,0.0,0.0096107448531108,80.015625,2.0,1.5335644829697987,2.320036447684238,0.0,0.0035926865304108,52.28515625,2.0,2.733506726232476,4.633347026210187,0.0,0.0039658528885619,137.53515625,2.0,0.0045359067868532,46.3359375,2.0
2026-05-29T10:00:02Z,2.3334888992599505,45.9999999999999,0.0,0.0217242114049729,65.03125,2.0,4.600528993502325,4.790290928011318,0.0,0.0071393875627452,94.1484375,0.0,0.1333377780740938,24.25,0.0,0.0028450455781964,54.73828125,2.0,15.334453482093869,4.350220816631125,0.0,0.0093362862078667,86.28125,2.0,0.1333466681483259,4.8,0.0,0.0055169169457063,79.8203125,3.0,0.2000222248892247,4.679997866486502,0.0,0.0027344790475553,79.5703125,2.0,23.268720295747563,2.6020527369554927,0.0,0.0109226862866632,51.19140625,2.0,3.0670000666800026,4.871247565437674,0.0,0.0097683151718354,80.015625,2.0,1.0667555668162767,1.3999133258265035,0.0,0.0035926865304108,52.28515625,2.0,2.8002800560112022,4.643472009554429,0.0,0.003871133606492,137.53515625,2.0,0.0045359067868532,46.3359375,2.0
2026-05-29T10:00:07Z,2.3334888992599505,45.9999999999999,0.0,0.0212661727392653,65.046875,2.0,3.9333422228148542,4.791176373504805,0.0,0.0071393875627452,94.1484375,0.0,0.1333377780740938,24.25,0.0,0.0029692333729834,54.73828125,2.0,12.933342222814854,4.359442468045369,0.0,0.0093362862078667,86.28125,2.0,0.1333466681483259,4.8,0.0,0.0055169169457063,79.8203125,3.0,0.2000222248892247,4.679997866486502,0.0,0.0026142237233065,79.58984375,2.0,23.468386895734227,2.4355068534349757,0.0,0.0109226862866632,51.19140625,2.0,3.2666666666666666,4.9013333333333335,0.0,0.0094064474577451,79.953125,2.0,1.0667555668162767,1.3999133258265035,0.0,0.0035769881556689,52.2109375,2.0,2.8002800560112022,4.643472009554429,0.0,0.003871133606492,137.53515625,2.0,0.0045359067868532,46.3359375,2.0
2026-05-29T10:00:12Z,2.7333333333333334,875.0000000000025,0.0,0.0212661727392653,65.046875,2.0,3.9333422228148542,4.791176373504805,0.0,0.0071393875627452,94.1484375,0.0,0.1333377780740938,24.25,0.0,0.003304577689074,54.75390625,2.0,12.933342222814854,4.359442468045369,0.0,0.0077802593154895,86.28125,2.0,0.1333422228148543,4.800000000000001,0.0,0.0055169169457063,79.8203125,3.0,0.1333377780740938,4.600004444641984,0.0,0.0026142237233065,79.58984375,2.0,22.40000444474076,2.465933772874233,0.0,0.010703386997939,51.19140625,2.0,3.2666666666666666,4.9013333333333335,0.0,0.0092744744744739,79.953125,2.0,1.2000577816298863,1.5499199930858143,0.0,0.0035769881556689,52.2109375,2.0,2.8002800560112022,4.643472009554429,0.0,0.003958115183246,137.53515625,2.0,0.0045351997268691,46.28125,2.0
2026-05-29T10:00:17Z,2.7333333333333334,875.0000000000025,0.0,0.016182758005248,65.046875,2.0,4.9335155677045135,4.808866469814619,0.0,0.004887787695405,93.62890625,0.0,0.2666755561481876,38.74977775802292,0.0,0.003304577689074,54.75390625,2.0,14.333857812743071,4.31569063384335,0.0,0.0092555105712999,86.28125,2.0,0.2000044447407604,4.800000000000001,0.0,0.0046327562836391,79.8203125,3.0,0.2,4.639999999999999,0.0,0.0026142237233065,79.58984375,2.0,27.86758672800409,2.4989267248158398,0.0,0.010856867753979,51.16796875,2.0,4.000142231704336,4.904110714196558,0.0,0.0092744744744739,79.953125,2.0,1.666760006222637,1.7499861103394587,0.0,0.0035769881556689,52.2109375,2.0,3.200106673778252,4.639443153128507,0.0,0.0038522222435907,137.48046875,2.0,0.0045351997268691,46.28125,2.0
2026-05-29T10:00:22Z,2.7333333333333334,875.0000000000025,0.0,0.0175166199476816,63.0625,2.0,5.9335155677045135,4.824037803013795,0.0,0.0054841611887467,93.62890625,0.0,0.2666755561481876,38.74977775802292,0.0,0.003357577103517,54.75390625,2.0,17.201111185190125,4.31415070490759,0.0,0.0071339161605937,86.28125,2.0,0.2000044447407604,4.800000000000001,0.0,0.0055138883738182,79.8359375,3.0,0.2,4.639999999999999,0.0,0.0025440792607409,79.57421875,2.0,27.801040069337954,2.455601236801205,0.0,0.0111852842411815,51.16796875,2.0,3.933595573038202,4.899346405228759,0.0,0.0094520190949402,79.8125,2.0,1.666760006222637,1.7499861103394587,0.0,0.0033855648856639,52.16015625,2.0,3.200106673778252,4.639443153128507,0.0,0.0038522222435907,137.48046875,2.0,0.0045351997268691,46.28125,2.0
2026-05-29T10:00:27Z,3.2002133475565038,675.0000000000005,0.0,0.0212070609045995,63.0625,2.0,5.9335155677045135,4.824037803013795,0.0,0.007156481920101,93.62890625,0.0,0.2666755561481876,38.74977775802292,0.0,0.0037887933521841,54.7734375,2.0,17.201111185190125,4.31415070490759,0.0,0.0096596368812053,86.69921875,2.0,0.4000177789630419,4.8,0.0,0.0056061297454955,79.8359375,3.0,0.3333466675556148,4.685712471545902,0.0,0.0025440792607409,79.57421875,2.0,37.270542669684666,2.410987556455555,0.0,0.0111852842411815,51.16796875,2.0,3.933595573038202,4.899346405228759,0.0,0.0094520190949402,79.8125,2.0,2.200044447407605,2.4400112010067065,0.0,0.0033855648856639,52.16015625,2.0,3.200106673778252,4.639443153128507,0.0,0.0038585684966649,137.48046875,2.0,0.0045527129454583,46.28125,2.0
2026-05-29T10:00:32Z,3.2002133475565038,675.0000000000005,0.0,0.0212070609045995,63.0625,2.0,6.066475568295447,4.83893765662163,0.0,0.0072978970237718,93.49609375,0.0,0.2666577783703309,43.1250069445216,0.0,0.0037887933521841,54.7734375,2.0,16.466764516148583,4.315582857973393,0.0,0.0094391877747528,86.69921875,2.0,0.4000177789630419,4.8,0.0,0.0056061297454955,79.8359375,3.0,0.3333466675556148,4.685710657400558,0.0,0.0024888952985287,79.57421875,2.0,38.73525823263896,1.947570097885624,0.0,0.0091398219909264,51.16796875,2.0,4.19996001866649,4.844706022613363,0.0,0.0094520190949402,79.8125,2.0,2.26661778103682,3.27496673417639,0.0,0.0033855648856639,52.16015625,2.0,3.266662236740721,4.639011476259342,0.0,0.0039053651266767,137.4296875,2.0,0.0045918714803336,46.28125,2.0
2026-05-29T10:00:37Z,3.2002133475565038,675.0000000000005,0.0,0.0221085796762509,63.22265625,2.0,6.466475568295447,4.834632370215122,0.0,0.0072978970237718,93.49609375,0.0,0.2666577783703309,43.1250069445216,0.0,0.0037858946503024,54.7734375,2.0,15.266177810368198,4.304220723024004,0.0,0.0094391877747528,86.69921875,2.0,0.4000177789630419,4.8,0.0,0.0056175673312352,79.83203125,3.0,0.3333466675556148,4.685710657400558,0.0,0.0025872180757777,79.51171875,2.0,39.33513822463843,1.7699070839575988,0.0,0.008207714970828,51.16796875,2.0,4.799840010665956,4.842222227434901,0.0,0.0099342128292638,79.73046875,2.0,2.26661778103682,3.27496673417639,0.0,0.0034268692834584,52.16015625,2.0,3.266662236740721,4.639011476259342,0.0,0.0037418317774814,137.4296875,2.0,0.0044744937064607,46.3359375,2.0
2026-05-29T10:00:42Z,2.2666666666666666,44.74999999999994,0.0,0.0215303529193512,63.22265625,2.0,6.466475568295447,4.834632370215122,0.0,0.0072978970237718,93.49609375,0.0,0.2666577783703309,43.1250069445216,0.0,0.0035709174546383,54.859375,2.0,15.266177810368198,4.304220723024004,0.0,0.0094391877747528,86.69921875,2.0,0.1333333333333333,4.8,0.0,0.0056175673312352,79.83203125,3.0,0.1333333333333333,4.742857142857144,0.0,0.0025872180757777,79.51171875,2.0,29.464875674955003,1.562482336545504,0.0,0.0112952688319709,51.09375,2.0,4.799840010665956,4.842222227434901,0.0,0.0099342128292638,79.73046875,2.0,1.4666488942221432,3.1499749990616897,0.0,0.0034268692834584,52.16015625,2.0,3.266662236740721,4.639011476259342,0.0,0.0037418317774814,137.4296875,2.0,0.0044590156209505,46.3359375,2.0
2026-05-29T10:00:47Z,2.2666666666666666,44.74999999999994,0.0,0.0215303529193512,63.22265625,2.0,5.467102311722236,4.837038416476032,0.0,0.0073200086630983,93.49609375,0.0,0.1333644518536498,44.99999999999999,0.0,0.0035709174546383,54.859375,2.0,14.268013606277758,4.307302814647081,0.0,0.0094854070660525,86.44921875,2.0,0.0666844491864497,4.8,0.0,0.0056175673312352,79.83203125,3.0,0.0666844491864497,4.733336296427988,0.0,0.0025872180757777,79.51171875,2.0,24.268009362452204,1.870629227185488,0.0,0.0112952688319709,51.09375,2.0,4.067000066680002,4.84367818323378,0.0,0.0099342128292638,79.73046875,2.0,1.1335066995624905,3.466684280735704,0.0,0.0034268692834584,52.16015625,2.0,2.667022281492545,4.6415615510917245,0.0,0.003158022868377,137.4296875,2.0,0.0044590156209505,46.3359375,2.0
2026-05-29T10:00:52Z,2.2666666666666666,44.74999999999994,0.0,0.0220714285714297,63.53125,2.0,4.200849061072105,4.8388892518609925,0.0,0.0057860093476377,93.49609375,0.0,0.1333644518536498,44.99999999999999,0.0,0.0033840343098192,54.859375,2.0,13.535595950590334,4.324102807005108,0.0,0.0094854070660525,86.44921875,2.0,0.0666844491864497,4.8,0.0,0.0054927224855184,79.8359375,3.0,0.0666844491864497,4.733336296427988,0.0,0.0026077720323239,79.73828125,2.0,23.601573837715573,2.1044034944532664,0.0,0.0112952688319709,51.09375,2.0,3.400564541943371,7.749999999999945,0.0,0.0507006786017238,85.21484375,2.0,1.1335066995624905,3.466684280735704,0.0,0.0033088065572224,52.16015625,2.0,2.667022281492545,4.6415615510917245,0.0,0.0029337786570027,137.4296875,2.0,0.0044590156209505,46.3359375,2.0
2026-05-29T10:00:57Z,2.800560112022404,88.49999999999991,0.0,0.0220714285714297,63.53125,2.0,4.200849061072105,4.8388892518609925,0.0,0.0071808843949158,93.125,0.0,0.1333644518536498,44.99999999999999,0.0,0.0036080001655491,55.0859375,2.0,13.535595950590334,4.324102807005108,0.0,0.0094231658418535,86.5234375,2.0,0.1333644518536498,4.8,0.0,0.0054927224855184,79.8359375,3.0,0.1333644518536498,4.733333333333333,0.0,0.0026077720323239,79.73828125,2.0,25.271614309823505,2.280390649647723,0.0,0.0114435601067956,51.078125,2.0,3.400564541943371,7.749999999999945,0.0,0.0507006786017238,85.21484375,2.0,1.5335911573421843,3.422226063422606,0.0,0.0033088065572224,52.16015625,2.0,2.667022281492545,4.6415615510917245,0.0,0.0026162289041124,137.4296875,2.0,0.0042400074233881,46.62890625,2.0
2026-05-29T10:01:02Z,2.800560112022404,88.49999999999991,0.0,0.0220714285714297,63.53125,2.0,4.400413416016537,4.839269065541327,0.0,0.0072269363840695,93.125,0.0,0.0,41.24991666111073,0.0,0.0036080001655491,55.0859375,2.0,13.867582344312575,4.349263498729025,0.0,0.0061779170164396,86.5234375,2.0,0.0666800026672001,4.800000000000001,0.0,0.0044835905900449,79.8359375,3.0,0.0666800026672001,4.719998933247993,0.0,0.0026077720323239,79.73828125,2.0,26.069511664701256,2.5909576449366014,0.0,0.0115178547182612,51.078125,2.0,3.466897808596702,65.19209301768997,0.0,0.0507006786017238,85.21484375,2.0,1.466782237631684,3.377764059509843,0.0,0.0033088065572224,52.16015625,2.0,2.8000933395559704,4.649347736175957,0.0,0.0036139991319864,137.1015625,2.0,0.0042400074233881,46.62890625,2.0
2026-05-29T10:01:07Z,2.800560112022404,88.49999999999991,0.0,0.0190053751011507,63.53125,2.0,4.600151121185856,4.842790108439939,0.0,0.0072269363840695,93.125,0.0,0.0,41.24991666111073,0.0,0.0036080001655491,55.0859375,2.0,13.467097806520435,4.369751672299539,0.0,0.0069088065671624,86.5234375,2.0,0.0666800026672001,4.800000000000001,0.0,0.0053792866435916,79.8359375,3.0,0.0666800026672001,4.719998933247993,0.0,0.002505418322923,79.765625,2.0,25.80261385610456,2.8515747742233177,0.0,0.0115178547182612,51.078125,2.0,3.2,81.66666666666666,0.0,0.1137772441586094,85.3828125,2.0,1.466782237631684,3.377764059509843,0.0,0.0033233328818453,52.15625,2.0,2.8000933395559704,4.649347736175957,0.0,0.0036139991319864,137.1015625,2.0,0.0042400074233881,46.62890625,2.0
2026-05-29T10:01:12Z,1.6,195.9999999999997,0.0,0.0219237478606916,63.2109375,2.0,4.600151121185856,4.842790108439939,0.0,0.0072269363840695,93.125,0.0,0.0,41.24991666111073,0.0,0.0030387824474657,55.0859375,2.0,13.467097806520435,4.369751672299539,0.0,0.00746252849079,86.5234375,2.0,0.0,4.800000000000001,0.0,0.0053792866435916,79.8359375,3.0,0.0,4.733333333333333,0.0,0.002505418322923,79.765625,2.0,24.132573383996625,2.9209851567960623,0.0,0.0114375066861603,51.09375,2.0,3.2,81.66666666666666,0.0,0.1137772441586094,85.3828125,2.0,1.0,3.299983054472923,0.0,0.0033233328818453,52.15625,2.0,2.8000933395559704,4.649347736175957,0.0,0.0036139991319864,137.1015625,2.0,0.0033945994419898,46.62890625,2.0
2026-05-29T10:01:17Z,1.6,195.9999999999997,0.0,0.0219237478606916,63.2109375,2.0,4.267075599412544,4.82741131170912,0.0,0.006926240300964,93.140625,0.0,0.1333466681483259,24.25,0.0,0.0027764696179304,55.21484375,2.0,12.334537909052584,4.413470766629244,0.0,0.0088247708115429,86.57421875,2.0,0.0666711114074271,4.800000000000001,0.0,0.0044205632815375,79.8359375,3.0,0.0666711114074271,4.70000222237038,0.0,0.002505418322923,79.765625,2.0,23.667342464022088,3.467991788417532,0.0,0.0081855524310753,51.09375,2.0,3.133555585189137,86.50006333811885,0.0,0.1137772441586094,85.3828125,2.0,1.1334222334829436,3.600034570249817,0.0,0.0033233328818453,52.15625,2.0,2.4001511312619463,4.670429592411964,0.0,0.003687263086905,136.9140625,2.0,0.0041560306575229,46.515625,2.0
2026-05-29T10:01:22Z,1.6,195.9999999999997,0.0,0.0219414783943874,63.4375,2.0,4.133591144893353,4.835294183362636,0.0,0.006926240300964,93.140625,0.0,0.1333466681483259,24.25,0.0,0.0027764696179304,55.21484375,2.0,13.201262357349137,4.464223692311236,0.0,0.0088247708115429,86.57421875,2.0,0.0666711114074271,4.800000000000001,0.0,0.0052007968310988,79.85546875,3.0,0.0666711114074271,4.70000222237038,0.0,0.0023627726335194,79.8203125,2.0,24.13413802817081,3.5832761557550348,0.0,0.0094150422059754,50.83203125,2.0,3.600351149337857,89.86483442622654,0.0,0.1695814500789854,85.3828125,2.0,1.1334222334829436,3.600034570249817,0.0,0.0035704748764964,51.984375,2.0,2.4001511312619463,4.670429592411964,0.0,0.003687263086905,136.9140625,2.0,0.0041560306575229,46.515625,2.0
2026-05-29T10:01:27Z,2.3334888992599505,249.06249999999997,0.0,0.0219414783943874,63.4375,2.0,4.133591144893353,4.835294183362636,0.0,0.006926240300964,93.140625,0.0,0.1333466681483259,24.25,0.0,0.0026943063397097,55.21484375,2.0,13.201262357349137,4.464223692311236,0.0,0.0090201654121366,86.57421875,2.0,0.2000133342222814,4.8,0.0,0.0052007968310988,79.85546875,3.0,0.2666711114074271,4.50000666711114,0.0,0.0023627726335194,79.8203125,2.0,26.670089336355367,3.644310908331643,0.0,0.0119327958335428,50.83203125,2.0,3.600351149337857,89.86483442622654,0.0,0.1824715907924202,85.34765625,2.0,1.7334222334829434,4.066686420718842,0.0,0.0035704748764964,51.984375,2.0,2.4001511312619463,4.670429592411964,0.0,0.003687263086905,136.9140625,2.0,0.0041886441329364,46.76171875,2.0
2026-05-29T10:01:32Z,2.3334888992599505,249.06249999999997,0.0,0.0219414783943874,63.4375,2.0,4.533191120591961,4.833165785707273,0.0,0.0048708613153825,92.86328125,0.0,0.2666577783703309,24.25,0.0,0.0031072056574921,55.41796875,2.0,14.3333911724447,4.472564027883554,0.0,0.0090201654121366,86.57421875,2.0,0.2666755561481876,4.8,0.0,0.0052007968310988,79.85546875,3.0,0.3333333333333333,4.649989999333288,0.0,0.0023627726335194,79.8203125,2.0,28.067866975437514,3.62540906891303,0.0,0.0119327958335428,50.83203125,2.0,3.800004461333353,91.82290205370808,0.0,0.1824715907924202,85.34765625,2.0,1.7999644468146567,4.538459381799505,0.0,0.0035704748764964,51.984375,2.0,2.5999866782221632,4.674283399452422,0.0,0.0022634000000001,136.9140625,2.0,0.0041886441329364,46.76171875,2.0
2026-05-29T10:01:37Z,2.3334888992599505,249.06249999999997,0.0,0.0211052351493403,64.2734375,2.0,4.399857787258627,4.8300971133524175,0.0,0.006403411019346,92.86328125,0.0,0.2666577783703309,24.25,0.0,0.0031072056574921,55.41796875,2.0,13.799115614514587,4.458369088397276,0.0,0.0070335867321812,86.57421875,2.0,0.2666755561481876,4.8,0.0,0.0042836223330805,79.85546875,3.0,0.3333333333333333,4.649989999333288,0.0,0.0023722479144996,79.88671875,2.0,27.667738077955462,3.676630338098295,0.0,0.0101250435580712,50.83203125,2.0,3.3998755638512987,92.63888888888889,0.0,0.2045246351172056,85.34765625,2.0,1.7999644468146567,4.538459381799505,0.0,0.0034465045525694,51.98046875,2.0,2.5999866782221632,4.674283399452422,0.0,0.0030608650036474,136.890625,2.0,0.0042348938572009,46.76171875,2.0
2026-05-29T10:01:42Z,2.2,238.74999999999997,0.0,0.0211052351493403,64.2734375,2.0,4.399857787258627,4.8300971133524175,0.0,0.006403411019346,92.86328125,0.0,0.2666577783703309,24.25,0.0,0.0031337878142309,55.41796875,2.0,13.799115614514587,4.458369088397275,0.0,0.0088249425743948,86.6015625,2.0,0.2,4.799999999999999,0.0,0.0051049518195683,79.8515625,3.0,0.1333333333333333,4.649996666592591,0.0,0.0023722479144996,79.88671875,2.0,25.999213385774283,3.663636253443498,0.0,0.0116330061097,51.046875,2.0,3.3998755638512987,92.63888888888889,0.0,0.2004541966802385,81.6015625,2.0,1.4000044494815012,4.569232767919259,0.0,0.0034465045525694,51.98046875,2.0,2.5999866782221632,4.674283399452422,0.0,0.0037781071646251,136.890625,2.0,0.0042002669378416,46.5078125,2.0
2026-05-29T10:01:47Z,2.2,238.74999999999997,0.0,0.0214608837064449,63.3515625,2.0,4.26696892919056,4.8121209400281,0.0,0.0062773979571073,93.05078125,0.0,0.0,24.25,0.0,0.0031337878142309,55.41796875,2.0,14.667262392312931,4.439077375295137,0.0,0.0087206874574181,86.6015625,2.0,0.0666666666666666,4.8,0.0,0.0051049518195683,79.8515625,3.0,0.0,4.600008889086423,0.0,0.0023722479144996,79.88671875,2.0,24.334737965062008,3.668615553574427,0.0,0.0116330061097,51.046875,2.0,3.133546695114904,92.68867513133712,0.0,0.2004541966802385,81.6015625,2.0,1.0000933431122372,4.666674074238683,0.0,0.0034465045525694,51.98046875,2.0,3.200320035559823,4.670424865549075,0.0,0.0037781071646251,136.890625,2.0,0.0042002669378416,46.5078125,2.0
2026-05-29T10:01:52Z,2.2,238.75000000000023,0.0,0.018470044992676,63.3515625,2.0,4.867315642085612,4.7938462239793305,0.0,0.0062773979571073,93.05078125,0.0,0.0,24.25,0.0,0.0023787799850873,55.41796875,2.0,15.202026936924923,4.418872150831623,0.0,0.0087206874574181,86.6015625,2.0,0.0666666666666666,4.8,0.0,0.0051350085262361,79.8515625,3.0,0.0,4.600008889086423,0.0,0.0023512276669103,79.90625,2.0,24.80180471174468,3.626380860271702,0.0,0.0117250849066948,50.8046875,2.0,3.600613441797574,91.822908515948,0.0,0.1988433707284887,81.6015625,2.0,1.0000933431122372,4.666674074238683,0.0,0.0029127503787879,51.98046875,2.0,3.200320035559823,4.670424865549075,0.0,0.0037781071646251,136.890625,2.0,0.0042002669378416,46.5078125,2.0
2026-05-29T10:01:57Z,3.4004533937858383,824.9999999999985,0.0,0.0221821694295787,63.3515625,2.0,4.867315642085612,4.7938462239793305,0.0,0.0050161434060028,93.05078125,0.0,0.0,24.25,0.0,0.0027034257287111,55.41796875,2.0,15.202026936924923,4.418872150831623,0.0,0.0092267597918372,86.59765625,2.0,0.0666755567408987,4.8,0.0,0.0051350085262361,79.8515625,3.0,0.0666711114074271,4.533339259522645,0.0,0.0023512276669103,79.90625,2.0,30.670889478602483,3.5333256828803736,0.0,0.0118877070212275,50.8046875,2.0,3.600613441797574,91.822908515948,0.0,0.1389564435759643,81.58203125,2.0,1.0001333511134818,4.65,0.0,0.0033906296986828,51.9765625,2.0,3.200320035559823,4.670424865549075,0.0,0.0038685379572239,137.65234375,2.0,0.0029138500000001,46.5078125,2.0
2026-05-29T10:02:02Z,3.4004533937858383,824.9999999999985,0.0,0.0227946788852432,63.35546875,2.0,5.600346712895053,4.794339556779543,0.0,0.0049391335626647,93.05078125,0.0,0.1333333333333333,24.25,0.0,0.0031220099886089,55.46484375,2.0,15.600977908165534,4.372507799153626,0.0,0.0092267597918372,86.59765625,2.0,0.1333422234075654,4.800000000000001,0.0,0.0050710857641496,79.8515625,3.0,0.1333377780740938,4.533333333333333,0.0,0.0023512276669103,79.90625,2.0,35.33615151354047,3.072165176183413,0.0,0.0118877070212275,50.8046875,2.0,4.267066746682669,90.05955744701564,0.0,0.1389564435759643,81.58203125,2.0,1.4667466773347555,4.424986040813408,0.0,0.0033906296986828,51.9765625,2.0,3.4669066986709343,4.643580689600151,0.0,0.0037390590671476,137.65234375,2.0,0.0042778145766117,46.7578125,2.0
2026-05-29T10:02:07Z,3.4004533937858383,824.9999999999985,0.0,0.0227946788852432,63.35546875,2.0,6.066666666666666,4.790990890887555,0.0,0.0066087232128251,93.2265625,0.0,0.1333333333333333,24.25,0.0,0.0031220099886089,55.46484375,2.0,16.4,4.313300530576166,0.0,0.0092352103394758,86.65234375,2.0,0.1333422234075654,4.800000000000001,0.0,0.0051676444043326,79.8515625,3.0,0.1333377780740938,4.533333333333333,0.0,0.0024552126103162,79.546875,2.0,35.735591444190426,2.8975134106260585,0.0,0.0123090111940298,51.046875,2.0,4.666506677332622,87.28569251624658,0.0,0.1040501268846082,81.58203125,2.0,1.4667466773347555,4.424986040813408,0.0,0.0029830234181635,51.9765625,2.0,3.4669066986709343,4.643580689600151,0.0,0.003770340439191,137.65234375,2.0,0.0042778145766117,46.7578125,2.0
2026-05-29T10:02:12Z,2.8,362.49999999999926,0.0,0.0220691243140019,63.35546875,2.0,6.066666666666666,4.790990890887555,0.0,0.0066087232128251,93.2265625,0.0,0.1333333333333333,24.25,0.0,0.0031220099886089,55.46484375,2.0,16.4,4.313300530576166,0.0,0.0092352103394759,86.65234375,2.0,0.0666666666666666,4.8,0.0,0.0051676444043326,79.8515625,3.0,0.0666666666666666,4.66666370350616,0.0,0.0024552126103162,79.546875,2.0,32.66650667733262,2.766932363405549,0.0,0.0121672473018725,51.046875,2.0,4.666506677332622,87.28569251624658,0.0,0.0787809817157088,81.5859375,2.0,1.6666666666666667,3.8999641643833423,0.0,0.0023979779502761,51.9765625,2.0,3.4669066986709343,4.643580689600151,0.0,0.003770340439191,137.65234375,2.0,0.0042778145766117,46.7578125,2.0
2026-05-29T10:02:17Z,2.8,362.49999999999926,0.0,0.0189220671868253,63.35546875,2.0,5.733857881502068,4.791031702964741,0.0,0.00696906128782,93.2265625,0.0,0.1333555594080989,24.25,0.0,0.0027390486674922,55.47265625,2.0,15.86819141309704,4.343011140257273,0.0,0.0068706644118046,86.71875,2.0,0.0666755567408987,4.8,0.0,0.0051676444043326,79.8515625,3.0,0.0666755567408987,4.60000444474076,0.0,0.0024552126103162,79.546875,2.0,31.53596945640664,2.819228988554485,0.0,0.0123547345767572,50.80078125,2.0,4.533600096016359,81.3540147438622,0.0,0.0787809817157088,81.5859375,2.0,1.5334711374865986,2.560060448553368,0.0,0.0031927512036031,51.97265625,2.0,3.266893407123973,4.639033912838919,0.0,0.0039649483290029,137.65234375,2.0,0.0043133903133905,46.7578125,2.0
2026-05-29T10:02:22Z,2.8,362.49999999999926,0.0,0.0240096673550986,58.66796875,2.0,5.734266824916746,4.789333453444092,0.0,0.0070090423345663,93.63671875,0.0,0.1333555594080989,24.25,0.0,0.0027390486674922,55.47265625,2.0,16.86940935326684,4.370929340034172,0.0,0.0077043311486614,86.71875,2.0,0.0666755567408987,4.8,0.0,0.005458283671038,79.87890625,3.0,0.0666755567408987,4.60000444474076,0.0,0.0025301007053817,79.54296875,2.0,31.069720591226748,2.738899340898448,0.0,0.0102211904161733,50.80078125,2.0,4.0673512308364685,69.33341260034315,0.0,0.0787809817157088,81.5859375,2.0,1.5334711374865986,2.560060448553368,0.0,0.0032919769032061,51.97265625,2.0,3.266893407123973,4.639033912838919,0.0,0.0039649483290029,137.65234375,2.0,0.003357453157645,46.7578125,2.0
2026-05-29T10:02:27Z,2.7336978263768508,393.7499999999986,0.0,0.0240096673550986,58.66796875,2.0,5.734266824916746,4.789333453444092,0.0,0.0070090423345663,93.63671875,0.0,0.1333555594080989,24.25,0.0,0.0027390486674922,55.47265625,2.0,16.86940935326684,4.370929340034172,0.0,0.0073902888888874,86.71875,2.0,0.2000266702226963,4.8,0.0,0.005458283671038,79.87890625,3.0,0.2000266702226963,4.75,0.0,0.0025301007053817,79.54296875,2.0,30.871703077780516,2.62522238378988,0.0,0.0097538888888897,50.80078125,2.0,4.0673512308364685,69.33341260034315,0.0,0.0103713999674051,81.58203125,2.0,1.5335778183773838,2.480033780780518,0.0,0.0033423515811457,51.97265625,2.0,3.266893407123973,4.639033912838919,0.0,0.0039702515349579,137.65234375,2.0,0.0031669383966695,46.7578125,2.0
2026-05-29T10:02:32Z,2.7336978263768508,393.7499999999986,0.0,0.0240096673550986,58.66796875,2.0,5.533586731562135,4.789519402486224,0.0,0.0068320322336942,93.63671875,0.0,0.1333288891851654,24.25,0.0,0.0021817222369497,55.07421875,2.0,17.667324644167312,4.402440651423344,0.0,0.0101090594585575,86.8125,2.0,0.2000177801484642,4.8,0.0,0.005458283671038,79.87890625,3.0,0.2000177801484642,4.759998933257476,0.0,0.0025301007053817,79.54296875,2.0,28.40147146107345,2.4743104409252448,0.0,0.0103799948349159,50.80078125,2.0,3.666808930967033,6.750361143212645,0.0,0.0103713999674051,81.58203125,2.0,1.4000755718536102,3.324962218863899,0.0,0.0033423515811457,51.97265625,2.0,3.1334311454846424,4.648834279603891,0.0,0.0039702515349579,137.65234375,2.0,0.0044725806451615,46.52734375,2.0
2026-05-29T10:02:37Z,2.7336978263768508,393.7499999999986,0.0,0.0231305892804265,58.58203125,2.0,4.26651112148079,4.791416309012876,0.0,0.0068320322336942,93.63671875,0.0,0.1333288891851654,24.25,0.0,0.0024415206635461,55.07421875,2.0,14.999871177184612,4.415015953561275,0.0,0.0101090594585575,86.8125,2.0,0.2000177801484642,4.8,0.0,0.0055066122678672,79.875,3.0,0.2000177801484642,4.759998933257476,0.0,0.0022182929072019,79.54296875,2.0,28.00131587795821,2.5286423968402216,0.0,0.0122330427547609,50.8046875,2.0,3.2666533478517925,4.864406779661016,0.0,0.0102313649381973,81.84375,2.0,1.4000755718536102,3.324962218863899,0.0,0.0035065604498596,51.97265625,2.0,3.1334311454846424,4.648834279603891,0.0,0.0039293842252429,137.65234375,2.0,0.0044725806451615,46.52734375,2.0
2026-05-29T10:02:42Z,2.1333333333333333,46.56249999999999,0.0,0.0231305892804265,58.58203125,2.0,4.26651112148079,4.791416309012876,0.0,0.0068320322336942,93.63671875,0.0,0.1333288891851654,24.25,0.0,0.0031175811191565,55.07421875,2.0,14.999871177184612,4.415015953561275,0.0,0.0099207085276756,86.8125,2.0,0.0666666666666666,4.8,0.0,0.0055401942550104,79.875,3.0,0.0666666666666666,4.8,0.0,0.002642196392081,79.578125,2.0,27.666969011556898,2.624323269286585,0.0,0.0122712229183599,50.8046875,2.0,3.2666533478517925,4.864406779661016,0.0,0.0084164646934252,81.84375,2.0,1.1332666711108148,3.3500183337407483,0.0,0.0035065604498596,51.97265625,2.0,3.1334311454846424,4.648834279603891,0.0,0.0039034574648272,137.71484375,2.0,0.0045459701194226,46.78125,2.0
2026-05-29T10:02:47Z,2.1333333333333333,46.56249999999999,0.0,0.0225617684107047,58.58203125,2.0,4.066968929190559,4.790654401659175,0.0,0.006266625594688,93.63671875,0.0,0.0,24.25,0.0,0.0028449634154238,54.46484375,2.0,12.401222356460426,4.417952707326889,0.0,0.0095014236955744,86.8828125,2.0,0.0,4.8,0.0,0.0055401942550104,79.875,3.0,0.0,4.800000000000001,0.0,0.002642196392081,79.578125,2.0,29.4695247541106,2.899999749577413,0.0,0.0122712229183599,50.8046875,2.0,3.533702264597788,4.915153221216152,0.0,0.0098555374149674,81.84375,2.0,1.1333777908160791,3.6444953098601127,0.0,0.0034286667302013,51.73046875,2.0,2.6669378082999904,4.64865446665177,0.0,0.0039034574648272,137.71484375,2.0,0.0045459701194226,46.78125,2.0
2026-05-29T10:02:52Z,2.1333333333333333,46.56249999999999,0.0,0.0214351261686954,58.59765625,2.0,4.800471162672791,4.792195205717434,0.0,0.0064206239499819,93.64453125,0.0,0.0,24.25,0.0,0.0028449634154238,54.46484375,2.0,12.53456457927528,4.457740463841459,0.0,0.0095014236955744,86.8828125,2.0,0.0,4.8,0.0,0.0055288573775446,79.875,3.0,0.0,4.800000000000001,0.0,0.0025921945361759,79.578125,2.0,30.00289364537002,2.908086497615786,0.0,0.0116372883433076,51.03515625,2.0,4.067071155857206,4.91875,0.0,0.0098001012934397,81.58203125,2.0,1.1333777908160791,3.6444953098601127,0.0,0.0034286667302013,51.73046875,2.0,2.6669378082999904,4.64865446665177,0.0,0.0040049084590307,137.7421875,2.0,0.0045459701194226,46.78125,2.0
2026-05-29T10:02:57Z,2.73369782637685,46.75000000000001,0.0,0.0214351261686954,58.59765625,2.0,4.800471162672791,4.792195205717434,0.0,0.0064206239499819,93.64453125,0.0,0.0,24.25,0.0,0.0028449634154238,54.46484375,2.0,12.53456457927528,4.457740463841459,0.0,0.0095601440067772,86.8828125,2.0,0.0666711114074271,4.800000000000001,0.0,0.0055288573775446,79.875,3.0,0.0666666666666666,4.8,0.0,0.0026362073344665,79.625,2.0,30.53525802521757,2.9760203804062737,0.0,0.0116372883433076,51.03515625,2.0,4.067071155857206,4.91875,0.0,0.0097787678598856,81.58203125,2.0,1.266835578077077,3.822236544164671,0.0,0.003370406874673,51.73046875,2.0,2.6669378082999904,4.64865446665177,0.0,0.0040495525200187,137.7421875,2.0,0.0045582577132486,46.53125,2.0
2026-05-29T10:03:02Z,2.73369782637685,46.75000000000001,0.0,0.0164751774736968,58.59765625,2.0,5.133520012445274,4.810679024492278,0.0,0.0066212335867311,93.6484375,0.0,0.2666755561481876,46.87499305532406,0.0,0.003112904212996,54.4609375,2.0,14.600480032002134,4.447447762691436,0.0,0.0099478728295079,86.9609375,2.0,0.2000133342222814,4.8,0.0,0.0055288573775446,79.875,3.0,0.2000088894815209,4.8,0.0,0.0026362073344665,79.625,2.0,29.533502233482235,2.9311382403495845,0.0,0.0116372883433076,51.03515625,2.0,3.866804453630242,4.919494289907784,0.0,0.0097787678598856,81.58203125,2.0,1.5334400130386965,4.08331598653605,0.0,0.003370406874673,51.73046875,2.0,2.933440007111585,4.662330152906399,0.0,0.0040495525200187,137.7421875,2.0,0.0032186143344299,46.53125,2.0
2026-05-29T10:03:07Z,2.73369782637685,46.75000000000001,0.0,0.0196241114586267,58.59765625,2.0,5.00017778963042,4.8106793146183,0.0,0.006436361442876,93.6484375,0.0,0.2666755561481876,46.87499305532406,0.0,0.003112904212996,54.4609375,2.0,16.66670666933351,4.441698872003867,0.0,0.0099406741773962,86.9609375,2.0,0.2000133342222814,4.8,0.0,0.0045575147074655,79.875,3.0,0.2000088894815209,4.8,0.0,0.0026196030736905,79.625,2.0,29.400031113185324,2.9757757344578706,0.0,0.01184811879978,51.3515625,2.0,3.733333333333333,4.950992829341024,0.0,0.0077791728120033,81.58203125,2.0,1.5334400130386965,4.08331598653605,0.0,0.0033606224223468,51.73046875,2.0,2.933440007111585,4.662330152906399,0.0,0.0033178620549769,137.74609375,2.0,0.0034805081352411,46.52734375,2.0
2026-05-29T10:03:12Z,2.533164455702953,204.9999999999988,0.0,0.021072883494562,58.59765625,2.0,5.00017778963042,4.8106793146183,0.0,0.006436361442876,93.6484375,0.0,0.2666755561481876,46.87499305532406,0.0,0.003112904212996,54.4609375,2.0,16.66670666933351,4.441698872003867,0.0,0.0099406741773962,86.9609375,2.0,0.2000088894815209,4.8,0.0,0.0055033834739709,79.875,3.0,0.2000133342222814,4.8,0.0,0.0025999440481187,79.6484375,2.0,26.266697779851988,2.992011971287111,0.0,0.01184811879978,51.3515625,2.0,3.733333333333333,4.950992829341024,0.0,0.0097862562859198,81.5859375,2.0,1.5333511122963752,4.033334691413352,0.0,0.0033606224223468,51.73046875,2.0,2.933440007111585,4.662330152906399,0.0,0.0039879747445534,137.74609375,2.0,0.0038583751775142,46.52734375,2.0
2026-05-29T10:03:17Z,2.533164455702953,204.9999999999988,0.0,0.021072883494562,58.59765625,2.0,5.00050672356243,4.81062859564918,0.0,0.0054245117877106,93.6484375,0.0,0.0,47.5,0.0,0.0030390194608341,54.4609375,2.0,17.401164599724407,4.427712539833841,0.0,0.0096414832134825,87.04296875,2.0,0.0666666666666666,4.8,0.0,0.0055033834739709,79.875,3.0,0.0666711114074271,4.8,0.0,0.0025999440481187,79.6484375,2.0,26.201644663732942,3.093978641489472,0.0,0.0105601683340848,51.55859375,2.0,3.8002489220785,4.924183504383151,0.0,0.0097862562859198,81.5859375,2.0,1.2667466773347558,3.7778192601810914,0.0,0.003312609238452,51.73046875,2.0,3.26688891852247,4.661543668906097,0.0,0.0039879747445534,137.74609375,2.0,0.0045896258190947,46.53515625,2.0
2026-05-29T10:03:22Z,2.533164455702953,204.9999999999988,0.0,0.0218512715665626,58.59765625,2.0,5.334044539271903,4.807766990291261,0.0,0.0066039841313617,93.6484375,0.0,0.0,47.5,0.0,0.0024117785066991,54.4609375,2.0,16.669418250454555,4.413215859030836,0.0,0.0096414832134825,87.04296875,2.0,0.0666666666666666,4.8,0.0,0.0056397173207701,79.90625,3.0,0.0666711114074271,4.8,0.0,0.0026459389693002,79.68359375,2.0,26.06855136240388,2.9041889052784704,0.0,0.012541188386227,51.55859375,2.0,3.667155620749434,4.892683492013331,0.0,0.0097862562859198,81.5859375,2.0,1.2667466773347558,3.7778192601810914,0.0,0.0032171424295706,51.72265625,2.0,3.26688891852247,4.661543668906097,0.0,0.0033505634478823,137.74609375,2.0,0.0045896258190947,46.53515625,2.0
2026-05-29T10:03:27Z,2.667200106688004,46.42857142857137,0.0,0.0218512715665626,58.59765625,2.0,5.334044539271903,4.807766990291261,0.0,0.0066039841313617,93.6484375,0.0,0.0,47.5,0.0,0.0029832604854463,54.46484375,2.0,16.669418250454555,4.413215859030836,0.0,0.0096414832134825,87.04296875,2.0,0.0666755567408987,4.8,0.0,0.0056397173207701,79.90625,3.0,0.1333511134817975,4.760000355584001,0.0,0.0026459389693002,79.68359375,2.0,29.13721829577277,2.838054121616437,0.0,0.012541188386227,51.55859375,2.0,3.667155620749434,4.892683492013331,0.0,0.009758226343781,81.58203125,2.0,1.4668622482997733,3.622222222222221,0.0,0.0031825426188912,51.72265625,2.0,3.26688891852247,4.661543668906097,0.0,0.0038795908678952,137.8359375,2.0,0.0045896258190947,46.53515625,2.0
2026-05-29T10:03:32Z,2.667200106688004,46.42857142857137,0.0,0.0218512715665626,58.59765625,2.0,5.2003644930435176,4.807305333876577,0.0,0.0052862356838771,93.6640625,0.0,0.2666666666666666,44.99999999999999,0.0,0.0032513290967093,54.46484375,2.0,17.601586984063477,4.399993341874394,0.0,0.0085385045820017,87.04296875,2.0,0.2000088900742321,4.799999999999999,0.0,0.0056397173207701,79.90625,3.0,0.2666844468151309,4.771428571428571,0.0,0.0026459389693002,79.68359375,2.0,28.13557363203983,2.601797013153173,0.0,0.0119647419973038,51.86328125,2.0,3.4002400320042674,4.844705876508711,0.0,0.009758226343781,81.58203125,2.0,1.733448904298351,3.224966524867801,0.0,0.0031825426188912,51.72265625,2.0,2.5334933546695115,4.647997086628358,0.0,0.0038795908678952,137.8359375,2.0,0.0038208338122604,46.53515625,2.0
2026-05-29T10:03:37Z,2.667200106688004,46.42857142857137,0.0,0.0232765473054285,58.59765625,2.0,4.800000000000001,4.805429542192789,0.0,0.0064826877352882,93.6640625,0.0,0.2666666666666666,44.99999999999999,0.0,0.0032513290967093,54.46484375,2.0,19.399351154367487,4.353278927200761,0.0,0.0102852656540411,87.1640625,2.0,0.2000088900742321,4.799999999999999,0.0,0.0057068399771372,79.90625,3.0,0.2666844468151309,4.771428571428571,0.0,0.0022497684072912,79.68359375,2.0,28.068666933368892,2.4792463653260053,0.0,0.0105603887012269,51.86328125,2.0,3.333333333333333,4.846625766871165,0.0,0.0097970497781881,81.58203125,2.0,1.733448904298351,3.224966524867801,0.0,0.0031825426188912,51.72265625,2.0,2.5334933546695115,4.647997086628358,0.0,0.0038795908678952,137.8359375,2.0,0.0034413272803857,46.53515625,2.0
2026-05-29T10:03:42Z,3.333333333333333,49.72222222222221,0.0,0.0232406310811676,58.7578125,2.0,4.800000000000001,4.805429542192789,0.0,0.0064826877352882,93.6640625,0.0,0.2666666666666666,44.99999999999999,0.0,0.003073320835464,54.47265625,2.0,19.399351154367487,4.353278927200761,0.0,0.0102852656540411,87.1640625,2.0,0.2666755561481876,4.800000000000001,0.0,0.0057068399771372,79.90625,3.0,0.2,4.733333333333333,0.0,0.002609877780961,79.55859375,2.0,28.933333333333334,2.501924165505797,0.0,0.0121490450825012,51.86328125,2.0,3.333333333333333,4.846625766871165,0.0,0.0095764973958339,81.58203125,2.0,1.7333911149632195,3.1499847212885217,0.0,0.0033017780364616,51.7265625,2.0,2.5334933546695115,4.647997086628358,0.0,0.0038434852846757,137.8671875,2.0,0.0023805500000001,46.53515625,2.0
2026-05-29T10:03:47Z,3.333333333333333,49.72222222222221,0.0,0.0232406310811676,58.7578125,2.0,5.666888903704692,4.788235294117648,0.0,0.0053923356731446,93.6640625,0.0,0.3333555570371358,24.25,0.0,0.0027633968862818,54.47265625,2.0,19.39999564177776,4.306612289044901,0.0,0.0102956249300659,87.25,2.0,0.3333555570371358,4.800000000000001,0.0,0.0057399397516931,79.90625,3.0,0.2666800008889481,4.733333333333333,0.0,0.002609877780961,79.55859375,2.0,33.867751183412224,2.2702301251174397,0.0,0.0127853270169491,51.61328125,2.0,4.133493344000711,4.823456523042357,0.0,0.0095764973958339,81.58203125,2.0,1.8667911194079605,2.120000000000002,0.0,0.0032813687142972,51.7265625,2.0,4.00026668444563,4.616666666666666,0.0,0.0038434852846757,137.8671875,2.0,0.0044968882995788,46.5859375,2.0
2026-05-29T10:03:52Z,3.333333333333333,49.72222222222221,0.0,0.0191559809905982,58.7578125,2.0,7.000711191120791,4.786783988292378,0.0,0.0070514665077179,93.84375,0.0,0.3333555570371358,24.25,0.0,0.0027633968862818,54.47265625,2.0,20.135373562398048,4.250920330172056,0.0,0.0102956249300659,87.25,2.0,0.3333555570371358,4.800000000000001,0.0,0.0049096201518239,79.90625,3.0,0.2666800008889481,4.733333333333333,0.0,0.002609877780961,79.55859375,2.0,34.80144011971485,2.020727596024262,0.0,0.0124917395306014,51.61328125,2.0,5.06718228030333,4.8,0.0,0.0085961785916813,81.58984375,2.0,1.8667911194079605,2.120000000000002,0.0,0.0032813687142972,51.7265625,2.0,4.00026668444563,4.616666666666666,0.0,0.0038552007786256,137.8671875,2.0,0.0044968882995788,46.5859375,2.0
2026-05-29T10:03:57Z,3.200213347556504,46.24999999999994,0.0,0.0189467990407422,58.7578125,2.0,7.000711191120791,4.786783988292378,0.0,0.0070514665077179,93.84375,0.0,0.3333555570371358,24.25,0.0,0.0031192762464227,54.47265625,2.0,20.135373562398048,4.250920330172056,0.0,0.0102956249300659,87.25,2.0,0.3333555570371358,4.799999999999999,0.0,0.0058756017161987,79.90625,3.0,0.333364447704079,4.639997155315337,0.0,0.0026228648226824,79.60546875,2.0,38.204009351167926,1.8853683891161868,0.0,0.0124917395306014,51.61328125,2.0,5.06718228030333,4.8,0.0,0.010065881117124,81.58984375,2.0,1.933462230815388,2.039964441283661,0.0,0.0034598075261686,51.73828125,2.0,4.00026668444563,4.616666666666666,0.0,0.0039571624258021,137.875,2.0,0.004564422574704,46.5859375,2.0
2026-05-29T10:04:02Z,3.200213347556504,46.24999999999994,0.0,0.0239519802080567,59.0703125,2.0,6.067315631416811,4.787654018393221,0.0,0.0064568432939019,93.84375,0.0,0.0666711114074271,24.25,0.0,0.002431705404565,54.47265625,2.0,19.335320225508923,4.293051059596893,0.0,0.008830523273956,87.25,2.0,0.1333422228148543,4.800000000000001,0.0,0.0049775812783412,79.90625,3.0,0.1333511134817975,4.6666617279926506,0.0,0.0026228648226824,79.60546875,2.0,34.870453780796566,2.1261684319999627,0.0,0.0124917395306014,51.61328125,2.0,4.533813389043912,4.840859306988447,0.0,0.010065881117124,81.58984375,2.0,1.6667777851856789,3.199960490315188,0.0,0.0034598075261686,51.73828125,2.0,2.80008889481521,4.599995673786942,0.0,0.0039571624258021,137.875,2.0,0.004564422574704,46.5859375,2.0
2026-05-29T10:04:07Z,3.200213347556504,46.24999999999994,0.0,0.0239519802080567,59.0703125,2.0,4.333364463703842,4.787654472279309,0.0,0.0074361027413135,93.92578125,0.0,0.0666711114074271,24.25,0.0,0.0027051089039876,54.47265625,2.0,17.26725781718781,4.316867200664837,0.0,0.007935545365936,87.25,2.0,0.1333422228148543,4.800000000000001,0.0,0.0044879478019913,79.90625,3.0,0.1333511134817975,4.6666617279926506,0.0,0.0026228648226824,79.60546875,2.0,33.67000040656759,2.364223301308501,0.0,0.0121044226044223,51.87890625,2.0,3.333360014814933,4.862983639361447,0.0,0.0097386765746619,81.58203125,2.0,1.6667777851856789,3.199960490315188,0.0,0.003696724351051,51.73828125,2.0,2.80008889481521,4.599995673786942,0.0,0.0035174870990282,137.875,2.0,0.0044717039800995,46.5859375,2.0
2026-05-29T10:04:12Z,2.6666666666666665,362.499999999993,0.0,0.0243321752347855,59.0703125,2.0,4.333364463703842,4.787654472279309,0.0,0.0074361027413135,93.92578125,0.0,0.0666711114074271,24.25,0.0,0.0035250081270605,54.59765625,2.0,17.26725781718781,4.316867200664837,0.0,0.007040567457916,87.25,2.0,0.1333422228148543,4.8,0.0,0.0039397108981142,79.90625,3.0,0.1333333333333333,4.714285714285714,0.0,0.0025660843804269,79.6328125,2.0,27.334097841781176,2.412603226033779,0.0,0.0121044226044223,51.87890625,2.0,3.333360014814933,4.862983639361447,0.0,0.0097928005250663,81.58203125,2.0,1.533382225481699,3.266666666666665,0.0,0.0035970735479673,51.72265625,2.0,2.80008889481521,4.599995673786942,0.0,0.0040994429273617,137.87890625,2.0,0.0045124306145697,46.91015625,2.0
2026-05-29T10:04:17Z,2.6666666666666665,362.499999999993,0.0,0.0233077410104102,59.07421875,2.0,4.466706686518696,4.787342076009806,0.0,0.0074361027413135,93.92578125,0.0,0.2666844456297086,24.25,0.0,0.0035250081270605,54.59765625,2.0,17.467271151410095,4.322056234802682,0.0,0.0114493386665368,87.44140625,2.0,0.2666844456297086,4.8,0.0,0.005649276480094,79.9140625,3.0,0.2666755561481876,4.714287074899042,0.0,0.0025660843804269,79.6328125,2.0,26.000675613632637,2.3981550419673248,0.0,0.0128885267668536,51.87890625,2.0,3.2000177920000787,4.864407248682835,0.0,0.0097928005250663,81.58203125,2.0,1.600053336889126,3.654560404704853,0.0,0.0035970735479673,51.72265625,2.0,2.866857790519368,4.629633182096408,0.0,0.0040994429273617,137.87890625,2.0,0.0045478548970555,46.91015625,2.0
2026-05-29T10:04:22Z,2.6666666666666665,362.499999999993,0.0,0.0233690700275519,59.07421875,2.0,5.533902286822677,4.789121338912134,0.0,0.0077890921074312,93.92578125,0.0,0.2666844456297086,24.25,0.0,0.0035250081270605,54.59765625,2.0,19.601306753783582,4.336964980544746,0.0,0.0114493386665368,87.44140625,2.0,0.2666844456297086,4.8,0.0,0.0056617213070768,79.9140625,3.0,0.2666755561481876,4.714287074899042,0.0,0.0025326394006385,79.6328125,2.0,26.73440009067532,2.5758867259132785,0.0,0.0124238137156267,51.625,2.0,3.933742269042766,4.864044943820224,0.0,0.0080270497815021,81.58203125,2.0,1.600053336889126,3.654560404704853,0.0,0.0036345521377448,51.72265625,2.0,2.866857790519368,4.629633182096408,0.0,0.0040994429273617,137.87890625,2.0,0.0045478548970555,46.91015625,2.0
2026-05-29T10:04:27Z,3.000200013334222,837.5000000000002,0.0,0.0233690700275519,59.07421875,2.0,5.533902286822677,4.789121338912134,0.0,0.007891301869585,93.9375,0.0,0.2666844456297086,24.25,0.0,0.0032041394651114,54.59765625,2.0,19.601306753783582,4.336964980544746,0.0,0.0114493386665368,87.44140625,2.0,0.3333555570371358,4.8,0.0,0.0058170536347961,79.89453125,3.0,0.3333555570371358,4.7333333333333325,0.0,0.0025648419962007,79.66015625,2.0,28.93641813752601,2.4706627403947445,0.0,0.0124238137156267,51.625,2.0,3.933742269042766,4.864044943820224,0.0,0.0103677143729001,81.58203125,2.0,1.8001200080005333,3.563653334087575,0.0,0.0030195556281039,51.72265625,2.0,2.866857790519368,4.629633182096408,0.0,0.0041301399729642,138.05859375,2.0,0.0045832000399878,46.96875,2.0
2026-05-29T10:04:32Z,3.000200013334222,837.5000000000002,0.0,0.0233690700275519,59.07421875,2.0,6.333511179265384,4.7894306365138615,0.0,0.0075432861663382,93.9375,0.0,0.3999733351109926,41.87499999999999,0.0,0.0041154193328383,54.55859375,2.0,21.99993787555528,4.360136951622621,0.0,0.0114493386665368,87.44140625,2.0,0.4000000017777778,4.8,0.0,0.0058170536347961,79.89453125,3.0,0.4000000017777778,4.739998399921774,0.0,0.0025648419962007,79.66015625,2.0,32.8012803769254,2.6189943366657995,0.0,0.0114249674054784,51.625,2.0,4.400146715560119,4.88397699835536,0.0,0.0103677143729001,81.58203125,2.0,1.8666755638518917,3.4908921204578798,0.0,0.0036224538893344,51.72265625,2.0,3.799986683555496,4.655811121809234,0.0,0.0041301399729642,138.05859375,2.0,0.0045832000399878,46.96875,2.0
2026-05-29T10:04:37Z,3.000200013334222,837.5000000000002,0.0,0.0235604336335696,59.21484375,2.0,6.1331111259249385,4.791164658634538,0.0,0.0074508007600434,93.953125,0.0,0.3999733351109926,41.87499999999999,0.0,0.0041154193328383,54.55859375,2.0,20.93256893984845,4.38101694915254,0.0,0.0115080328949679,87.44140625,2.0,0.4000000017777778,4.8,0.0,0.0057971781305119,79.89453125,3.0,0.4000000017777778,4.739998399921774,0.0,0.0025648419962007,79.66015625,2.0,31.867653671142406,2.723592108424003,0.0,0.0091641567720576,51.625,2.0,3.466520009777126,4.911111111111111,0.0,0.0103677143729001,81.58203125,2.0,1.8666755638518917,3.4908921204578798,0.0,0.0036224538893344,51.72265625,2.0,3.799986683555496,4.655811121809234,0.0,0.0040312119914346,138.05859375,2.0,0.0045832000399878,46.96875,2.0
2026-05-29T10:04:42Z,2.2666666666666666,487.499999999998,0.0,0.0225838101884199,59.21484375,2.0,6.1331111259249385,4.791164658634538,0.0,0.0074508007600434,93.953125,0.0,0.3999733351109926,41.87499999999999,0.0,0.0038020290896031,54.67578125,2.0,20.93256893984845,4.38101694915254,0.0,0.0109391755799431,87.61328125,2.0,0.1999866675554963,4.8,0.0,0.0057971781305119,79.89453125,3.0,0.1999866675554963,4.78,0.0,0.0025672228097818,79.60546875,2.0,29.664773459547146,2.939534883720931,0.0,0.0114825115471161,51.640625,2.0,3.466520009777126,4.911111111111111,0.0,0.0097927053159802,81.7421875,2.0,1.1999422260738173,3.6909090909090887,0.0,0.003509510717091,51.72265625,2.0,3.799986683555496,4.655811121809234,0.0,0.0039827323756065,138.05859375,2.0,0.0045246332641169,46.7421875,2.0
2026-05-29T10:04:47Z,2.2666666666666666,487.499999999998,0.0,0.0225838101884199,59.21484375,2.0,4.667040074681603,4.790393218207741,0.0,0.0074508007600434,93.953125,0.0,0.0,43.75,0.0,0.0038020290896031,54.67578125,2.0,15.801266920050676,4.35834058526893,0.0,0.0103694088207696,87.61328125,2.0,0.0,4.8,0.0,0.0038208474609773,79.89453125,3.0,0.0,4.777778052135007,0.0,0.0025672228097818,79.60546875,2.0,23.00089818732584,2.8321612443219357,0.0,0.01148495196203,51.640625,2.0,2.666946722677869,4.921795447830572,0.0,0.0097927053159802,81.7421875,2.0,0.6000533440021337,3.425026875652988,0.0,0.0033647296159196,51.72265625,2.0,3.0002800560112024,4.672095336931096,0.0,0.0039827323756065,138.05859375,2.0,0.0032192106480406,46.7421875,2.0
2026-05-29T10:04:52Z,2.2666666666666666,487.499999999998,0.0,0.0225838101884199,59.21484375,2.0,3.800631220167668,4.792825022727577,0.0,0.007260709370977,94.03125,0.0,0.0,43.75,0.0,0.0038020290896031,54.67578125,2.0,13.735587051623776,4.355199968140783,0.0,0.0103694088207696,87.61328125,2.0,0.0,4.8,0.0,0.0042898875489921,79.89453125,3.0,0.0,4.777778052135007,0.0,0.0025672228097818,79.60546875,2.0,23.401120439181646,2.743984229830441,0.0,0.01148495196203,51.640625,2.0,3.067168974533672,4.901332800353449,0.0,0.010206458545727,81.7421875,2.0,0.6000533440021337,3.425026875652988,0.0,0.0033647296159196,51.72265625,2.0,3.0002800560112024,4.672095336931096,0.0,0.0040735434218143,138.0625,2.0,0.0035943641138799,46.7421875,2.0
2026-05-29T10:04:57Z,2.133617815708761,1062.5000000000011,0.0,0.0219256522785762,59.37109375,2.0,3.800631220167668,4.792825022727577,0.0,0.007260709370977,94.03125,0.0,0.0,43.75,0.0,0.0035758573264493,54.76171875,2.0,13.735587051623776,4.355199968140783,0.0,0.010436636031726,87.9296875,2.0,0.0666711114074271,4.8,0.0,0.0047589276370069,79.89453125,3.0,0.0666755567408987,4.774999652757522,0.0,0.0027064703353393,79.62109375,2.0,20.4033072249868,2.8036474536525144,0.0,0.0109206605238207,51.66796875,2.0,3.067168974533672,4.901332800353449,0.0,0.010206458545727,81.7421875,2.0,0.6667733511141931,3.474992846844693,0.0,0.0033450800781819,51.72265625,2.0,3.0002800560112024,4.672095336931096,0.0,0.0041199063107182,138.0625,2.0,0.0045059303603055,46.75390625,2.0
2026-05-29T10:05:02Z,2.133617815708761,1062.5000000000011,0.0,0.0223144518630163,59.37109375,2.0,3.933591145486065,4.792557968764816,0.0,0.007260709370977,94.03125,0.0,0.1333333333333333,45.0,0.0,0.0035758573264493,54.76171875,2.0,16.467653464906434,4.342144867365382,0.0,0.010436636031726,87.9296875,2.0,0.1333377780740938,4.8,0.0,0.0055774982849299,79.9140625,3.0,0.1333422234075654,4.771427845770432,0.0,0.0027064703353393,79.62109375,2.0,19.934880206249723,2.854205839399973,0.0,0.0109206605238207,51.66796875,2.0,2.9335555851891364,4.907040997073672,0.0,0.0095178731651294,81.7421875,2.0,0.933386673778726,3.428553105292212,0.0,0.0033450800781819,51.72265625,2.0,3.0003067280122693,4.664280687421091,0.0,0.0035342501844654,138.0625,2.0,0.0045059303603055,46.75390625,2.0
2026-05-29T10:05:07Z,2.133617815708761,1062.5000000000011,0.0,0.0223144518630163,59.37109375,2.0,4.133333333333334,4.794258368321735,0.0,0.0055384764860851,94.0390625,0.0,0.1333333333333333,45.0,0.0,0.0033570109905278,54.76953125,2.0,17.533333333333335,4.339419151416436,0.0,0.0099947149867862,87.74609375,2.0,0.1333377780740938,4.8,0.0,0.0055774982849299,79.9140625,3.0,0.1333422234075654,4.771427845770432,0.0,0.0027064703353393,79.62109375,2.0,19.867991287727254,2.841486186536798,0.0,0.0107348599491747,51.66796875,2.0,2.8666666666666667,4.938686131386861,0.0,0.009031617370766,81.7421875,2.0,0.933386673778726,3.428553105292212,0.0,0.0025056182947285,51.72265625,2.0,3.0003067280122693,4.664280687421091,0.0,0.0031909246585722,138.0625,2.0,0.0045059303603055,46.75390625,2.0
2026-05-29T10:05:12Z,2.7333333333333334,77.49999999999966,0.0,0.0218491419295001,59.7109375,2.0,4.133333333333334,4.794258368321735,0.0,0.0065106419206538,94.0390625,0.0,0.1333333333333333,45.0,0.0,0.0024283063553013,54.76953125,2.0,17.533333333333335,4.339419151416436,0.0,0.0099947149867862,87.74609375,2.0,0.2,4.8,0.0,0.0055119695521068,79.9140625,3.0,0.2000088894815209,4.800000000000001,0.0,0.0027339438339437,79.62109375,2.0,23.666666666666668,3.00379212417236,0.0,0.010936801903812,51.94921875,2.0,2.8666666666666667,4.938686131386861,0.0,0.009031617370766,81.7421875,2.0,1.600071115852168,3.6571303392255055,0.0,0.00197345601116,51.72265625,2.0,3.0003067280122693,4.664280687421091,0.0,0.0027620009431341,138.0625,2.0,0.0044517384687427,46.75390625,2.0
2026-05-29T10:05:17Z,2.7333333333333334,77.49999999999966,0.0,0.0206449447800348,59.7109375,2.0,4.866884466076939,4.794029985405597,0.0,0.0065106419206538,94.0390625,0.0,0.2667022281492545,24.25,0.0,0.0028450417482734,54.76953125,2.0,15.467168929485611,4.344745539627591,0.0,0.0065990352327474,87.74609375,2.0,0.2666933386677335,4.8,0.0,0.0052884974142205,79.9140625,3.0,0.2667022281492545,4.8,0.0,0.0026242794372556,79.84765625,2.0,28.067533394671464,2.868788633877382,0.0,0.010936801903812,51.94921875,2.0,3.600133342222815,4.9407413894657,0.0,0.009031617370766,81.7421875,2.0,2.0668400186693336,3.825011597960113,0.0,0.0033195748049302,51.72265625,2.0,2.4666800109630223,4.645339291164296,0.0,0.0038940998487146,137.94921875,2.0,0.0044765757040584,46.75390625,2.0
2026-05-29T10:05:22Z,2.7333333333333334,77.49999999999966,0.0,0.0206449447800348,59.7109375,2.0,5.467066700448119,4.794845422827043,0.0,0.005292482732183,94.0390625,0.0,0.2667022281492545,24.25,0.0,0.0023958728793709,54.76953125,2.0,13.200915623709667,4.3644903274644165,0.0,0.0057790249999982,87.74609375,2.0,0.2666933386677335,4.8,0.0,0.0055092139698588,79.91796875,3.0,0.2667022281492545,4.8,0.0,0.0026242794372556,79.84765625,2.0,28.400995625486853,2.906172152554597,0.0,0.010087734734992,51.94140625,2.0,3.9335955730382026,4.909353169256557,0.0,0.0071680183897865,81.7421875,2.0,2.0668400186693336,3.825011597960113,0.0,0.0033195748049302,51.72265625,2.0,2.4666800109630223,4.645339291164296,0.0,0.0038940998487146,137.94921875,2.0,0.0044765757040584,46.75390625,2.0
2026-05-29T10:05:27Z,2.3336444859314573,84.99999999999909,0.0,0.0206019081526487,59.36328125,2.0,5.467066700448119,4.794845422827043,0.0,0.0065147031814378,94.015625,0.0,0.2667022281492545,24.25,0.0,0.0030718209881926,54.78125,2.0,13.200915623709667,4.3644903274644165,0.0,0.0096557212067307,87.84765625,2.0,0.2000400080016003,4.8,0.0,0.0047943261121257,79.91796875,3.0,0.2000311167418273,4.8,0.0,0.0026369897797242,79.84765625,2.0,26.135858051588112,2.758749662385685,0.0,0.010087734734992,51.94140625,2.0,3.9335955730382026,4.909353169256557,0.0,0.0059024591802578,81.7421875,2.0,1.5334711274099164,3.675000347259844,0.0,0.0032472670103472,51.7265625,2.0,2.4666800109630223,4.645339291164296,0.0,0.0039702422705447,137.94921875,2.0,0.004518950083447,46.75390625,2.0
2026-05-29T10:05:32Z,2.3336444859314573,84.99999999999909,0.0,0.0206019081526487,59.36328125,2.0,4.866840012741511,4.794974762136148,0.0,0.0065147031814378,94.015625,0.0,0.1333288891851654,24.25,0.0,0.0032060602018585,54.78125,2.0,13.867071139261055,4.368460480646919,0.0,0.0096557212067307,87.84765625,2.0,0.1333422251856988,4.8,0.0,0.0056663451512001,79.91796875,3.0,0.1333333339259259,4.8,0.0,0.0025789941425976,80.125,2.0,23.00165354610181,2.6757474549022184,0.0,0.010087734734992,51.94140625,2.0,3.4001288974820545,4.8531468448874575,0.0,0.0089980858456599,81.74609375,2.0,1.1333600029630817,3.3428058912905474,0.0,0.0033325358242765,51.7265625,2.0,2.8000977842967307,4.639993498004001,0.0,0.0040503485670022,137.96875,2.0,0.004518950083447,46.75390625,2.0
2026-05-29T10:05:37Z,2.3336444859314573,84.99999999999909,0.0,0.0205866804953176,59.36328125,2.0,4.533324445036998,4.796059116751885,0.0,0.0071016994217091,96.6015625,0.0,0.1333288891851654,24.25,0.0,0.0032060602018585,54.78125,2.0,16.999991111703665,4.36754401192489,0.0,0.0096557212067307,87.84765625,2.0,0.1333422251856988,4.8,0.0,0.0056512781733002,79.9140625,3.0,0.1333333339259259,4.8,0.0,0.0025789941425976,80.125,2.0,23.00165354610181,2.803908022978523,0.0,0.0085449558147018,51.94140625,2.0,3.4001288974820545,4.851351328219352,0.0,0.0089980858456599,81.74609375,2.0,1.1333600029630817,3.3428058912905474,0.0,0.0033059521899562,51.7265625,2.0,2.8000977842967307,4.639993498004001,0.0,0.0039547656377978,137.96875,2.0,0.0034614969349617,46.75390625,2.0
2026-05-29T10:05:42Z,2.866857790519368,574.9999999999985,0.0,0.0223107989464473,59.484375,2.0,4.533324445036998,4.796059116751885,0.0,0.0071016994217091,96.6015625,0.0,0.1333288891851654,24.25,0.0,0.003164348610722,54.78125,2.0,16.999991111703665,4.36754401192489,0.0,0.0098026769327177,87.921875,2.0,0.1333244450369975,4.8,0.0,0.0056512781733002,79.9140625,3.0,0.1333288891851654,4.771428571428571,0.0,0.0024454070801544,80.125,2.0,28.466791120000558,2.634685239646632,0.0,0.0114507386970447,51.95703125,2.0,3.4001288974820545,4.851351328219352,0.0,0.0095181627663298,81.74609375,2.0,1.399991111703664,3.114264398213253,0.0,0.0033059521899562,51.7265625,2.0,2.8000977842967307,4.639993498004001,0.0,0.0039547656377978,137.96875,2.0,0.0031632042277328,46.75390625,2.0
2026-05-29T10:05:47Z,2.866857790519368,574.9999999999985,0.0,0.0223107989464473,59.484375,2.0,6.200506734231231,4.812727673477298,0.0,0.0071016994217091,96.6015625,0.0,0.4000533404453927,24.25,0.0,0.0033335609622849,54.7890625,2.0,19.13464017424545,4.414762050622583,0.0,0.0098026769327177,87.921875,2.0,0.2666888927411951,4.8,0.0,0.0057160509425377,79.9140625,3.0,0.266693336889363,4.777778436253012,0.0,0.0024454070801544,80.125,2.0,37.469275894859486,2.6317850138606493,0.0,0.0114507386970447,51.95703125,2.0,4.667160057192238,4.870370592401585,0.0,0.0104927963935494,81.76171875,2.0,2.0001600213361783,3.750017778650249,0.0,0.001619325,51.7265625,2.0,3.800257812152732,4.6246684231434845,0.0,0.0039547656377978,137.96875,2.0,0.0047391766155416,46.765625,2.0
2026-05-29T10:05:52Z,2.866857790519368,574.9999999999985,0.0,0.0223107989464473,59.484375,2.0,7.401226878260037,4.8232364161086405,0.0,0.0077133978060715,94.80078125,0.0,0.4000533404453927,24.25,0.0,0.0033335609622849,54.7890625,2.0,19.60326723299054,4.429130420212565,0.0,0.0098026769327177,87.921875,2.0,0.2666888927411951,4.8,0.0,0.0057258279660046,79.9140625,3.0,0.266693336889363,4.777778436253012,0.0,0.0019490913348447,80.125,2.0,37.73610703649376,2.78452359911567,0.0,0.0120836929716404,51.9609375,2.0,4.93399119882651,4.841988455340694,0.0,0.0104927963935494,81.76171875,2.0,2.0001600213361783,3.750017778650249,0.0,0.002588777745351,51.7265625,2.0,3.800257812152732,4.6246684231434845,0.0,0.0033972008760536,137.97265625,2.0,0.0047391766155416,46.765625,2.0
2026-05-29T10:05:57Z,3.267102280304041,47.08333333333333,0.0,0.0237811730327678,59.6484375,2.0,7.401226878260037,4.8232364161086405,0.0,0.0077133978060715,94.80078125,0.0,0.4000533404453927,24.25,0.0,0.0035829149733045,54.7890625,2.0,19.60326723299054,4.429130420212565,0.0,0.0105990888382702,88.0390625,2.0,0.4000533404453927,4.8,0.0,0.0057258279660046,79.9140625,3.0,0.4000400044449779,4.755556872506025,0.0,0.0017800873417025,80.125,2.0,37.20496066142152,2.73166063409423,0.0,0.0123867680166535,51.9609375,2.0,4.93399119882651,4.841988455340694,0.0,0.0104927963935494,81.76171875,2.0,2.2002933724496603,3.6166724696086328,0.0,0.0028676146667175,51.7265625,2.0,3.800257812152732,4.6246684231434845,0.0,0.004240317299006,137.97265625,2.0,0.0048793688556133,46.765625,2.0
2026-05-29T10:06:02Z,3.267102280304041,47.08333333333333,0.0,0.0237811730327678,59.6484375,2.0,6.000720144028806,4.823045148558287,0.0,0.0077133978060715,94.80078125,0.0,0.1333333333333333,24.25,0.0,0.0035829149733045,54.7890625,2.0,17.535293725411748,4.413326441286044,0.0,0.0105990888382702,88.0390625,2.0,0.266693336889363,4.799999999999999,0.0,0.0058488522238162,79.9140625,3.0,0.2666800008889481,7.499972220987594,0.0,0.0026253204628038,80.30078125,2.0,30.002480330710764,2.801585995259737,0.0,0.0123867680166535,51.9609375,2.0,3.933626705782993,4.841757262746377,0.0,0.0073988995156868,81.734375,2.0,1.600133351113482,3.4399749317596986,0.0,0.0033460430563982,51.7265625,2.0,3.000293392011736,4.6210449916396215,0.0,0.004240317299006,137.97265625,2.0,0.004733907493018,47.0078125,2.0
2026-05-29T10:06:07Z,3.267102280304041,47.08333333333333,0.0,0.0237811730327678,59.6484375,2.0,4.866502233184455,4.8235294337347865,0.0,0.005107825,94.80078125,0.0,0.1333333333333333,24.25,0.0,0.00278978164696,54.7890625,2.0,15.266666666666666,4.409335018062139,0.0,0.0093015308241977,88.0390625,2.0,0.266693336889363,4.799999999999999,0.0,0.0056418248452793,79.9140625,3.0,0.2666800008889481,7.499972220987598,0.0,0.0026253204628038,80.30078125,2.0,29.802186958261103,2.700807832076613,0.0,0.0122552032823564,52.23046875,2.0,3.733333333333333,4.865142603450806,0.0,0.008315597612721,81.734375,2.0,1.600133351113482,3.4399749317596986,0.0,0.0033081862265927,51.73046875,2.0,3.000293392011736,4.6210449916396215,0.0,0.004240317299006,137.97265625,2.0,0.004733907493018,47.0078125,2.0
2026-05-29T10:06:12Z,2.866475568295447,47.91666666666663,0.0,0.0254920064501278,59.7421875,2.0,4.866502233184455,4.8235294337347865,0.0,0.0057182208863577,94.80078125,0.0,0.1333333333333333,24.25,0.0,0.0039264172936316,56.42578125,2.0,15.266666666666666,4.409335018062139,0.0,0.0093532614210827,88.0390625,2.0,0.2666666666666666,4.800000000000001,0.0,0.0054718004822719,79.9140625,3.0,0.2666666666666666,6.9999999999999964,0.0,0.0026253204628038,80.30078125,2.0,31.2,2.7516268883336843,0.0,0.0131618535141095,52.23046875,2.0,3.733333333333333,4.865142603450806,0.0,0.0092322957097551,81.734375,2.0,1.733257782814479,3.460012844815517,0.0,0.0033081862265927,51.73046875,2.0,3.000293392011736,4.6210449916396215,0.0,0.0031849023232834,137.97265625,2.0,0.0047253056687659,46.7578125,2.0
2026-05-29T10:06:17Z,2.866475568295447,47.91666666666663,0.0,0.0254920064501278,59.7421875,2.0,5.4669022865249,4.820325264213258,0.0,0.0050237605799037,94.80078125,0.0,0.4000533404453927,24.25,0.0,0.0039264172936316,56.42578125,2.0,15.334373472018491,4.448554147832791,0.0,0.0113039571936258,87.98828125,2.0,0.4000266702226964,4.800000000000001,0.0,0.0054718004822719,79.9140625,3.0,0.4000266702226964,6.500116669259311,0.0,0.0030949551006137,81.66015625,2.0,31.401546872916388,2.681628364064444,0.0,0.0131618535141095,52.23046875,2.0,3.5335378050406723,4.863333560099914,0.0,0.0107792202200257,82.31640625,2.0,2.1333911339279608,3.300056001244472,0.0,0.0034002063042747,51.73046875,2.0,2.066715577187062,4.608341378978273,0.0,0.0041122281919432,139.94921875,2.0,0.0030380432900536,46.7578125,2.0
2026-05-29T10:06:22Z,2.866475568295447,47.91666666666663,0.0,0.0254920064501278,59.7421875,2.0,5.4669022865249,4.824329388483559,0.0,0.0043293002734497,94.80078125,0.0,0.4000533404453927,24.25,0.0,0.0039264172936316,56.42578125,2.0,13.334742385501611,4.460777385159011,0.0,0.0113039571936258,87.98828125,2.0,0.4000266702226964,4.800000000000001,0.0,0.0045850623530948,79.9140625,3.0,0.4000266702226964,6.500116669259311,0.0,0.0030949551006137,81.66015625,2.0,29.934915764175805,2.5966971877965355,0.0,0.0084097000000014,52.23046875,2.0,2.066906696300089,4.86589615974207,0.0,0.0107792202200257,82.31640625,2.0,2.1333911339279608,3.300056001244472,0.0,0.0037054522881675,54.9921875,2.0,2.066715577187062,4.608341378978273,0.0,0.0041122281919432,139.94921875,2.0,0.0034173695884352,46.7578125,2.0
2026-05-29T10:06:27Z,2.667022269635952,43.888888888888886,0.2045454545454545,0.0202213235709481,59.7421875,2.0,5.4669022865249,4.824240991588091,0.0,0.0034470882248318,94.80078125,0.0,0.4000533404453927,24.25,0.0,0.004136368494176,56.42578125,2.0,13.334742385501611,4.460777385159011,0.0,0.0114170408410176,87.98828125,2.0,0.2000266702226963,4.8,0.0,0.006231471569801,82.28515625,3.0,0.2000266702226963,6.750033335555702,0.0,0.0030949551006137,81.66015625,2.0,13.868480239439174,2.846269008975682,0.0,0.0118856580917705,54.0546875,2.0,2.066906696300089,4.86589615974207,0.0,0.0107792202200257,82.31640625,2.0,1.0668089078543808,3.460015112118584,0.0,0.003816571416521,54.9921875,2.0,2.066715577187062,4.608341378978273,0.0,0.0037126601037366,139.9453125,2.0,0.0039030331937332,48.73828125,2.0
2026-05-29T10:06:32Z,2.667022269635952,43.888888888888886,0.2045454545454545,0.019837192443818,61.23828125,2.0,4.666502233184454,4.766274878249496,0.0,0.0027623677622388,155.56640625,0.0,0.1333333333333333,24.1,0.0,0.0036474209688949,55.41015625,2.0,7.467035580149788,4.438811363567739,0.0,0.0093390183957695,87.94140625,2.0,0.0,4.8,0.0,0.006231471569801,82.28515625,3.0,0.0,7.499966664444297,0.0,0.0026250119105525,81.66015625,2.0,4.1336000331894525,3.079974219987525,0.0,0.0118856580917705,54.0546875,2.0,0.5333688912594172,4.853900611522226,0.0,0.0100371976907472,82.31640625,2.0,0.0666755567408987,0.491101488705418,0.0,0.003816571416521,54.9921875,2.0,0.0,4.613035710317119,0.0,0.003454183370646,139.9453125,2.0,0.0045985061551934,48.73828125,2.0
2026-05-29T10:06:37Z,2.667022269635952,43.888888888888886,0.2045454545454545,0.019837192443818,61.23828125,2.0,4.666502233184454,4.737895138853784,0.0,0.0027623677622388,155.56640625,0.0,0.1333333333333333,24.1,0.0,0.0036474209688949,55.41015625,2.0,3.9333333333333336,4.498168023720112,0.0,0.0093390183957695,87.94140625,2.0,0.0,4.8,0.0,0.0059648869221019,82.28125,3.0,0.0,7.499966664444297,0.0,0.002339659582422,81.6171875,2.0,3.6669022533374624,2.759957254899939,0.0,0.0118856580917705,54.0546875,2.0,0.0666711114074271,4.875247524752474,0.0,0.0077613049360273,82.31640625,2.0,0.0666755567408987,0.491101488705418,0.0,0.0034645024271845,54.99609375,2.0,0.0,4.613035710317119,0.0,0.003454183370646,139.9453125,2.0,0.0045985061551934,48.73828125,2.0
2026-05-29T10:06:42Z,3.0664622358509432,37.70833333333333,0.4728682170542636,0.0164578433769766,61.08203125,2.0,4.666502233184454,4.735108223237049,0.0,0.0027623677622388,155.56640625,0.0,0.1333333333333333,24.1,0.0,0.0036474209688949,55.41015625,2.0,3.9333333333333336,4.498168023720112,0.0,0.00843821099769,87.94140625,2.0,0.0666666666666666,4.800000000000001,0.0,0.0059648869221019,82.28125,3.0,0.1333333333333333,7.999999999999998,0.0,0.0029275935588851,81.6171875,2.0,6.133337778074094,3.1133333333333306,0.0,0.009382845679408,54.05859375,2.0,0.0666711114074271,4.875247524752474,0.0,0.0069248717951317,82.31640625,2.0,0.2000133342222814,0.4965909090909091,0.0,0.0034645024271845,54.99609375,2.0,0.0,4.613035710317119,0.0,0.003454183370646,139.9453125,2.0,0.0045985061551934,48.73828125,2.0
2026-05-29T10:06:47Z,3.0664622358509432,37.70833333333333,0.4728682170542636,0.0164578433769766,61.08203125,2.0,5.200017800888968,4.992965996969209,0.0,0.0281251967822539,180.71875,0.0,0.4000266684445629,82.49999999999997,0.0,0.0024444368671833,55.3203125,2.0,8.467097806520435,4.536079174524604,0.0,0.0086877038773309,86.97265625,2.0,0.2000088894815209,4.8,0.0,0.0059648869221019,82.28125,3.0,0.2666755561481876,4.742858049932694,0.0,0.0029275935588851,81.6171875,2.0,12.000520034668977,3.471438756581961,0.0,0.009382845679408,54.05859375,2.0,1.0000666711114077,4.846340961040101,0.0,0.0077035115986489,82.0,2.0,0.6667111140742715,2.1333614827325578,0.0,0.0034645024271845,54.99609375,2.0,1.7333911149632195,4.651618647403045,0.0,0.0035645905621097,141.03515625,2.0,0.0047426945053994,49.50390625,2.0
2026-05-29T10:06:52Z,3.0664622358509432,37.70833333333333,0.4728682170542636,0.0178570796068354,61.08203125,2.0,2.7335155677045133,9.750000000000004,0.0,0.0329014078990311,180.71875,0.0,0.4000266684445629,82.49999999999994,0.0,0.0027278942045269,55.3203125,2.0,14.668191285650986,4.567256637168141,0.0,0.0086877038773309,86.97265625,2.0,0.2000088894815209,4.8,0.0,0.0061960051055816,82.109375,3.0,0.2666755561481876,4.742858049932694,0.0,0.003017882961723,82.42578125,2.0,13.733968931262083,3.494963854686049,0.0,0.0090899032393777,53.984375,2.0,2.7335155677045133,4.8,0.0,0.0077035115986489,82.0,2.0,0.6667111140742715,2.1333614827325627,0.0,0.0029922498407765,54.99609375,2.0,1.7333911149632195,4.651618647403045,0.0,0.0025153586245046,141.03515625,2.0,0.0047426945053994,49.50390625,2.0
2026-05-29T10:06:57Z,2.6003467128950524,60.000000000000135,0.488,0.015720735136123,61.08203125,2.0,2.7335155677045133,9.750000000000004,0.0,0.0376776190158082,180.71875,0.0,0.4000266684445629,82.49999999999994,0.0,0.0034014880481234,55.3203125,2.0,14.668191285650986,4.567256637168141,0.0,0.0068751456371832,86.97265625,2.0,0.2666933362966519,4.8,0.0,0.0061960051055816,82.109375,3.0,0.2000177795557531,4.771428117876396,0.0,0.003017882961723,82.42578125,2.0,26.20285811648678,3.516652325124044,0.0,0.0090899032393777,53.984375,2.0,2.7335155677045133,4.8,0.0,0.0077035115986489,82.0,2.0,1.333422228148543,2.199973330962754,0.0,0.003632363937673,55.01171875,2.0,1.7333911149632195,4.651618647403045,0.0,0.0032230109707755,141.03515625,2.0,0.0047426945053994,49.50390625,2.0
2026-05-29T10:07:02Z,2.6003467128950524,60.000000000000135,0.488,0.015720735136123,61.08203125,2.0,6.2,22.690962652977618,0.0,0.0424538301325854,180.71875,0.0,0.1333333333333333,87.5,0.0,0.0034798802992519,55.32421875,2.0,16.867760145797217,4.557985937930802,0.0,0.0068751456371832,86.97265625,2.0,0.2000177801484642,4.799999999999999,0.0,0.0061960051055816,82.109375,3.0,0.1333422234075654,4.759998399900438,0.0,0.0026788516405134,82.42578125,2.0,34.66900919322523,3.605849828095263,0.0,0.0099427051255738,53.984375,2.0,4.2667866746672,4.8,0.0,0.0075285135891816,81.48046875,2.0,1.8000577816298864,3.0999399946661925,0.0,0.003632363937673,55.01171875,2.0,3.5335644752633684,4.638879783191809,0.0,0.003484369277173,140.9375,2.0,0.0046874269295549,49.75390625,2.0
2026-05-29T10:07:07Z,2.6003467128950524,60.000000000000135,0.488,0.017198974710735,61.0703125,2.0,6.2,21.298123197363797,0.0,0.0530246760444432,190.3515625,0.0,0.1333333333333333,87.5,0.0,0.0034798802992519,55.32421875,2.0,17.26666666666667,4.528906892057347,0.0,0.0081495710482203,86.94140625,2.0,0.2000177801484642,4.799999999999999,0.0,0.0033959999999993,82.109375,3.0,0.1333422234075654,4.759998399900438,0.0,0.0026788516405134,82.42578125,2.0,35.13540475085365,3.5353117768030526,0.0,0.0083748251532889,53.984375,2.0,4.733182232295625,4.8,0.0,0.0075285135891816,81.48046875,2.0,1.8000577816298864,3.0999399946661925,0.0,0.0031082909930717,55.015625,2.0,3.5335644752633684,4.638879783191809,0.0,0.003484369277173,140.9375,2.0,0.0046874269295549,49.75390625,2.0
2026-05-29T10:07:12Z,2.8666666666666667,67.4999999999998,0.265625,0.0167947924366756,61.0703125,2.0,6.2,19.905283741749884,0.0,0.0530246760444432,190.3515625,0.0,0.1333333333333333,87.5,0.0,0.0038003847589518,55.32421875,2.0,17.26666666666667,4.528906892057347,0.0,0.0081495710482203,86.94140625,2.0,0.1333288891851654,4.800000000000001,0.0,0.0052665711135608,81.9140625,3.0,0.1333288891851654,4.766666666666666,0.0,0.0026093631968575,82.56640625,2.0,32.5322445170322,3.177777777777778,0.0,0.0097739687848385,53.984375,2.0,4.733182232295625,4.8,0.0,0.0075285135891816,81.48046875,2.0,1.6666666666666667,2.699971109827104,0.0,0.0031082909930717,55.015625,2.0,3.5335644752633684,4.638879783191809,0.0,0.003484369277173,140.9375,2.0,0.0047002216475803,49.75390625,2.0
2026-05-29T10:07:17Z,2.8666666666666667,67.4999999999998,0.265625,0.0174402189546348,61.0703125,2.0,3.600364486523932,11.62425448408149,0.0,0.0530246760444432,190.3515625,0.0,0.1333555594080989,87.5,0.0,0.0038003847589518,55.32421875,2.0,13.400648977197315,4.508038563774576,0.0,0.008927083565895,86.2890625,2.0,0.1333422251856988,4.8,0.0,0.0052665711135608,81.9140625,3.0,0.1333422251856988,4.771429659919233,0.0,0.0028244713157747,82.56640625,2.0,25.26677356623894,2.784817698588752,0.0,0.0083425710562989,53.984375,2.0,3.6667022571878327,4.800000000000001,0.0,0.0069898870050529,81.48046875,2.0,1.2000711223722274,2.3500347238318646,0.0,0.0031082909930717,55.015625,2.0,2.2667422474097583,4.640684025825172,0.0,0.0037765699745544,140.80078125,2.0,0.0047002216475803,49.75390625,2.0
2026-05-29T10:07:22Z,2.8666666666666667,67.4999999999998,0.265625,0.0199154537471264,60.84375,2.0,3.600364486523932,10.177832802212103,0.0,0.0530246760444432,190.3515625,0.0,0.1333555594080989,87.5,0.0,0.0033881855768174,55.53515625,2.0,10.267680112606342,4.472000088501632,0.0,0.008927083565895,86.2890625,2.0,0.1333422251856988,4.8,0.0,0.0052665711135608,81.9140625,3.0,0.1333422251856988,4.771429659919233,0.0,0.0028244713157747,82.56640625,2.0,24.533898061955583,2.92875586158208,0.0,0.0075280736575623,53.984375,2.0,2.9338267529044773,4.8,0.0,0.0074306610796278,81.4921875,2.0,1.2000711223722274,2.3500347238318646,0.0,0.003291043622308,55.015625,2.0,2.2667422474097583,4.640684025825172,0.0,0.0037765699745544,140.80078125,2.0,0.0044401697910266,49.7578125,2.0
2026-05-29T10:07:27Z,1.867040074681603,84.16666666666657,0.0,0.0199154537471264,60.84375,2.0,3.600364486523932,9.260027408645076,0.0,0.0385055012762961,190.45703125,0.0,0.1333555594080989,87.5,0.0,0.0033881855768174,55.53515625,2.0,10.267680112606342,4.472000088501632,0.0,0.008927083565895,86.2890625,2.0,0.0666800026672001,4.8,0.0,0.0052520818660146,81.9140625,3.0,0.0666800026672001,4.766666666666666,0.0,0.0026854625724304,82.52734375,2.0,21.937129569310763,2.6960537075243334,0.0,0.0081247349458999,53.984375,2.0,2.9338267529044773,4.8,0.0,0.0093418473499773,81.4921875,2.0,0.8001155727433881,2.050007500625041,0.0,0.003291043622308,55.015625,2.0,2.2667422474097583,4.640684025825172,0.0,0.0030560891459574,140.80078125,2.0,0.0042417973717674,49.7578125,2.0
2026-05-29T10:07:32Z,1.867040074681603,84.16666666666657,0.0,0.0216402708271986,60.84375,2.0,5.600186680297126,4.897649862225506,0.0,0.0285889770130393,190.45703125,0.0,0.1333288891851654,24.25,0.0,0.0031229185667753,55.53515625,2.0,14.400351136297855,4.4319601688222034,0.0,0.0092622074164975,86.13671875,2.0,0.0666622225184987,4.8,0.0,0.0052520818660146,81.9140625,3.0,0.0666622225184987,4.759998933257476,0.0,0.0026854625724304,82.52734375,2.0,25.53592496514102,2.195409427880012,0.0,0.0113090912646416,53.8984375,2.0,3.400306728012269,4.8,0.0,0.0093418473499773,81.4921875,2.0,0.9333688954081582,2.5999715536591306,0.0,0.0032491073190861,55.015625,2.0,3.467013402680536,4.62702030622413,0.0,0.0037568176132093,140.84765625,2.0,0.0042417973717674,49.7578125,2.0
2026-05-29T10:07:37Z,1.867040074681603,84.16666666666657,0.0,0.0183368834854267,60.84375,2.0,5.600186680297126,4.894677158498411,0.0,0.0246238600563753,188.95703125,0.0,0.1333288891851654,24.25,0.0,0.0036444646166647,55.86328125,2.0,18.399986667555496,4.366350828627457,0.0,0.0092622074164975,86.13671875,2.0,0.0666622225184987,4.8,0.0,0.0050160012285011,81.9140625,3.0,0.0666622225184987,4.759998933257476,0.0,0.0024240094618565,82.52734375,2.0,26.268800469424374,2.109229771765883,0.0,0.0113090912646416,53.8984375,2.0,4.133182232295624,4.8,0.0,0.0093418473499773,81.4921875,2.0,0.9333688954081582,2.5999715536591306,0.0,0.0024652438825874,55.015625,2.0,3.467013402680536,4.62702030622413,0.0,0.0037568176132093,140.84765625,2.0,0.0042417973717674,49.7578125,2.0
2026-05-29T10:07:42Z,3.333111125924938,49.374999999999964,0.0,0.0219714260767062,60.90625,2.0,5.600186680297126,4.828993978933161,0.0,0.0246238600563753,188.95703125,0.0,0.1333288891851654,24.25,0.0,0.0036444646166647,55.86328125,2.0,18.399986667555496,4.366350828627457,0.0,0.0092622074164975,86.13671875,2.0,0.3333288891851654,4.8,0.0,0.0051058997050157,81.9140625,3.0,0.3333288891851654,4.6,0.0,0.002541076720448,82.4140625,2.0,32.66531564562363,1.9442059677711452,0.0,0.0115458144351512,53.8984375,2.0,4.133182232295624,4.8,0.0,0.0096701911780421,81.8125,2.0,1.9333244450369973,2.2799999999999967,0.0,0.0030030684090844,55.015625,2.0,3.467013402680536,4.62702030622413,0.0,0.0037568176132093,140.84765625,2.0,0.0042875294544133,49.5078125,2.0
2026-05-29T10:07:47Z,3.333111125924938,49.374999999999964,0.0,0.0219714260767062,60.90625,2.0,5.467057807409857,4.792035544529247,0.0,0.0077618244090777,189.4453125,0.0,0.4000400044449779,24.25,0.0,0.0036612208049384,55.86328125,2.0,18.60066227348585,4.331352887932673,0.0,0.005693149999999,86.13671875,2.0,0.466693336889363,4.8,0.0,0.0051058997050157,81.9140625,3.0,0.466693336889363,4.666671605194344,0.0,0.002541076720448,82.4140625,2.0,33.86628015851787,1.4757147194727722,0.0,0.0117253169629831,54.203125,2.0,4.3333200192592,4.8,0.0,0.0096072761935025,81.8125,2.0,2.4000977878529977,2.600022222880657,0.0,0.0024732020138715,55.015625,2.0,2.800102229037491,4.626090429343721,0.0,0.0036342148373512,140.96875,2.0,0.0041899657055761,49.5078125,2.0
2026-05-29T10:07:52Z,3.333111125924938,49.374999999999964,0.0,0.0217061974882155,60.90625,2.0,5.467057807409857,4.791506475730444,0.0,0.0095740284222737,189.4453125,0.0,0.4000400044449779,24.25,0.0,0.0032830364154919,55.99609375,2.0,16.202075889542392,4.314136565928669,0.0,0.0090287704695558,86.1640625,2.0,0.466693336889363,4.8,0.0,0.0040704087881121,81.9140625,3.0,0.466693336889363,4.666671605194344,0.0,0.0021597822419573,82.16796875,2.0,32.86660017096599,1.7140178953937002,0.0,0.0112458166606015,54.203125,2.0,3.33364003170732,4.8,0.0,0.0096521617573643,82.1171875,2.0,2.4000977878529977,2.600022222880657,0.0,0.0022229463131145,55.015625,2.0,2.800102229037491,4.626090429343721,0.0,0.0036342148373512,140.96875,2.0,0.0041899657055761,49.5078125,2.0
2026-05-29T10:07:57Z,1.8667911194079605,46.49999999999996,0.0,0.020934313745161,60.953125,2.0,5.467057807409857,4.791422975510821,0.0,0.0095740284222737,189.4453125,0.0,0.4000400044449779,24.25,0.0,0.0032830364154919,55.99609375,2.0,16.202075889542392,4.314136565928669,0.0,0.0090287704695558,86.1640625,2.0,0.2000266702226963,4.8,0.0,0.0053672494941001,81.91796875,3.0,0.2000266702226963,4.64,0.0,0.0026339253954322,82.16796875,2.0,24.935120135714964,2.0900181653572583,0.0,0.0112458166606015,54.203125,2.0,3.33364003170732,4.8,0.0,0.0096521617573643,82.1171875,2.0,1.2667777887419458,2.9666592586007656,0.0,0.0032349289745088,55.26953125,2.0,2.800102229037491,4.626090429343721,0.0,0.0036342148373512,140.96875,2.0,0.0041899657055761,49.5078125,2.0
2026-05-29T10:08:02Z,1.8667911194079605,46.49999999999996,0.0,0.020934313745161,60.953125,2.0,3.600124452741294,4.791193776382208,0.0,0.0082216969076276,189.4453125,0.0,0.0,24.25,0.0,0.0027957813411604,56.234375,2.0,12.068413638280248,4.350466181297179,0.0,0.0090287704695558,86.1640625,2.0,0.0,4.8,0.0,0.0053672494941001,81.91796875,3.0,0.0,4.599986665481375,0.0,0.0026339253954322,82.16796875,2.0,21.268169000305225,2.7962588215072497,0.0,0.0079473520920544,54.05859375,2.0,2.866942251855329,4.871696449661962,0.0,0.0084188239937336,82.1171875,2.0,0.4666977798519901,3.066651109810607,0.0,0.0032349289745088,55.26953125,2.0,3.0669778127449687,4.643234243046656,0.0,0.0037096003615476,140.96875,2.0,0.004511845659164,49.51953125,2.0
2026-05-29T10:08:07Z,1.8667911194079605,46.49999999999996,0.0,0.0221042130082761,61.0234375,2.0,3.600124452741294,4.7904073933932505,0.0,0.0075310886482249,187.203125,0.0,0.0,24.25,0.0,0.0035714001739347,56.234375,2.0,10.399973379555435,4.368663449115473,0.0,0.0099849751569422,86.1640625,2.0,0.0,4.8,0.0,0.0054733805078618,81.9140625,3.0,0.0,4.599986665481375,0.0,0.002602011198292,82.21484375,2.0,21.801333422228147,2.903540078274897,0.0,0.0089091577537193,54.05859375,2.0,3.400106673778252,4.95099336637245,0.0,0.0100915889605133,82.1171875,2.0,0.4666977798519901,3.066651109810607,0.0,0.0032902289129456,55.26953125,2.0,3.0669778127449687,4.643234243046656,0.0,0.0029350048927201,140.96875,2.0,0.004511845659164,49.51953125,2.0
2026-05-29T10:08:12Z,2.866857790519368,48.75,0.0,0.0221042130082761,61.0234375,2.0,3.600124452741294,4.790322224889815,0.0,0.0090622880853586,187.203125,0.0,0.0,24.25,0.0,0.0035714001739347,56.234375,2.0,10.399973379555435,4.368663449115473,0.0,0.0113830525644382,86.46484375,2.0,0.1333333333333333,4.800000000000001,0.0,0.0057416752843856,81.9140625,3.0,0.1333333333333333,4.666666666666666,0.0,0.0027003471775751,82.21484375,2.0,30.2685645709714,2.9766751305086654,0.0,0.0115416679399794,54.05859375,2.0,3.400106673778252,4.95099336637245,0.0,0.0112480757269485,81.94140625,2.0,1.0666844456297089,3.1333592598354048,0.0,0.0032902289129456,55.26953125,2.0,3.0669778127449687,4.643234243046656,0.0,0.0026258715292578,140.96875,2.0,0.004511845659164,49.51953125,2.0
2026-05-29T10:08:17Z,2.866857790519368,48.75,0.0,0.0221042130082761,61.0234375,2.0,6.4006445164531165,4.795831844302941,0.0,0.0090622880853586,187.203125,0.0,0.2666844456297086,46.5625,0.0,0.0040058148431525,56.69921875,2.0,15.400306735112474,4.485718202408205,0.0,0.0118901335052515,86.46484375,2.0,0.2666755561481876,4.799999999999999,0.0,0.0057416752843856,81.9140625,3.0,0.2666755561481876,4.6857179139589,0.0,0.0027003471775751,82.21484375,2.0,35.26889792652843,3.754606830643302,0.0,0.0115416679399794,54.05859375,2.0,4.000146676445096,7.666697531778716,0.0,0.0112480757269485,81.94140625,2.0,1.8667377825188345,4.173349333688895,0.0,0.0034541716284609,54.87890625,2.0,3.2000000142222222,4.665886912560156,0.0,0.0041078530890974,140.72265625,2.0,0.004511845659164,49.51953125,2.0
2026-05-29T10:08:22Z,2.866857790519368,48.75,0.0,0.0225760365114206,60.8046875,2.0,6.4006445164531165,4.795757273736533,0.0,0.0097759863752483,186.4375,0.0,0.2666844456297086,46.5625,0.0,0.0031360974618599,56.69921875,2.0,19.335244654839904,4.581339427859962,0.0,0.0118901335052515,86.46484375,2.0,0.2666755561481876,4.799999999999999,0.0,0.0057416752843856,81.9140625,3.0,0.2666755561481876,4.6857179139589,0.0,0.0029075720930233,82.14453125,2.0,35.80269801988044,3.837697628245677,0.0,0.0141916827372875,54.234375,2.0,4.533946769797099,8.177074362578688,0.0,0.009943601867517,81.94140625,2.0,1.8667377825188345,4.173349333688895,0.0,0.003547565145075,54.87890625,2.0,3.2000000142222222,4.665886912560156,0.0,0.0041078530890974,140.72265625,2.0,0.0048032681585776,49.50390625,2.0
2026-05-29T10:08:27Z,3.0670756100813445,49.99999999999999,0.0,0.0265531877198744,60.8046875,2.0,6.4006445164531165,4.795682648677776,0.0,0.0093780388591117,186.4375,0.0,0.2666844456297086,46.5625,0.0,0.0036147391269825,56.69921875,2.0,19.335244654839904,4.581339427859962,0.0,0.0118901335052515,86.46484375,2.0,0.2000177795557531,4.800000000000001,0.0,0.006044825701189,82.35546875,3.0,0.2667022281492545,4.774999652749805,0.0,0.002944891990353,82.14453125,2.0,31.73576022402738,3.8926478623175047,0.0,0.0141916827372875,54.234375,2.0,4.533946769797099,8.177074362578688,0.0,0.0118459651550402,81.94140625,2.0,2.000195576891417,4.2375,0.0,0.003547565145075,54.87890625,2.0,3.2000000142222222,4.665886912560156,0.0,0.0041078530890974,140.72265625,2.0,0.0048032681585776,49.50390625,2.0
2026-05-29T10:08:32Z,3.0670756100813445,49.99999999999999,0.0,0.0228659088106959,60.8046875,2.0,5.4003600240016,4.796521735769643,0.0,0.0090842045575362,186.13671875,0.0,0.4000266684445629,47.18750347241513,0.0,0.0029107184772925,56.69921875,2.0,16.8684135327651,4.604662813506857,0.0,0.0120129288142587,85.18359375,2.0,0.2666888909631802,4.800000000000001,0.0,0.006044825701189,82.35546875,3.0,0.3333733395566817,4.774999305505397,0.0,0.002944891990353,82.14453125,2.0,29.802297993211997,3.964378256426514,0.0,0.0151594609769796,54.234375,2.0,4.333933435574819,8.30768201742389,0.0,0.0116369798727694,81.94140625,2.0,1.9335244654839905,4.186664809783012,0.0,0.0026973324812561,54.83984375,2.0,2.866955587855744,4.681818181818182,0.0,0.0043716522923284,140.72265625,2.0,0.0048032681585776,49.50390625,2.0
2026-05-29T10:08:37Z,3.0670756100813445,49.99999999999999,0.0,0.0261170280934883,61.1875,2.0,5.4003600240016,4.796521735769643,0.0,0.0093138256524153,186.13671875,0.0,0.4000266684445629,47.18750347241513,0.0,0.0044256886241367,55.4921875,2.0,16.333835589039268,4.642819327862072,0.0,0.0120129288142587,85.18359375,2.0,0.2666888909631802,4.800000000000001,0.0,0.006044825701189,82.35546875,3.0,0.3333733395566817,4.774999305505397,0.0,0.0023358556057259,82.14453125,2.0,29.468364575414952,3.9661256931233786,0.0,0.0151594609769796,54.234375,2.0,4.0000000177777775,8.342597058610494,0.0,0.0116369798727694,81.94140625,2.0,1.9335244654839905,4.186664809783012,0.0,0.0029978441327252,54.83984375,2.0,2.866955587855744,4.681818181818182,0.0,0.0043716522923284,140.72265625,2.0,0.0046313681868743,48.8359375,2.0
2026-05-29T10:08:42Z,2.7333333333333334,425.0000000000015,0.0,0.0285851024806259,61.1875,2.0,5.4003600240016,4.796521735769643,0.0,0.0093138256524153,186.13671875,0.0,0.4000266684445629,47.18750347241513,0.0,0.0044256886241367,55.4921875,2.0,16.333835589039268,4.642819327862072,0.0,0.0120129288142587,85.18359375,2.0,0.4000133342222814,4.8,0.0,0.0059225771883998,82.828125,3.0,0.3333466675556148,4.755555006827548,0.0,0.002833019446391,82.06640625,2.0,29.068337906970388,3.8951963407972574,0.0,0.0143870354651819,54.921875,2.0,4.0000000177777775,8.342597058610494,0.0,0.0118178066938847,81.9453125,2.0,1.8667333377780744,4.087505729469056,0.0,0.0035488194001271,55.04296875,2.0,2.866955587855744,4.681818181818182,0.0,0.0041189266784451,140.7265625,2.0,0.0046176896683185,48.8359375,2.0
2026-05-29T10:08:47Z,2.7333333333333334,425.0000000000015,0.0,0.0285851024806259,61.1875,2.0,5.133831165043398,4.795901634864876,0.0,0.0072203160203585,186.3203125,0.0,0.2666933362966519,47.00000666717041,0.0,0.0039565739406701,55.55078125,2.0,16.334315685054204,4.631288250898316,0.0,0.0115443554509565,85.3046875,2.0,0.3333422228148543,4.800000000000001,0.0,0.0059225771883998,82.828125,3.0,0.2666755561481876,4.76,0.0,0.002833019446391,82.06640625,2.0,28.335769177514,3.856669380931758,0.0,0.0158354437002948,54.921875,2.0,3.933457821041028,8.361120348070582,0.0,0.0118178066938847,81.9453125,2.0,1.7334311229644643,4.3091017085388605,0.0,0.0035488194001271,55.04296875,2.0,3.0001955816331067,4.672099709989733,0.0,0.0038794623655914,140.7265625,2.0,0.0046176896683185,48.8359375,2.0
2026-05-29T10:08:52Z,2.7333333333333334,425.0000000000015,0.0,0.0267869747297571,61.0,2.0,5.133831165043398,4.795901634864876,0.0,0.007988734483627,186.3203125,0.0,0.2666933362966519,47.00000666717041,0.0,0.0041578079351619,55.55078125,2.0,13.601386823130076,4.612223547904803,0.0,0.0102163792319595,85.3046875,2.0,0.3333422228148543,4.800000000000001,0.0,0.0059593351939314,80.78515625,3.0,0.2666755561481876,4.76,0.0,0.0029474616635685,82.06640625,2.0,28.06935139855214,3.837137555298267,0.0,0.0158354437002948,54.921875,2.0,3.667040042079171,8.240391165838824,0.0,0.0081601469027341,81.9453125,2.0,1.7334311229644643,4.3091017085388605,0.0,0.0035488194001271,55.04296875,2.0,3.0001955816331067,4.672099709989733,0.0,0.0038794623655914,140.7265625,2.0,0.004559113579687,48.5859375,2.0
2026-05-29T10:08:57Z,2.2001466764450965,337.50000000000074,0.0,0.0277608801502453,61.0,2.0,5.133831165043398,4.795901634864876,0.0,0.0092210215592219,186.3203125,0.0,0.2666933362966519,47.00000666717041,0.0,0.0041578079351619,55.55078125,2.0,13.601386823130076,4.612223547904803,0.0,0.0102163792319595,85.3046875,2.0,0.2666844456297086,4.799999999999999,0.0,0.0059940057396775,80.78515625,3.0,0.2666844456297086,4.73333234559853,0.0,0.0027092493404748,82.06640625,2.0,30.536182520626948,3.804374313693045,0.0,0.014710293831486,54.25390625,2.0,3.667040042079171,8.240391165838824,0.0,0.0090287527837502,81.9453125,2.0,1.6668711371885832,4.236361432346595,0.0,0.0027568306973544,55.16015625,2.0,3.0001955816331067,4.672099709989733,0.0,0.0038794623655914,140.7265625,2.0,0.004559113579687,48.5859375,2.0
2026-05-29T10:09:02Z,2.2001466764450965,337.50000000000074,0.0,0.0277608801502453,61.0,2.0,4.933182232295625,4.792982456140351,0.0,0.0074702057046134,186.3203125,0.0,0.1333288891851654,34.99999999999997,0.0,0.003037637072495,55.55078125,2.0,12.99995116829608,4.557187373128984,0.0,0.0099839770880103,85.5,2.0,0.2000088894815209,4.8,0.0,0.0058342652356651,80.79296875,3.0,0.2000088894815209,4.733331357878361,0.0,0.0027092493404748,82.06640625,2.0,29.600449020150144,3.1783718525597067,0.0,0.0099820918840593,54.25390625,2.0,3.533328904592573,7.338235890075008,0.0,0.010423270572192,81.9453125,2.0,1.4000755718536102,3.771407163765896,0.0,0.0033118730158729,55.16015625,2.0,2.933417809484346,4.643237028939369,0.0,0.0038794623655914,140.7265625,2.0,0.004329959819945,48.5859375,2.0
2026-05-29T10:09:07Z,2.2001466764450965,337.50000000000074,0.0,0.0195465151826124,61.0,2.0,4.933182232295625,4.792982456140351,0.0,0.0090048687598727,186.78125,0.0,0.1333288891851654,34.99999999999997,0.0,0.0036786171318884,55.6640625,2.0,15.266768956148605,4.473983739837397,0.0,0.0099839770880103,85.5,2.0,0.2000088894815209,4.8,0.0,0.0044561798560375,80.79296875,3.0,0.2000088894815209,4.733331357878361,0.0,0.0023963208325041,82.06640625,2.0,29.933666790223704,2.951112025939989,0.0,0.0122992753623204,54.25390625,2.0,3.8665466746661337,6.022767952742861,0.0,0.010568926327049,81.01171875,2.0,1.4000755718536102,3.771407163765896,0.0,0.0033816373221921,55.546875,2.0,2.933417809484346,4.643237028939369,0.0,0.0038794623655914,140.7265625,2.0,0.004329959819945,48.5859375,2.0
2026-05-29T10:09:12Z,2.999800013332445,46.607142857142826,0.0,0.017597486611778,61.0,2.0,4.933182232295625,4.792982456140351,0.0,0.0090048687598727,186.78125,0.0,0.1333288891851654,34.99999999999997,0.0,0.0036786171318884,55.6640625,2.0,15.266768956148605,4.473983739837397,0.0,0.0098538548996693,85.5,2.0,0.2,4.8,0.0,0.0049275254556183,80.79296875,3.0,0.2666666666666666,4.711112428022559,0.0,0.0024869544195044,82.0625,2.0,25.59924005066329,2.857360044007765,0.0,0.0127162603108975,54.234375,2.0,3.8665466746661337,6.022767952742861,0.0,0.0086498284130324,81.01171875,2.0,1.3999688909628247,3.784615384615381,0.0,0.0033816373221921,55.546875,2.0,2.933417809484346,4.643237028939369,0.0,0.0040228994400817,140.6796875,2.0,0.0044841039089374,48.9296875,2.0
2026-05-29T10:09:17Z,2.999800013332445,46.607142857142826,0.0,0.0229683600240406,61.09375,2.0,5.333866725933038,4.790090206158476,0.0,0.0090048687598727,186.78125,0.0,0.4000533404453927,33.74999999999997,0.0,0.0031453828458762,55.6640625,2.0,16.66833351854074,4.442555997122126,0.0,0.0098538548996693,85.5,2.0,0.3333600035560297,4.799999999999999,0.0,0.0055733508761441,80.81640625,3.0,0.4000266702226964,4.711113744953517,0.0,0.0024869544195044,82.0625,2.0,26.53498688714051,2.8737667189148786,0.0,0.0127162603108975,54.234375,2.0,3.933582255411833,6.045515979078403,0.0,0.0102761420759,81.01171875,2.0,1.6667822376316843,3.861549849309283,0.0,0.0034506821455805,54.890625,2.0,3.2000933680031416,4.637339984764051,0.0,0.0041572498069625,140.6796875,2.0,0.0044841039089374,48.9296875,2.0
2026-05-29T10:09:22Z,2.999800013332445,46.607142857142826,0.0,0.0217427344153544,61.09375,2.0,5.333866725933038,4.790090206158476,0.0,0.0097987638956272,187.21875,0.0,0.4000533404453927,33.74999999999997,0.0,0.0033993277021204,55.65625,2.0,17.26837352120759,4.397368421052631,0.0,0.0097683865650923,85.640625,2.0,0.3333600035560297,4.799999999999999,0.0,0.0055733508761441,80.81640625,3.0,0.4000266702226964,4.711113744953517,0.0,0.0024417646027016,82.0625,2.0,26.535262479441705,2.7097574953272225,0.0,0.0098729275609707,54.2265625,2.0,3.933857847713029,5.7250000000000005,0.0,0.0081815788724406,81.01171875,2.0,1.6667822376316843,3.861549849309283,0.0,0.0034506821455805,54.890625,2.0,3.2000933680031416,4.637339984764051,0.0,0.0041572498069625,140.6796875,2.0,0.0045993838533334,48.9296875,2.0
2026-05-29T10:09:27Z,2.8670489398586483,42.49999999999998,0.0,0.0217427344153544,61.09375,2.0,5.333866725933038,4.790090206158476,0.0,0.0097987638956272,187.21875,0.0,0.4000533404453927,33.74999999999997,0.0,0.0033993277021204,55.65625,2.0,17.26837352120759,4.397368421052631,0.0,0.0097683865650923,85.640625,2.0,0.3333688930375507,4.781818402215879,0.0,0.005541413322524,80.81640625,3.0,0.2667022269635951,4.699999999999999,0.0,0.0024642775574615,82.11328125,2.0,28.40285809692731,2.7175664772167867,0.0,0.0120780016037701,54.2265625,2.0,3.933857847713029,5.7250000000000005,0.0,0.010038104747209,80.76171875,2.0,1.7335644752633683,3.78331925800812,0.0,0.0034506821455805,54.890625,2.0,3.2000933680031416,4.637339984764051,0.0,0.0041572498069625,140.6796875,2.0,0.0046422909076348,48.6640625,2.0
2026-05-29T10:09:32Z,2.8670489398586483,42.49999999999998,0.0,0.0212000355267853,61.07421875,2.0,5.133506678222992,4.791150349367388,0.0,0.0097269504331833,186.91015625,0.0,0.1333333333333333,24.25,0.0,0.0033993277021204,55.65625,2.0,15.53392892859524,4.384467342165941,0.0,0.0095894792566366,85.640625,2.0,0.2000088894815209,4.781818181818181,0.0,0.0045979415259199,80.81640625,3.0,0.1333422234075654,4.699998333231475,0.0,0.0024642775574615,82.11328125,2.0,28.13453787645347,2.296899026833065,0.0,0.0120780016037701,54.2265625,2.0,4.000275592301196,4.960239437683174,0.0,0.0099979741312124,80.76171875,2.0,1.6667822376316843,2.7999339625210373,0.0,0.002846604613174,54.890625,2.0,2.8001866915588742,4.622849958727537,0.0,0.0039868069437136,140.67578125,2.0,0.0046422909076348,48.6640625,2.0
2026-05-29T10:09:37Z,2.8670489398586483,42.49999999999998,0.0,0.0214589929181457,61.07421875,2.0,5.133506678222992,4.791150349367388,0.0,0.0097269504331833,186.91015625,0.0,0.1333333333333333,24.25,0.0,0.0033859473023839,55.984375,2.0,13.333782252150144,4.374399402262461,0.0,0.0095894792566366,85.640625,2.0,0.2000088894815209,4.781818181818181,0.0,0.0054034115138589,80.8203125,3.0,0.1333422234075654,4.699998333231475,0.0,0.0025466186610512,82.11328125,2.0,27.66759561748561,2.0933112188848844,0.0,0.0115397463819019,54.36328125,2.0,3.533333333333333,4.915150243402069,0.0,0.0099979741312124,80.76171875,2.0,1.6667822376316843,2.7999339625210373,0.0,0.0033243616022684,55.03125,2.0,2.8001866915588742,4.622849958727537,0.0,0.0039868069437136,140.67578125,2.0,0.0047367393516097,48.6640625,2.0
2026-05-29T10:09:42Z,2.2668177878525237,46.458333333333286,0.0,0.0219835453567891,61.171875,2.0,5.133506678222992,4.791150349367388,0.0,0.0097269504331833,186.91015625,0.0,0.1333333333333333,24.25,0.0,0.0033859473023839,55.984375,2.0,13.333782252150144,4.37439940226246,0.0,0.0071714521059121,85.640625,2.0,0.1333333333333333,4.77777810700564,0.0,0.0052208629062379,80.8203125,3.0,0.1333288891851654,4.685716462640322,0.0,0.0026775035814966,82.11328125,2.0,28.26763562015245,2.1736058551738258,0.0,0.0115686314827501,54.36328125,2.0,3.533333333333333,4.915150243402069,0.0,0.0082896836100368,80.76171875,2.0,1.5332844477034864,2.971433832399959,0.0,0.0033869790234267,55.03125,2.0,2.8001866915588742,4.622849958727539,0.0,0.0024682293935806,140.67578125,2.0,0.0047367393516097,48.6640625,2.0
2026-05-29T10:09:47Z,2.2668177878525237,46.458333333333286,0.0,0.0219835453567891,61.171875,2.0,5.267177833191725,4.788127976768546,0.0,0.0073450071233463,187.2421875,0.0,0.1333466681483259,24.25,0.0,0.003174181727843,55.984375,2.0,15.86831129898592,4.322617366873202,0.0,0.0094740567165624,86.26953125,2.0,0.1333377780740938,4.775000694471451,0.0,0.0052208629062379,80.8203125,3.0,0.1333333339259259,4.666671605084595,0.0,0.0026775035814966,82.11328125,2.0,28.40258694581061,1.9663070748431213,0.0,0.0115686314827501,54.36328125,2.0,3.4002400320042674,4.846914635712239,0.0,0.009711102676031,80.765625,2.0,1.400031124445531,1.750099724683721,0.0,0.0033869790234267,55.03125,2.0,3.133546695114904,4.6405498420073625,0.0,0.0028354002875751,140.6015625,2.0,0.0045829672964419,48.50390625,2.0
2026-05-29T10:09:52Z,2.2668177878525237,46.458333333333286,0.0,0.016380277132198,61.140625,2.0,5.267177833191725,4.788127976768546,0.0,0.0086598346255651,187.2421875,0.0,0.1333466681483259,24.25,0.0,0.0034643918229789,56.296875,2.0,17.73510241839388,4.282238549265678,0.0,0.0094740567165624,86.26953125,2.0,0.1333377780740938,4.775000694471451,0.0,0.0042581842871966,80.8203125,3.0,0.1333333339259259,4.666671605084595,0.0,0.0026775035814966,82.11328125,2.0,29.00288031826027,1.9268857559591863,0.0,0.0115686314827501,54.36328125,2.0,4.000533404453927,4.846625766871165,0.0,0.0092496685815301,80.765625,2.0,1.400031124445531,1.750099724683721,0.0,0.0033652763561925,55.140625,2.0,3.133546695114904,4.6405498420073625,0.0,0.0031573707054047,140.6015625,2.0,0.0037439300018394,48.50390625,2.0
2026-05-29T10:09:57Z,2.800373383117749,234.9999999999997,0.0,0.0182199171242838,61.140625,2.0,5.267177833191725,4.788127976768546,0.0,0.0086598346255651,187.2421875,0.0,0.1333466681483259,24.25,0.0,0.0034643918229789,56.296875,2.0,17.73510241839388,4.282238549265678,0.0,0.0094740567165624,86.26953125,2.0,0.1333466681483259,4.777777777777778,0.0,0.0038212950861217,80.8203125,3.0,0.1333466681483259,4.68,0.0,0.0016606750000001,82.11328125,2.0,31.536382551742506,1.8123769257150653,0.0,0.0113101846555177,54.6796875,2.0,4.000533404453927,4.846625766871165,0.0,0.0092496685815301,80.765625,2.0,1.46685335763283,1.5000327801452285,0.0,0.0032985258545939,55.140625,2.0,3.133546695114904,4.6405498420073625,0.0,0.0038636450139559,140.6015625,2.0,0.0045221204753567,48.50390625,2.0
2026-05-29T10:10:02Z,2.800373383117749,234.9999999999997,0.0,0.0220756799050295,61.140625,2.0,5.200017778963042,4.792,0.0,0.0073653577347164,187.2421875,0.0,0.2666755561481876,24.25,0.0,0.0034643918229789,56.296875,2.0,15.33393781807676,4.302434297808881,0.0,0.0092112883560272,86.625,2.0,0.2000177795557531,4.774999722206788,0.0,0.0052896137216709,80.46875,3.0,0.2000177795557531,4.649996666444429,0.0,0.0028197240102472,81.34375,2.0,33.33478678312148,1.231415035524134,0.0,0.0113101846555177,54.6796875,2.0,4.333626705782994,4.8,0.0,0.0093227643554678,81.125,2.0,1.8001244598538273,0.4950701900949786,0.0,0.0032985258545939,55.140625,2.0,2.733520024892208,4.6199929390818015,0.0,0.0038165082018596,140.60546875,2.0,0.0045221204753567,48.50390625,2.0
2026-05-29T10:10:07Z,2.800373383117749,234.9999999999997,0.0,0.0208496405366967,61.25390625,2.0,5.200017778963042,4.792,0.0,0.0075751936927725,186.08984375,0.0,0.2666755561481876,24.25,0.0,0.0026639823496087,56.296875,2.0,13.133364446518655,4.322549019607843,0.0,0.0092112883560272,86.625,2.0,0.2000177795557531,4.774999722206788,0.0,0.0052896137216709,80.46875,3.0,0.2000177795557531,4.649996666444429,0.0,0.0028197240102472,81.34375,2.0,32.86771119615279,1.2844622169833635,0.0,0.0113101846555177,54.6796875,2.0,3.866551118814301,4.799999999999999,0.0,0.0091953915128785,81.125,2.0,1.8001244598538273,0.4950701900949786,0.0,0.0025685429390795,55.140625,2.0,2.733520024892208,4.6199929390818015,0.0,0.0038165082018596,140.60546875,2.0,0.0045221204753567,48.50390625,2.0
2026-05-29T10:10:12Z,2.466502233184454,1124.9999999999975,0.0,0.0208496405366967,61.25390625,2.0,5.200017778963042,4.792,0.0,0.0075751936927725,186.08984375,0.0,0.2666755561481876,24.25,0.0,0.0030794836818207,56.9375,2.0,13.133364446518655,4.322549019607843,0.0,0.0091393516650342,87.08203125,2.0,0.2000133342222814,4.8,0.0,0.0052896137216709,80.46875,3.0,0.2666755561481876,4.600004444543212,0.0,0.0028969808765496,81.37109375,2.0,27.73324000918477,1.238223507950204,0.0,0.0112003114891572,55.01953125,2.0,3.866551118814301,4.799999999999999,0.0,0.0091953915128785,81.125,2.0,1.600017778963042,0.497265856941164,0.0,0.0033212949029594,55.21484375,2.0,2.733520024892208,4.6199929390818015,0.0,0.0032982614290377,140.60546875,2.0,0.0045654752508741,48.51171875,2.0
2026-05-29T10:10:17Z,2.466502233184454,1124.9999999999975,0.0,0.0224605391293519,58.6328125,2.0,5.400546728007408,4.788695652173913,0.0,0.0075751936927725,186.08984375,0.0,0.2666844456297086,24.25,0.0,0.0030794836818207,56.9375,2.0,14.000506700446696,4.338322007756971,0.0,0.0091393516650342,87.08203125,2.0,0.2000133342222814,4.800000000000001,0.0,0.0056378738291395,80.46875,3.0,0.2666755561481876,4.640007111269139,0.0,0.0028969808765496,81.37109375,2.0,26.000706729188327,1.871444150803984,0.0,0.0112003114891572,55.01953125,2.0,3.600008904888929,4.822093497106204,0.0,0.0096014139444181,80.88671875,2.0,1.400053336889126,0.4969235266464378,0.0,0.0034664955968971,55.21484375,2.0,2.933431117630064,4.634669938720112,0.0,0.0039023689233185,140.60546875,2.0,0.0045654752508741,48.51171875,2.0
2026-05-29T10:10:22Z,2.466502233184454,1124.9999999999975,0.0,0.0224605391293519,58.6328125,2.0,5.400546728007408,4.788695652173913,0.0,0.0079669163545568,188.515625,0.0,0.2666844456297086,24.25,0.0,0.003377071109354,56.9375,2.0,15.734924622836347,4.336697247706422,0.0,0.0070433619844099,84.5625,2.0,0.2000133342222814,4.800000000000001,0.0,0.0056378738291395,80.46875,3.0,0.2666755561481876,4.640007111269139,0.0,0.0029069483108867,81.47265625,2.0,26.00116901305456,1.9279443598145345,0.0,0.0116899326510964,55.01953125,2.0,3.6004711887551637,4.842696629213483,0.0,0.0096014139444181,80.88671875,2.0,1.400053336889126,0.4969235266464378,0.0,0.0034518309739761,55.25390625,2.0,2.933431117630064,4.634669938720112,0.0,0.0039023689233185,140.60546875,2.0,0.0045654752508741,48.51171875,2.0
2026-05-29T10:10:27Z,2.600346712895053,205.0000000000009,0.0,0.0224605391293519,58.6328125,2.0,5.400546728007408,4.788695652173913,0.0,0.0079669163545568,188.515625,0.0,0.2666844456297086,24.25,0.0,0.003377071109354,56.9375,2.0,15.734924622836347,4.336697247706422,0.0,0.0078117231582643,84.5625,2.0,0.2666933362966519,4.8,0.0,0.0056378738291395,80.46875,3.0,0.2000177795557531,4.699998147990383,0.0,0.0029045117210505,81.47265625,2.0,26.736191460492,1.8837291636086948,0.0,0.0111120653329864,55.1015625,2.0,3.6004711887551637,4.842696629213483,0.0,0.0099914626193149,80.88671875,2.0,1.6001600177799111,0.4945203221192749,0.0,0.0034518309739761,55.25390625,2.0,2.933431117630064,4.634669938720112,0.0,0.0038613863150392,140.60546875,2.0,0.0040711957180016,48.51171875,2.0
2026-05-29T10:10:32Z,2.600346712895053,205.0000000000009,0.0,0.0183960674511672,58.6328125,2.0,3.200120008000533,4.791133012691914,0.0,0.0074283122400212,188.67578125,0.0,0.0,24.25,0.0,0.0035223363089532,54.4453125,2.0,15.734924622836347,4.345967298466036,0.0,0.0092203340862524,84.5625,2.0,0.1333511134817975,4.800000000000001,0.0,0.0056378738291395,80.46875,3.0,0.0666755567408987,4.679997866486502,0.0,0.0027807066846518,81.64453125,2.0,22.269226996194377,1.9952793652910936,0.0,0.0111120653329864,55.1015625,2.0,2.933760074680892,4.844705835598624,0.0,0.0091240059088973,80.953125,2.0,1.1334622379279211,0.4887677434490144,0.0,0.0034518309739761,55.25390625,2.0,2.6669333629665197,4.6176395610601695,0.0,0.0037923222300967,140.60546875,2.0,0.0046949986698589,48.515625,2.0
2026-05-29T10:10:37Z,2.600346712895053,205.0000000000009,0.0,0.020281064333881,58.8671875,2.0,3.200120008000533,4.791133012691914,0.0,0.0074283122400212,188.67578125,0.0,0.0,24.25,0.0,0.0033035723372851,54.4453125,2.0,15.000506700446696,4.367772616475042,0.0,0.0076731108025009,84.5625,2.0,0.1333511134817975,4.800000000000001,0.0,0.0047098258842848,80.4609375,3.0,0.0666755567408987,4.679997866486502,0.0,0.0019440042664786,81.64453125,2.0,21.86879137721715,1.92679089593884,0.0,0.0101788688357112,55.1015625,2.0,2.5333244557036645,4.849673170147172,0.0,0.0091240059088973,80.953125,2.0,1.1334622379279211,0.4887677434490144,0.0,0.003517784005173,55.25390625,2.0,2.6669333629665197,4.6176395610601695,0.0,0.0037923222300967,140.60546875,2.0,0.0046949986698589,48.515625,2.0
2026-05-29T10:10:42Z,2.133475565037669,1162.4999999999998,0.0,0.0194576442398064,58.8671875,2.0,3.200120008000533,4.791133012691914,0.0,0.0074283122400212,188.67578125,0.0,0.0,24.25,0.0,0.0033035723372851,54.4453125,2.0,15.000506700446696,4.367772616475042,0.0,0.0094598005471709,80.71875,2.0,0.0,4.8,0.0,0.0058039413845375,80.4609375,3.0,0.0,4.720001422291757,0.0,0.0018637999999997,81.64453125,2.0,18.86774675052332,2.207197762675225,0.0,0.0094993297297273,54.9921875,2.0,2.5333244557036645,4.849673170147172,0.0,0.0091240059088973,80.953125,2.0,0.6666888903704691,0.4916666146815567,0.0,0.003424966209693,53.41015625,2.0,2.6669333629665197,4.6176395610601695,0.0,0.003849256187246,137.640625,2.0,0.0046949986698589,48.515625,2.0
2026-05-29T10:10:47Z,2.133475565037669,1162.4999999999998,0.0,0.0198253608982372,58.60546875,2.0,4.733688935709907,4.789417805013594,0.0,0.0050725249999999,188.67578125,0.0,0.1333377780740938,24.25,0.0,0.0032550614912329,54.484375,2.0,14.733342222814857,4.33926719066484,0.0,0.0096471683253381,80.71875,2.0,0.0666711114074271,4.800000000000001,0.0,0.0058039413845375,80.4609375,3.0,0.0666711114074271,4.700001666750005,0.0,0.0026001610838046,81.76953125,2.0,21.13389338252101,2.181545106456018,0.0,0.0094993297297273,54.9921875,2.0,2.866577783703309,4.854285731519854,0.0,0.0089104911078473,80.953125,2.0,0.8000088894815209,0.4846938511714354,0.0,0.003424966209693,53.41015625,2.0,2.933333333333333,4.621212121212121,0.0,0.0038960005551573,137.640625,2.0,0.0046774622529567,47.94921875,2.0
2026-05-29T10:10:52Z,2.133475565037669,1162.4999999999998,0.0,0.0205572997667201,58.60546875,2.0,4.733688935709907,4.789417805013594,0.0,0.0055627472665073,93.875,0.0,0.1333377780740938,24.25,0.0,0.0034977042049301,54.484375,2.0,14.867680134536418,4.343907041265563,0.0,0.0095339219330854,80.76171875,2.0,0.0666711114074271,4.800000000000001,0.0,0.0058485113835371,80.1953125,3.0,0.0666711114074271,4.700001666750005,0.0,0.0026001610838046,81.76953125,2.0,21.334288993496635,2.218175794925508,0.0,0.0097525466669003,54.9921875,2.0,3.066973394678936,4.854285662581061,0.0,0.0090724263028678,80.9921875,2.0,0.8000088894815209,0.4846938511714354,0.0,0.0031570182209436,53.40234375,2.0,2.933333333333333,4.621212121212121,0.0,0.0038960005551573,137.640625,2.0,0.0046774622529567,47.94921875,2.0
2026-05-29T10:10:57Z,2.600173344889659,1099.999999999996,0.0,0.0205572997667201,58.60546875,2.0,4.733688935709907,4.789417805013594,0.0,0.0071517491787216,94.51171875,0.0,0.1333377780740938,24.25,0.0,0.0033094145279808,54.50390625,2.0,14.867680134536418,4.343907041265563,0.0,0.0095339219330854,80.76171875,2.0,0.1333466681483259,4.8,0.0,0.0058485113835371,80.1953125,3.0,0.1333422228148543,4.75,0.0,0.0026001610838046,81.76953125,2.0,24.334489006830857,2.320482611260946,0.0,0.0094414333483069,54.9921875,2.0,3.066973394678936,4.854285662581061,0.0,0.0090724263028678,80.9921875,2.0,0.8667288965935803,0.4848955767591475,0.0,0.0031570182209436,53.40234375,2.0,2.933333333333333,4.621212121212121,0.0,0.0038960005551573,137.640625,2.0,0.0045867761140176,47.94921875,2.0
2026-05-29T10:11:02Z,2.600173344889659,1099.999999999996,0.0,0.0200194907027104,58.4765625,2.0,4.466666666666667,4.790857043008028,0.0,0.0071517491787216,94.51171875,0.0,0.1333333333333333,24.25,0.0,0.0033094145279808,54.50390625,2.0,13.867671245054895,4.301701304523132,0.0,0.0097243659882809,80.76171875,2.0,0.1333422234075654,4.8,0.0,0.0058003969115315,80.1953125,3.0,0.1333377780740938,4.7333323456204806,0.0,0.0025719829697449,81.6484375,2.0,25.86781789542343,2.3505987423154298,0.0,0.0094414333483069,54.9921875,2.0,3.400306728012269,4.855474326570583,0.0,0.0083163721798443,80.9921875,2.0,0.8000533404453927,0.486309308369391,0.0,0.0031570182209436,53.40234375,2.0,3.466897808596702,4.622846725664166,0.0,0.0039479184963994,137.640625,2.0,0.0045867761140176,47.94921875,2.0
2026-05-29T10:11:07Z,2.600173344889659,1099.999999999996,0.0,0.0183838167587472,58.4765625,2.0,4.466666666666667,4.790857043008028,0.0,0.006621022991175,94.51171875,0.0,0.1333333333333333,24.25,0.0,0.0033094145279808,54.50390625,2.0,11.86629780236873,4.319540301525457,0.0,0.0082528263051043,80.76171875,2.0,0.1333422234075654,4.8,0.0,0.0056421849207881,80.4453125,3.0,0.1333377780740938,4.7333323456204806,0.0,0.0025719829697449,81.6484375,2.0,26.26738228711429,2.360962331628845,0.0,0.0098346751679559,55.13671875,2.0,3.799871119703131,4.857142857142858,0.0,0.0085961980716072,81.015625,2.0,0.8000533404453927,0.486309308369391,0.0,0.0030960504914788,53.4140625,2.0,3.466897808596702,4.622846725664166,0.0,0.0039479184963994,137.640625,2.0,0.0045867761140176,47.94921875,2.0
2026-05-29T10:11:12Z,2.0,750.0,0.0,0.0183838167587472,58.4765625,2.0,4.466666666666667,4.790857043008028,0.0,0.007281973816717,92.921875,0.0,0.1333333333333333,24.25,0.0,0.0024747571031189,54.51171875,2.0,11.86629780236873,4.319540301525457,0.0,0.0086741405082212,80.76953125,2.0,0.1333333333333333,4.800000000000001,0.0,0.0056421849207881,80.4453125,3.0,0.2,4.750000555574074,0.0,0.0024809919288808,81.6484375,2.0,25.79987111970313,2.258638210719627,0.0,0.0098339794412625,55.13671875,2.0,3.799871119703131,4.857142857142857,0.0,0.0085961980716072,81.015625,2.0,0.8666666666666667,0.4889707160747526,0.0,0.0030025188916878,53.4140625,2.0,3.466897808596702,4.622846725664166,0.0,0.0039033940311867,137.640625,2.0,0.0037898821355757,47.69921875,2.0
2026-05-29T10:11:17Z,2.0,750.0,0.0,0.0162524082759646,58.65234375,2.0,3.867191198831134,4.792670157068063,0.0,0.007281973816717,92.921875,0.0,0.1333555594080989,24.25,0.0,0.0029498559929104,54.51171875,2.0,12.134271395309304,4.358249936261682,0.0,0.0086741405082212,80.76953125,2.0,0.1333422234075654,4.8,0.0,0.0045437140472942,80.1953125,3.0,0.2000088900742321,4.760001066709335,0.0,0.0026612319781229,79.96484375,2.0,24.13519596126388,2.3463548202120874,0.0,0.0098339794412625,55.13671875,2.0,3.4668445143820668,4.880282209460756,0.0,0.0092578987198069,81.015625,2.0,1.066777798818865,1.1000377794568676,0.0,0.0030025188916878,53.4140625,2.0,2.600253384010135,4.6274006064818245,0.0,0.0039530924178257,137.640625,2.0,0.0044747706422016,47.69921875,2.0
2026-05-29T10:11:22Z,2.0,750.0,0.0,0.0191970174530719,58.65234375,2.0,3.867191198831134,4.792670157068063,0.0,0.0077112409848296,92.921875,0.0,0.1333555594080989,24.25,0.0,0.0029498559929104,54.51171875,2.0,14.402347064959065,4.349714285714287,0.0,0.0065532109110244,80.76953125,2.0,0.1333422234075654,4.8,0.0,0.0056064857074217,80.1953125,3.0,0.2000088900742321,4.760001066709335,0.0,0.0027455278999278,79.96484375,2.0,24.002351580241815,2.395277656727269,0.0,0.0097919454258428,55.1640625,2.0,3.3340001333600053,4.877026456405734,0.0,0.0093576669187208,80.9296875,2.0,1.066777798818865,1.1000377794568676,0.0,0.0016993499999998,53.4140625,2.0,2.600253384010135,4.6274006064818245,0.0,0.0039530924178257,137.640625,2.0,0.0043765072187849,47.94921875,2.0
2026-05-29T10:11:27Z,2.73369782637685,641.6666666666655,0.0,0.0191970174530719,58.65234375,2.0,3.867191198831134,4.792670157068063,0.0,0.0089630574163538,93.83984375,0.0,0.1333555594080989,24.25,0.0,0.0024005682248972,54.51171875,2.0,14.402347064959065,4.349714285714287,0.0,0.0086267277952638,80.77734375,2.0,0.2667022269635951,4.8,0.0,0.0056064857074217,80.1953125,3.0,0.200035562075299,4.679998399871989,0.0,0.0027455278999278,79.96484375,2.0,28.871294105911907,2.2917795213991936,0.0,0.0104549344199678,55.1640625,2.0,3.3340001333600053,4.877026456405734,0.0,0.0093576669187208,80.9296875,2.0,1.4668933697838826,0.4956519144939565,0.0,0.0019973915995973,53.4140625,2.0,2.600253384010135,4.6274006064818245,0.0,0.0038622588857338,137.640625,2.0,0.0043765072187849,47.94921875,2.0
2026-05-29T10:11:32Z,2.73369782637685,641.6666666666655,0.0,0.0162818437027259,58.65234375,2.0,5.8,4.827135442912818,0.0,0.0077723912706057,93.83984375,0.0,0.2666666666666666,89.99999999999999,0.0,0.0032322999310105,54.66015625,2.0,15.40104013868516,4.337362687680876,0.0,0.0086267277952638,80.77734375,2.0,0.3333600035560297,4.8,0.0,0.0056064857074217,80.1953125,3.0,0.2666933386677335,4.699997036817542,0.0,0.0028836969192345,79.96484375,2.0,32.66930259768449,2.397838713254782,0.0,0.0106865579515377,51.84765625,2.0,3.8670267386810697,4.87402548973371,0.0,0.0093405777658527,80.9296875,2.0,1.6667822376316843,1.5332553023058244,0.0,0.0028651547655529,53.4140625,2.0,3.133435562370825,4.640506329113924,0.0,0.0038622588857338,137.640625,2.0,0.0043457490051771,47.70703125,2.0
2026-05-29T10:11:37Z,2.73369782637685,641.6666666666655,0.0,0.0202356166136882,58.609375,2.0,5.8,4.827135442912818,0.0,0.0086400490107686,93.83984375,0.0,0.2666666666666666,89.99999999999999,0.0,0.0032322999310105,54.66015625,2.0,14.333333333333334,4.303343077252713,0.0,0.0086267277952638,80.77734375,2.0,0.3333600035560297,4.8,0.0,0.0042418562690811,80.1953125,3.0,0.2666933386677335,4.699997036817542,0.0,0.00276798312125,79.984375,2.0,32.80214697870655,2.4107392531905427,0.0,0.0106865579515377,51.84765625,2.0,3.999871119703131,4.87080798771291,0.0,0.0094972278483618,80.92578125,2.0,1.6667822376316843,1.5332553023058244,0.0,0.0028651547655529,53.4140625,2.0,3.133435562370825,4.640506329113924,0.0,0.0038622588857338,137.640625,2.0,0.0043457490051771,47.70703125,2.0
2026-05-29T10:11:42Z,2.9333333333333336,62.49999999999975,0.0,0.0202356166136883,58.609375,2.0,5.8,4.827135442912818,0.0,0.010589075053673,94.109375,0.0,0.2666666666666666,89.99999999999999,0.0,0.0032322999310105,54.66015625,2.0,14.333333333333334,4.303343077252713,0.0,0.0068897573028508,80.77734375,2.0,0.1333333333333333,4.8,0.0,0.0037896544803523,80.1953125,3.0,0.1999955558518321,4.699999999999999,0.0,0.00276798312125,79.984375,2.0,30.133204453036463,2.3075398579004385,0.0,0.0106406115961049,51.84765625,2.0,3.999871119703131,4.87080798771291,0.0,0.0094972278483618,80.92578125,2.0,1.6666666666666663,1.3333338271897557,0.0,0.0030793654018037,53.4140625,2.0,3.133435562370825,4.640506329113924,0.0,0.0031239690559775,137.88671875,2.0,0.0043457490051771,47.70703125,2.0
2026-05-29T10:11:47Z,2.9333333333333336,62.49999999999975,0.0,0.0209556071376746,58.609375,2.0,6.800693411565038,4.821524775759917,0.0,0.010589075053673,94.109375,0.0,0.2666933362966519,87.49999999999997,0.0,0.0028181626103351,54.66015625,2.0,17.06740005481926,4.316680463422854,0.0,0.0088676632269264,80.8046875,2.0,0.1333511134817975,4.8,0.0,0.0054859223212163,80.19921875,3.0,0.2000133360002963,4.7142884355296495,0.0,0.0028540382850393,79.984375,2.0,33.73440009304272,1.9143164499658367,0.0,0.0089313155722084,51.84765625,2.0,4.466706686518696,4.845783095754507,0.0,0.0094972278483618,80.92578125,2.0,2.066764453334242,0.4979843487998141,0.0,0.0030793654018037,53.4140625,2.0,3.333448896593106,4.623199339370212,0.0,0.0037473513648256,137.88671875,2.0,0.0034366548878135,47.70703125,2.0
2026-05-29T10:11:52Z,2.9333333333333336,62.49999999999975,0.0,0.0225462493061597,58.7265625,2.0,6.800693411565038,4.821524775759917,0.0,0.010589075053673,94.109375,0.0,0.2666933362966519,87.49999999999997,0.0,0.003680619091186,55.11328125,2.0,20.402075789361643,4.254166666666666,0.0,0.0098007235973122,80.8046875,2.0,0.1333511134817975,4.8,0.0,0.0055567642748921,80.19921875,3.0,0.2000133360002963,4.7142884355296495,0.0,0.0029846323866715,80.0390625,2.0,34.334697873488494,2.156563885586705,0.0,0.0124463370658564,51.78515625,2.0,5.067004466964464,4.842696650536815,0.0,0.009682026234143,80.92578125,2.0,2.066764453334242,0.4979843487998141,0.0,0.0031464550921871,53.4140625,2.0,3.333448896593106,4.623199339370212,0.0,0.0037473513648256,137.88671875,2.0,0.0030815295028596,47.70703125,2.0
2026-05-29T10:11:57Z,3.533804507267636,87.49999999999974,0.0,0.0225462493061597,58.7265625,2.0,6.800693411565038,4.821524775759917,0.0,0.0107858540425053,94.4375,0.0,0.2666933362966519,87.49999999999997,0.0,0.0039563676519683,55.11328125,2.0,20.402075789361643,4.254166666666666,0.0,0.0105214855739717,80.9765625,2.0,0.4000355591115062,4.8,0.0,0.0058126964292471,80.1953125,3.0,0.3333777837044939,4.685714285714285,0.0,0.0029846323866715,80.0390625,2.0,39.20264907023494,2.0000167388312,0.0,0.0124463370658564,51.78515625,2.0,5.067004466964464,4.842696650536815,0.0,0.0101523575282669,80.92578125,2.0,2.5335200148161183,0.4930382081048927,0.0,0.0034265795295403,53.4140625,2.0,3.333448896593106,4.623199339370212,0.0,0.0039101484849007,137.76953125,2.0,0.0027293571473554,47.70703125,2.0
2026-05-29T10:12:02Z,3.533804507267636,87.49999999999974,0.0,0.0245442981938361,58.7265625,2.0,5.733484456889561,4.816528593364014,0.0,0.0107858540425053,94.4375,0.0,0.2666666678518518,85.00000000000003,0.0,0.0039563676519683,55.11328125,2.0,19.46857355410045,4.318541827886163,0.0,0.0105214855739717,80.9765625,2.0,0.4000088906667061,4.800000000000001,0.0,0.0058126964292471,80.1953125,3.0,0.3333511152596939,4.699994999638863,0.0,0.0028982870679704,80.0390625,2.0,34.73560459882491,2.15488499964113,0.0,0.0124463370658564,51.78515625,2.0,4.400293352890193,4.841758231560305,0.0,0.0101523575282669,80.92578125,2.0,2.2001111208893827,1.4799541302927288,0.0,0.0034265795295403,53.4140625,2.0,3.000297810670598,4.624653957775648,0.0,0.0039567924403329,137.76953125,2.0,0.0045132352941177,48.03515625,2.0
2026-05-29T10:12:07Z,3.533804507267636,87.49999999999974,0.0,0.0245442981938361,58.7265625,2.0,5.733484456889561,4.816528593364014,0.0,0.0107858540425053,94.4375,0.0,0.2666666678518518,85.00000000000003,0.0,0.0036914250531737,55.4453125,2.0,19.2672311528914,4.342975406056005,0.0,0.0105214855739717,80.9765625,2.0,0.4000088906667061,4.800000000000001,0.0,0.0058938920634924,80.1953125,3.0,0.3333511152596939,4.699994999638863,0.0,0.0028982870679704,80.0390625,2.0,33.93543569867601,2.1187614737453604,0.0,0.0111924329638186,51.78515625,2.0,3.600124452741294,4.840860254108637,0.0,0.0104508969119011,80.92578125,2.0,2.2001111208893827,1.4799541302927288,0.0,0.0024142499999996,53.4140625,2.0,3.000297810670598,4.624653957775648,0.0,0.0039567924403329,137.76953125,2.0,0.0045132352941177,48.03515625,2.0
2026-05-29T10:12:12Z,2.3331777881474567,76.2500000000002,0.0,0.0233345877647499,58.65234375,2.0,5.733484456889561,4.816528593364014,0.0,0.0085249855975949,94.4375,0.0,0.2666666678518518,85.00000000000003,0.0,0.0036649139298515,55.4453125,2.0,19.2672311528914,4.342975406056005,0.0,0.01069625287221,80.9765625,2.0,0.1333244450369975,4.800000000000001,0.0,0.0058011414372799,80.44921875,3.0,0.1333244450369975,4.75,0.0,0.0028061105481517,79.94140625,2.0,27.40081783526289,2.1705935287824687,0.0,0.0100492222549248,51.78515625,2.0,3.600124452741294,4.840860254108637,0.0,0.0101052913729776,80.61328125,2.0,1.2666888927408395,1.720031645288317,0.0,0.0030479572617403,53.22265625,2.0,3.000297810670598,4.624653957775648,0.0,0.004049659057219,137.76953125,2.0,0.0046466014111095,48.03515625,2.0
2026-05-29T10:12:17Z,2.3331777881474567,76.2500000000002,0.0,0.0233678706199486,58.65234375,2.0,4.133884517935725,4.788034178942739,0.0,0.0085778636307591,94.8984375,0.0,0.0,24.25,0.0,0.0036649139298515,55.4453125,2.0,16.33419567053385,4.3308421421505,0.0,0.0101487717634046,81.1328125,2.0,0.0,4.8,0.0,0.0039913440420755,80.44921875,3.0,0.0,4.733335308715137,0.0,0.0029164743259021,79.94140625,2.0,25.73483575587856,2.118037575710588,0.0,0.0123257190088866,51.7890625,2.0,3.466897808596702,4.840860293165322,0.0,0.0101052913729776,80.61328125,2.0,0.7333777837044939,1.150142225777875,0.0,0.0036046090229053,53.22265625,2.0,3.3335466951149044,4.621629121364244,0.0,0.0040586835686007,138.01171875,2.0,0.0045430974322265,48.13671875,2.0
2026-05-29T10:12:22Z,2.3331777881474567,76.2500000000002,0.0,0.0233678706199486,58.65234375,2.0,4.133884517935725,4.788034178942739,0.0,0.0085778636307591,94.8984375,0.0,0.0,24.25,0.0,0.0035103279737778,54.20703125,2.0,12.868382450993469,4.33670905518578,0.0,0.0101487717634046,81.1328125,2.0,0.0,4.8,0.0,0.0044977119857056,80.44921875,3.0,0.0,4.733335308715137,0.0,0.0028168463284167,79.95703125,2.0,25.73518249189243,2.103112679227612,0.0,0.0125354701360146,51.7890625,2.0,3.4672445446105717,4.842458100558659,0.0,0.0102215021839029,80.61328125,2.0,0.7333777837044939,1.150142225777875,0.0,0.0036046090229053,53.22265625,2.0,3.3335466951149044,4.621629121364244,0.0,0.0040586835686007,138.01171875,2.0,0.004546699398662,48.13671875,2.0
2026-05-29T10:12:27Z,2.3336444859314573,46.3888888888889,0.0,0.0233678706199486,58.65234375,2.0,4.133884517935725,4.788034178942739,0.0,0.0076448630039548,94.8984375,0.0,0.0,24.25,0.0,0.0035103279737778,54.20703125,2.0,12.868382450993469,4.33670905518578,0.0,0.0088287923201443,81.16796875,2.0,0.0666800026672001,4.799999999999999,0.0,0.0049464994030123,80.453125,3.0,0.1333511134817975,4.699998518397795,0.0,0.0028168463284167,79.95703125,2.0,26.93796971600392,2.1163264662828896,0.0,0.0125354701360146,51.7890625,2.0,3.4672445446105717,4.842458100558659,0.0,0.0102215021839029,80.61328125,2.0,1.1334844645952793,1.2000522257039323,0.0,0.0036029487521096,53.234375,2.0,3.3335466951149044,4.621629121364244,0.0,0.0039629491510551,138.25390625,2.0,0.004546699398662,48.13671875,2.0
2026-05-29T10:12:32Z,2.3336444859314573,46.3888888888889,0.0,0.0187266220503164,58.65234375,2.0,4.666817787852524,4.790783395036461,0.0,0.0076448630039548,94.8984375,0.0,0.2666666666666666,24.25,0.0,0.003108652411736,54.20703125,2.0,14.200853447126285,4.341021662775777,0.0,0.0103325517145317,81.16796875,2.0,0.2000133360005334,4.8,0.0,0.0059376003557226,80.453125,3.0,0.2666844468151309,4.699995555259239,0.0,0.0028168463284167,79.95703125,2.0,28.40313396012536,2.13263746359225,0.0,0.0105631906485888,51.84375,2.0,3.600346736013869,4.864044698602063,0.0,0.0101713369149292,80.71484375,2.0,1.7334400142241186,2.0399879107349967,0.0,0.0035990983065761,53.234375,2.0,2.6001778014846426,4.638458224563166,0.0,0.0039629491510551,138.25390625,2.0,0.003090623083422,48.2578125,2.0
2026-05-29T10:12:37Z,2.3336444859314573,46.3888888888889,0.0,0.0158202345296194,58.65234375,2.0,4.666817787852524,4.790783395036461,0.0,0.0075019060443416,95.0859375,0.0,0.2666666666666666,24.25,0.0,0.003108652411736,54.20703125,2.0,15.933333333333334,4.359829794625963,0.0,0.0103325517145317,81.16796875,2.0,0.2000133360005334,4.8,0.0,0.0059376003557226,80.453125,3.0,0.2666844468151309,4.699995555259239,0.0,0.0026001818067835,79.95703125,2.0,28.469453890778155,1.7976719810537776,0.0,0.0105631906485888,51.84375,2.0,3.666666666666667,4.868674698795181,0.0,0.0079520720627919,80.71484375,2.0,1.7334400142241186,2.0399879107349967,0.0,0.0034425928541168,53.234375,2.0,2.6001778014846426,4.638458224563166,0.0,0.0040119955016871,138.515625,2.0,0.0034628303554666,48.2578125,2.0
2026-05-29T10:12:42Z,2.4000000000000004,47.74999999999993,0.0,0.0212354293156624,58.6796875,2.0,4.666817787852524,4.790783395036461,0.0,0.0068107012457044,95.0859375,0.0,0.2666666666666666,24.25,0.0,0.0031039222656717,54.22265625,2.0,15.933333333333334,4.359829794625963,0.0,0.0099096479634752,81.19140625,2.0,0.1999955558518321,4.8,0.0,0.0048480341971132,80.453125,3.0,0.1333333333333333,4.699997777679008,0.0,0.0027084254386823,80.0,2.0,28.599062284736576,1.9837490716351664,0.0,0.0105631906485888,51.84375,2.0,3.666666666666667,4.868674698795181,0.0,0.0096927036386905,80.76953125,2.0,1.7999999999999998,2.520016178814473,0.0,0.0032159414871248,53.234375,2.0,2.6001778014846426,4.638458224563166,0.0,0.0033612290768796,138.515625,2.0,0.0044664872645348,48.2578125,2.0
2026-05-29T10:12:47Z,2.4000000000000004,47.74999999999993,0.0,0.0212354293156624,58.6796875,2.0,5.00034224622398,4.7903380553331365,0.0,0.0068107012457044,95.0859375,0.0,0.1333466681483259,24.25,0.0,0.0031039222656717,54.22265625,2.0,16.800586706965806,4.286142727379076,0.0,0.0091476355247988,81.19140625,2.0,0.1333377792593975,4.8,0.0,0.0054040408355052,80.1953125,3.0,0.0666755567408987,4.666672592855979,0.0,0.0027084254386823,80.0,2.0,27.599849004443893,2.159117060412589,0.0,0.0110653643357251,51.7890625,2.0,3.5334488965931063,4.921019108280255,0.0,0.0096927036386905,80.76953125,2.0,1.7334000056301628,2.000040002000105,0.0,0.0032159414871248,53.234375,2.0,2.5333333445925925,4.62647796057813,0.0,0.0038885986678856,138.515625,2.0,0.0044664872645348,48.2578125,2.0
2026-05-29T10:12:52Z,2.4000000000000004,47.74999999999993,0.0,0.0211277902862634,58.6796875,2.0,5.00034224622398,4.7903380553331365,0.0,0.0068509674614102,95.6875,0.0,0.1333466681483259,24.25,0.0,0.0031512995135513,54.22265625,2.0,15.467706737190042,4.27179470405407,0.0,0.0091295310241341,81.234375,2.0,0.1333377792593975,4.8,0.0,0.0054040408355052,80.1953125,3.0,0.0666755567408987,4.666672592855979,0.0,0.0027444080398215,80.0,2.0,27.466737922966363,2.2200369799575226,0.0,0.0089599093909346,51.7890625,2.0,3.400337815115576,4.996129116622173,0.0,0.0095138559573187,80.76953125,2.0,1.7334000056301628,2.000040002000105,0.0,0.002735980086513,53.234375,2.0,2.5333333445925925,4.62647796057813,0.0,0.0037851315444779,138.70703125,2.0,0.0045394752873332,48.0234375,2.0
2026-05-29T10:12:57Z,2.2671200906848035,89.9999999999996,0.0,0.0211277902862634,58.6796875,2.0,5.00034224622398,4.7903380553331365,0.0,0.0070738572393604,95.6875,0.0,0.1333466681483259,24.25,0.0,0.0031512995135513,54.22265625,2.0,15.467706737190042,4.27179470405407,0.0,0.0076008442643075,81.234375,2.0,0.1333555594080989,4.799999999999999,0.0,0.0054173307216312,80.19921875,3.0,0.2000266702226963,4.533333333333332,0.0,0.0027444080398215,80.0,2.0,25.402609184924906,2.424988471510509,0.0,0.011352974504249,51.7890625,2.0,3.400337815115576,4.996129116622173,0.0,0.0095968958327964,80.76953125,2.0,1.4668133496315854,2.319988265727929,0.0,0.0034174466234931,53.2265625,2.0,2.5333333445925925,4.62647796057813,0.0,0.0030713810390761,138.70703125,2.0,0.0045394752873332,48.0234375,2.0
2026-05-29T10:13:02Z,2.2671200906848035,89.9999999999996,0.0,0.0217202326811218,58.640625,2.0,5.066666666666667,4.790565936866265,0.0,0.0070738572393604,95.6875,0.0,0.1333333333333333,24.25,0.0,0.0031988809213387,54.23046875,2.0,14.467120030224237,4.285269638280303,0.0,0.0091718865143688,81.234375,2.0,0.1333466693338667,4.8,0.0,0.0054173307216312,80.19921875,3.0,0.2000177801484642,4.599991110320918,0.0,0.0029492755104129,80.5,2.0,25.868489131884253,2.296660584544572,0.0,0.0113554858021856,51.78515625,2.0,3.5335555851891365,4.996129200982604,0.0,0.0095968958327964,80.76953125,2.0,1.400080010668089,2.159952707503129,0.0,0.0034174466234931,53.2265625,2.0,2.8002800560112022,4.6417812838025885,0.0,0.0036570590451582,138.70703125,2.0,0.0046617380180291,48.0234375,2.0
2026-05-29T10:13:07Z,2.2671200906848035,89.9999999999996,0.0,0.0217202326811218,58.640625,2.0,5.066666666666667,4.790565936866265,0.0,0.0070738572393604,95.6875,0.0,0.1333333333333333,24.25,0.0,0.003193757127324,54.23046875,2.0,17.0,4.285148364097069,0.0,0.0094497007366471,81.24609375,2.0,0.1333466693338667,4.8,0.0,0.0054173307216312,80.19921875,3.0,0.2000177801484642,4.599991110320918,0.0,0.0029492755104129,80.5,2.0,26.13493354669512,2.3173334284405507,0.0,0.0113554858021856,51.78515625,2.0,3.8,4.99119495519208,0.0,0.0098399123236198,80.7734375,2.0,1.400080010668089,2.159952707503129,0.0,0.0034174466234931,53.2265625,2.0,2.8002800560112022,4.6417812838025885,0.0,0.0029959237207777,138.70703125,2.0,0.0038165066436352,48.0234375,2.0
2026-05-29T10:13:12Z,3.199786680887941,64.9999999999999,0.0,0.0145509992941035,58.640625,2.0,5.066666666666667,4.790565936866265,0.0,0.0075508080081746,97.8671875,0.0,0.1333333333333333,24.25,0.0,0.0031388313047762,54.23046875,2.0,17.0,4.285148364097069,0.0,0.0094497007366471,81.24609375,2.0,0.1333288891851654,4.8,0.0,0.0055421803879979,80.19921875,3.0,0.0666666666666666,4.699999999999999,0.0,0.0029152632136422,80.6015625,2.0,31.6,2.2673966642599623,0.0,0.0113554858021856,51.78515625,2.0,3.8,4.99119495519208,0.0,0.0081233079838087,80.7734375,2.0,1.6666666666666663,2.0799868439766755,0.0,0.003237230102718,53.23046875,2.0,2.8002800560112022,4.6417812838025885,0.0,0.0038245838014504,138.9609375,2.0,0.0034280284754661,48.0234375,2.0
2026-05-29T10:13:17Z,3.199786680887941,64.9999999999999,0.0,0.0123320333333367,58.640625,2.0,4.800320021334755,4.789573464108365,0.0,0.0077176600691884,97.8671875,0.0,0.0,24.25,0.0,0.0031388313047762,54.23046875,2.0,17.13385336800231,4.304394816857043,0.0,0.0093285707098634,81.24609375,2.0,0.0666622225184987,4.8,0.0,0.0055421803879979,80.19921875,3.0,0.0,4.600004444641984,0.0,0.0029152632136422,80.6015625,2.0,32.46753783585572,2.186539186125124,0.0,0.0119121207096654,51.78515625,2.0,3.933466675556148,4.9662500000000005,0.0,0.0082293635888117,80.7734375,2.0,1.3333644465186567,0.4965908800103441,0.0,0.003237230102718,53.23046875,2.0,3.4664534079872027,4.61493697461572,0.0,0.0039487282746929,138.9609375,2.0,0.0046125097326758,48.19921875,2.0
2026-05-29T10:13:22Z,3.199786680887941,64.9999999999999,0.0,0.0175929214964307,58.640625,2.0,4.800320021334755,4.789573464108365,0.0,0.0077176600691884,97.8671875,0.0,0.0,24.25,0.0,0.0024881261124029,54.265625,2.0,14.534751265499755,4.320948134483188,0.0,0.0088962850931081,81.26171875,2.0,0.0666622225184987,4.8,0.0,0.0055421803879979,80.19921875,3.0,0.0,4.600004444641984,0.0,0.0023562152851219,80.6015625,2.0,32.5343378447452,2.2869863483716597,0.0,0.0092667861369027,51.78515625,2.0,4.00026668444563,4.970513139765069,0.0,0.0197920495175121,84.88671875,2.0,1.3333644465186567,0.4965908800103441,0.0,0.003237230102718,53.23046875,2.0,3.4664534079872027,4.61493697461572,0.0,0.0039487282746929,138.9609375,2.0,0.0046125097326758,48.19921875,2.0
2026-05-29T10:13:27Z,2.3334888992599505,82.49999999999967,0.0,0.0215121699612451,58.640625,2.0,4.800320021334755,4.789573464108365,0.0,0.007306086263572,97.6875,0.0,0.0,24.25,0.0,0.0029794151120785,54.265625,2.0,14.534751265499755,4.320948134483188,0.0,0.0077918601154946,81.26171875,2.0,0.1333511134817975,4.7599996444175785,0.0,0.0045951494721099,80.1953125,3.0,0.1333422228148543,4.399999999999999,0.0,0.0023860432709253,80.6015625,2.0,27.601840122674844,2.275254543160499,0.0,0.0082741094110973,51.78515625,2.0,4.00026668444563,4.970513139765069,0.0,0.0197920495175121,84.88671875,2.0,0.9333644465186568,0.4983606216944565,0.0,0.0033450102973226,53.22265625,2.0,3.4664534079872027,4.61493697461572,0.0,0.0038699142740509,138.9609375,2.0,0.0044322155132372,47.94140625,2.0
2026-05-29T10:13:32Z,2.3334888992599505,82.49999999999967,0.0,0.020652377946128,58.62109375,2.0,3.9333333333333336,4.792156862745098,0.0,0.007306086263572,97.6875,0.0,0.2666666666666666,45.62499999999999,0.0,0.0029794151120785,54.265625,2.0,12.934231230830775,4.322106866712139,0.0,0.00897119898162,81.26171875,2.0,0.2666844468151309,4.766665555493823,0.0,0.0054685172475151,80.1953125,3.0,0.2666755561481876,4.5333214806913045,0.0,0.0028073796791445,80.9609375,2.0,24.06763562015245,2.381414695066473,0.0,0.0111546097560959,51.8984375,2.0,3.400133342222815,62.72646459258896,0.0,0.0222951766792925,84.88671875,2.0,0.9333333333333332,0.4919642722501287,0.0,0.0033450102973226,53.22265625,2.0,2.733626725345069,4.6404998682055165,0.0,0.0038585642009439,139.109375,2.0,0.0043176232312446,47.94140625,2.0
2026-05-29T10:13:37Z,2.3334888992599505,82.49999999999967,0.0,0.020652377946128,58.62109375,2.0,3.9333333333333336,4.792156862745098,0.0,0.0069489995553579,97.46875,0.0,0.2666666666666666,45.62499999999999,0.0,0.003248305560756,54.3046875,2.0,12.2,4.300518520302573,0.0,0.0072014057025209,81.26171875,2.0,0.2666844468151309,4.766665555493823,0.0,0.0053695823483053,80.1953125,3.0,0.2666755561481876,4.5333214806913045,0.0,0.0028073796791445,80.9609375,2.0,23.467408950818115,2.6261175574944184,0.0,0.0111546097560959,51.8984375,2.0,2.799906672888474,82.1738996007683,0.0,0.0720732935049563,84.9921875,2.0,0.9333333333333332,0.4919642722501287,0.0,0.0026027846882012,53.22265625,2.0,2.733626725345069,4.6404998682055165,0.0,0.003992055140482,139.109375,2.0,0.0043176232312446,47.94140625,2.0
2026-05-29T10:13:42Z,1.733448896593106,175.0000000000005,0.0,0.0195130046274103,58.62109375,2.0,3.9333333333333336,4.792156862745098,0.0,0.0069489995553579,97.46875,0.0,0.2666666666666666,45.625,0.0,0.0026783988429783,54.3046875,2.0,12.2,4.300518520302573,0.0,0.0086047628402428,81.515625,2.0,0.1333333333333333,4.76,0.0,0.0053695823483053,80.1953125,3.0,0.1333333333333333,4.666669629629629,0.0,0.0019603500283275,81.07421875,2.0,21.46657333955514,2.4949373419181957,0.0,0.0102893379684451,51.9140625,2.0,2.799906672888474,82.1738996007683,0.0,0.0884676113804392,84.9921875,2.0,0.6,0.4846939786673511,0.0,0.0031548745974428,53.22265625,2.0,2.733626725345069,4.6404998682055165,0.0,0.003992055140482,139.109375,2.0,0.0041897131810322,48.3515625,2.0
2026-05-29T10:13:47Z,1.733448896593106,175.0,0.0,0.0163427105047577,58.62109375,2.0,4.200560074676623,4.7902702749456285,0.0,0.0069489995553579,97.46875,0.0,0.0,47.5,0.0,0.0027278111333094,54.3046875,2.0,13.334311241498868,4.279780718608536,0.0,0.0086047628402428,81.515625,2.0,0.0,4.750001666759264,0.0,0.005315608438646,80.1953125,3.0,0.0,4.6000177777777775,0.0,0.0023087462507497,81.07421875,2.0,21.33449350668854,2.692172694767488,0.0,0.0098759495010991,51.9140625,2.0,2.8667689211882474,85.74081207344415,0.0,0.1098323930292131,84.984375,2.0,0.4667111170378273,0.4865860377873333,0.0,0.0028736482058001,53.21875,2.0,2.933444477929146,4.618933709704059,0.0,0.003992055140482,139.109375,2.0,0.0041897131810322,48.3515625,2.0
2026-05-29T10:13:52Z,1.733448896593106,175.0,0.0,0.0147166267858069,58.62109375,2.0,4.200560074676623,4.7902702749456285,0.0,0.0051933639886228,97.484375,0.0,0.0,47.5,0.0,0.0031476698902491,54.53515625,2.0,16.468862515002,4.273137429308289,0.0,0.007894668728893,81.515625,2.0,0.0,4.750001666759264,0.0,0.0051787296090404,80.1953125,3.0,0.0,4.6000177777777775,0.0,0.0023365172941305,81.1171875,2.0,21.601586900480065,2.8973414570990226,0.0,0.0098759495010991,51.9140625,2.0,3.133862314979776,89.0909090909091,0.0,0.1377092022850856,84.984375,2.0,0.4667111170378273,0.4865860377873333,0.0,0.0028736482058001,53.21875,2.0,2.933444477929146,4.618933709704059,0.0,0.0031065713416606,139.15234375,2.0,0.0029805887292988,48.3515625,2.0
2026-05-29T10:13:57Z,2.600346712895053,462.4999999999977,0.0,0.0194562529800408,58.84765625,2.0,4.200560074676623,4.7902702749456285,0.0,0.0062011756024326,97.484375,0.0,0.0,47.5,0.0,0.0031476698902491,54.53515625,2.0,16.468862515002,4.273137429308289,0.0,0.008601395348839,81.55859375,2.0,0.1333511134817975,4.76,0.0,0.0048101223352088,80.1953125,3.0,0.1333600053344002,4.400008889481519,0.0,0.0023365172941305,81.1171875,2.0,24.53671602880829,2.9218178585571186,0.0,0.0100527928032723,51.92578125,2.0,3.133862314979776,89.0909090909091,0.0,0.1377092022850856,84.984375,2.0,1.1335378157108953,0.4875002558702483,0.0,0.0028340992267685,53.21875,2.0,2.933444477929146,4.618933709704059,0.0,0.003778268824771,139.15234375,2.0,0.0033617018292175,48.40234375,2.0
2026-05-29T10:14:02Z,2.600346712895053,462.4999999999977,0.0,0.0189778443727278,58.84765625,2.0,5.466840011556326,4.789473779014181,0.0,0.0062011756024326,97.484375,0.0,0.2666755561481876,45.0,0.0,0.0031985088973811,54.53515625,2.0,17.935106866098195,4.233130502112473,0.0,0.008601395348839,81.55859375,2.0,0.2666844468151309,4.771428208587983,0.0,0.0048101223352088,80.1953125,3.0,0.2666933386677335,4.6,0.0,0.0023439011284254,81.1171875,2.0,28.60300480893804,2.943119266055048,0.0,0.0061181827425448,51.92578125,2.0,3.6671334089028176,92.85714285714286,0.0,0.1553724156508864,85.48828125,2.0,1.6001955899324851,2.1333333333333258,0.0,0.0029692839821791,53.21875,2.0,3.267097849198481,4.64382943576045,0.0,0.003778268824771,139.15234375,2.0,0.0039340517139969,48.40234375,2.0
2026-05-29T10:14:07Z,2.600346712895053,462.4999999999977,0.0,0.0189778443727278,58.84765625,2.0,5.466840011556326,4.789473779014181,0.0,0.0062907164792033,97.4921875,0.0,0.2666755561481876,45.0,0.0,0.0031008855154965,54.546875,2.0,16.667222259261727,4.196370062626553,0.0,0.0089910418923282,81.55859375,2.0,0.2666844468151309,4.771428208587983,0.0,0.0050457050014128,79.953125,3.0,0.2666933386677335,4.6,0.0,0.0022914952234429,81.1484375,2.0,28.869209195294506,3.154070201017235,0.0,0.005667975,51.92578125,2.0,3.933337795259279,94.75000088892918,0.0,0.2043730181539505,85.48828125,2.0,1.6001955899324851,2.1333333333333258,0.0,0.0029692839821791,53.21875,2.0,3.267097849198481,4.64382943576045,0.0,0.0030827052769174,139.15234375,2.0,0.0039340517139969,48.40234375,2.0
2026-05-29T10:14:12Z,2.599826678221452,412.4999999999998,0.0,0.0189778443727278,58.84765625,2.0,5.466840011556326,4.789473779014181,0.0,0.0062746608817075,97.4921875,0.0,0.2666755561481876,45.0,0.0,0.0032474711832512,54.546875,2.0,16.667222259261727,4.196370062626553,0.0,0.0090145781460857,85.15625,2.0,0.1999955558518321,4.8,0.0,0.0051655096570211,79.953125,3.0,0.2,4.650003333481488,0.0,0.0017941092972078,81.1484375,2.0,30.06741340029961,3.188516249000652,0.0,0.0100994694650253,51.9453125,2.0,3.933337795259279,94.75000088892918,0.0,0.2043730181539505,85.48828125,2.0,1.5333688912594172,1.6666666666666663,0.0,0.0028129597298143,53.21875,2.0,3.267097849198481,4.64382943576045,0.0,0.0036432364385445,139.1640625,2.0,0.0039253847718489,48.42578125,2.0
2026-05-29T10:14:17Z,2.599826678221452,412.4999999999998,0.0,0.0195043851601781,59.1171875,2.0,4.266666666666667,4.789690814473563,0.0,0.0062746608817075,97.4921875,0.0,0.1333333333333333,24.25,0.0,0.0032474711832512,54.546875,2.0,14.533333333333331,4.236052799409583,0.0,0.0090145781460857,85.15625,2.0,0.1333288891851654,4.8,0.0,0.0051655096570211,79.953125,3.0,0.1333333333333333,4.600004444641984,0.0,0.0021262117621714,81.1484375,2.0,26.79987111970313,3.0389259880565205,0.0,0.0100994694650253,51.9453125,2.0,3.5332044530364644,95.37235667296008,0.0,0.1749841781434124,85.48828125,2.0,1.4,1.4666666666666708,0.0,0.0028129597298143,53.21875,2.0,2.666573339555141,4.623195338232874,0.0,0.0036432364385445,139.1640625,2.0,0.0039641249947429,48.42578125,2.0
2026-05-29T10:14:22Z,2.599826678221452,412.4999999999998,0.0,0.0199118765898855,59.1171875,2.0,4.266666666666667,4.789690814473563,0.0,0.0063533041913088,97.3984375,0.0,0.1333333333333333,24.25,0.0,0.0027708360005123,54.5546875,2.0,13.267106696001957,4.258100558659218,0.0,0.0096100864876996,85.42578125,2.0,0.1333288891851654,4.8,0.0,0.0051655096570211,79.953125,3.0,0.1333333333333333,4.600004444641984,0.0,0.0021653367503443,81.19140625,2.0,26.400204471707337,2.9308786243550218,0.0,0.0100994694650253,51.9453125,2.0,3.133537805040672,96.2500006313619,0.0,0.1986638913130632,82.09375,2.0,1.4,1.4666666666666708,0.0,0.0028133306072374,53.21875,2.0,2.666573339555141,4.623195338232874,0.0,0.0036432364385445,139.1640625,2.0,0.0039641249947429,48.42578125,2.0
2026-05-29T10:14:27Z,2.2001466764450965,1149.999999999999,0.0,0.0199494309202945,58.9609375,2.0,4.266666666666667,4.789690814473563,0.0,0.0065857199245647,97.3984375,0.0,0.1333333333333333,24.25,0.0,0.0027708360005123,54.5546875,2.0,13.267106696001957,4.258100558659218,0.0,0.0096100864876996,85.42578125,2.0,0.0666666666666666,4.800000000000001,0.0,0.0051959730466871,79.953125,3.0,0.0666666666666666,4.59999555516046,0.0,0.0021653367503443,81.19140625,2.0,22.001573543139084,2.926599728337435,0.0,0.0097583089699221,51.9453125,2.0,3.133537805040672,96.2500006313619,0.0,0.1986638913130632,82.09375,2.0,1.1333644465186568,1.3332903665511024,0.0,0.0030248334173242,53.21875,2.0,2.666573339555141,4.623195338232874,0.0,0.0036767837664701,139.1796875,2.0,0.003989865980062,48.42578125,2.0
2026-05-29T10:14:32Z,2.2001466764450965,1149.999999999999,0.0,0.014479687744269,58.9609375,2.0,4.800320021334755,4.790521432835469,0.0,0.0065857199245647,97.3984375,0.0,0.1333422228148543,24.25,0.0,0.0027708360005123,54.5546875,2.0,14.400960064004266,4.322216966866225,0.0,0.0096100864876996,85.42578125,2.0,0.0666711114074271,4.8,0.0,0.0051959730466871,79.953125,3.0,0.0666711114074271,4.649989999111032,0.0,0.0022684233239407,81.19140625,2.0,24.002386930698258,2.7871476210969788,0.0,0.0104215410256993,51.9453125,2.0,3.3336578130412056,95.52327438375832,0.0,0.1986638913130632,82.09375,2.0,1.1334088939262617,0.4987495601495413,0.0,0.0030248334173242,53.21875,2.0,2.800280031114845,4.641660338967146,0.0,0.0036499637831128,139.1796875,2.0,0.0041477398240951,48.51171875,2.0
2026-05-29T10:14:37Z,2.2001466764450965,1149.999999999999,0.0,0.0161861717862095,58.9609375,2.0,4.800320021334755,4.790521432835469,0.0,0.0065207713823053,97.3984375,0.0,0.1333422228148543,24.25,0.0,0.0021123563608672,54.5546875,2.0,14.800520034668978,4.318598386602174,0.0,0.0090981194615442,85.1953125,2.0,0.0666711114074271,4.8,0.0,0.0053607031272808,79.953125,3.0,0.0666711114074271,4.649989999111032,0.0,0.0018386894287479,81.19140625,2.0,24.268849125657585,2.4989080317554864,0.0,0.0105791445854079,51.9453125,2.0,3.600120008000533,94.32432793616128,0.0,0.131878103378104,82.34765625,2.0,1.1334088939262617,0.4987495601495413,0.0,0.0030248334173242,53.21875,2.0,2.800280031114845,4.641660338967146,0.0,0.0036499637831128,139.1796875,2.0,0.0041477398240951,48.51171875,2.0
2026-05-29T10:14:42Z,2.0,242.5000000000001,0.0,0.0173957276751369,58.9609375,2.0,4.800320021334755,4.790521432835469,0.0,0.0063980134585163,97.49609375,0.0,0.1333422228148543,24.25,0.0,0.0027593967013887,54.55859375,2.0,14.800520034668978,4.318598386602174,0.0,0.0087618642704481,85.1953125,2.0,0.1333377780740938,4.799999999999999,0.0,0.0053215245927565,79.953125,3.0,0.1333377780740938,4.699999999999999,0.0,0.002310943744236,81.36328125,2.0,27.866555671406918,2.4845454784970373,0.0,0.0105928704996819,51.9453125,2.0,3.600120008000533,94.32432793616128,0.0,0.131878103378104,82.34765625,2.0,1.2667111140742715,0.4991528698766999,0.0,0.0030595898455144,53.21484375,2.0,2.800280031114845,4.641660338967146,0.0,0.0036499637831128,139.1796875,2.0,0.0041690273305024,48.51171875,2.0
2026-05-29T10:14:47Z,2.0,242.5000000000001,0.0,0.0196579906758889,58.8828125,2.0,4.533937858381118,4.790862944162436,0.0,0.0063980134585163,97.49609375,0.0,0.0,24.25,0.0,0.0027593967013887,54.55859375,2.0,13.134151220162687,4.312914650975237,0.0,0.0087618642704481,85.1953125,2.0,0.0666666666666666,4.8,0.0,0.0053215245927565,79.953125,3.0,0.0666666666666666,4.600008889086424,0.0,0.002310943744236,81.36328125,2.0,27.26728915676413,2.561243595552294,0.0,0.0105928704996819,51.9453125,2.0,3.600240032004267,90.98206221258503,0.0,0.0976364645525188,82.34765625,2.0,1.1334044539271904,0.493269668001771,0.0,0.0029714983501781,53.21484375,2.0,2.9337244965995466,4.614705882352942,0.0,0.0029438782892697,139.1796875,2.0,0.0041690273305024,48.51171875,2.0
2026-05-29T10:14:52Z,2.0,242.5000000000001,0.0,0.0196579906758889,58.8828125,2.0,4.533937858381118,4.790862944162436,0.0,0.00634401179941,97.49609375,0.0,0.0,24.25,0.0,0.0027822066752815,54.5625,2.0,13.535138018402456,4.366137566137564,0.0,0.0088186368818585,85.21875,2.0,0.0666666666666666,4.8,0.0,0.0052037150216079,79.953125,3.0,0.0666666666666666,4.600008889086424,0.0,0.0025512788393651,80.6171875,2.0,27.60090697247289,2.209364943937995,0.0,0.0111172184160533,51.765625,2.0,3.933857847713029,84.2499741646285,0.0,0.0726275190806947,82.09765625,2.0,1.1334044539271904,0.493269668001771,0.0,0.0029714983501781,53.21484375,2.0,2.9337244965995466,4.614705882352942,0.0,0.0017729000000002,139.1796875,2.0,0.0032780540771324,48.51171875,2.0
2026-05-29T10:14:57Z,2.533840101353604,236.8750000000007,0.0,0.020283016215205,59.0703125,2.0,4.533937858381118,4.790862944162436,0.0,0.005150174512291,97.49609375,0.0,0.0,24.25,0.0,0.0027822066752815,54.5625,2.0,13.535138018402456,4.366137566137564,0.0,0.0075104673702159,85.21875,2.0,0.0666800026672001,4.8,0.0,0.0052037150216079,79.953125,3.0,0.0666755567408987,4.733333333333333,0.0,0.0025512788393651,80.6171875,2.0,31.13748499799973,2.141870792283381,0.0,0.0108822937119274,51.765625,2.0,3.933857847713029,84.2499741646285,0.0,0.0726275190806947,82.09765625,2.0,1.3335644859335916,0.4932690121462335,0.0,0.0029714983501781,53.21484375,2.0,2.9337244965995466,4.614705882352942,0.0,0.0037652003866122,138.41796875,2.0,0.0044329837089936,47.6875,2.0
2026-05-29T10:15:02Z,2.533840101353604,236.8750000000007,0.0,0.020283016215205,59.0703125,2.0,4.6000000000000005,4.789999999999999,0.0,0.0066515145992053,97.24609375,0.0,0.1333333333333333,24.25,0.0,0.0027822066752815,54.5625,2.0,14.3343201315731,4.385567010309277,0.0,0.0086802694859865,85.2578125,2.0,0.1333466693338667,4.8,0.0,0.0052037150216079,79.953125,3.0,0.1333422234075654,4.733333333333333,0.0,0.0025512788393651,80.6171875,2.0,32.60260479175001,1.7797601150475444,0.0,0.0108822937119274,51.765625,2.0,4.066951149042095,68.54188543246644,0.0,0.0080424204176436,82.1015625,2.0,1.533493365339735,0.4922725318489353,0.0,0.0031574513983412,53.0234375,2.0,2.8,4.620584547927727,0.0,0.0037652003866122,138.41796875,2.0,0.0044329837089936,47.6875,2.0
2026-05-29T10:15:07Z,2.533840101353604,236.8750000000007,0.0,0.0201570853506978,58.93359375,2.0,4.6000000000000005,4.789999999999999,0.0,0.0067138255766343,97.24609375,0.0,0.1333333333333333,24.25,0.0,0.0027506508229763,54.57421875,2.0,12.933333333333334,4.390867394778855,0.0,0.0086802694859865,85.2578125,2.0,0.1333466693338667,4.8,0.0,0.0052351842418053,79.953125,3.0,0.1333422234075654,4.733333333333333,0.0,0.0021961891838212,80.6171875,2.0,32.26898697604125,1.5123191997174812,0.0,0.0090141666247132,51.765625,2.0,3.733333333333333,4.913773772289838,0.0,0.009434016462695,82.1015625,2.0,1.533493365339735,0.4922725318489353,0.0,0.0031574513983412,53.0234375,2.0,2.8,4.620584547927727,0.0,0.0037652003866122,138.41796875,2.0,0.0044329837089936,47.6875,2.0
2026-05-29T10:15:12Z,2.533164455702953,47.81249999999999,0.0,0.0201570853506978,58.93359375,2.0,4.6000000000000005,4.789999999999999,0.0,0.0066967342224088,97.31640625,0.0,0.1333333333333333,24.25,0.0,0.0027506508229763,54.57421875,2.0,12.933333333333334,4.390867394778855,0.0,0.0083388521255498,85.2578125,2.0,0.1333333333333333,4.800000000000001,0.0,0.005378436548223,80.0,3.0,0.1333333333333333,4.750000555586421,0.0,0.0025880841074209,80.80078125,2.0,28.73333333333333,1.3889476352580743,0.0,0.0116208827404471,51.64453125,2.0,3.733333333333333,4.913773772289838,0.0,0.009434016462695,82.1015625,2.0,1.4666666666666666,0.4919642857142857,0.0,0.0031574513983412,53.0234375,2.0,2.8,4.620584547927727,0.0,0.0037579054631511,138.41796875,2.0,0.0044370824744825,47.6796875,2.0
2026-05-29T10:15:17Z,2.533164455702953,47.81249999999999,0.0,0.0201864628928952,58.93359375,2.0,5.534071209494599,4.791133004926108,0.0,0.0066967342224088,97.31640625,0.0,0.2667022269635951,46.25,0.0,0.0027506508229763,54.57421875,2.0,12.66755567408988,4.377211038744951,0.0,0.0069829316064572,85.2578125,2.0,0.2000177801484642,4.8,0.0,0.005378436548223,80.0,3.0,0.2000177801484642,4.760001066733041,0.0,0.0025880841074209,80.80078125,2.0,31.135395830555183,1.589554840841309,0.0,0.0116208827404471,51.64453125,2.0,4.133644485931458,4.822222724746714,0.0,0.0077180474849346,82.1015625,2.0,1.6667911277059164,2.0500322243705176,0.0,0.0031574513983412,53.0234375,2.0,3.0669733674114967,4.603081029074788,0.0,0.0037662533714419,138.4140625,2.0,0.0044370824744825,47.6796875,2.0
2026-05-29T10:15:22Z,2.533164455702953,47.81249999999999,0.0,0.0200860553587809,59.06640625,2.0,5.534071209494599,4.791133004926108,0.0,0.0070820246379537,98.01171875,0.0,0.2667022269635951,46.25,0.0,0.0025941823464308,54.57421875,2.0,13.601813575143352,4.40102564102564,0.0,0.0093286944540123,88.12109375,2.0,0.2000177801484642,4.8,0.0,0.005378436548223,80.0,3.0,0.2000177801484642,4.760001066733041,0.0,0.0026478284456075,80.80078125,2.0,31.13563586255945,1.7114880674763313,0.0,0.0116208827404471,51.64453125,2.0,4.133884517935725,4.821839080459769,0.0,0.0097846636233686,82.1015625,2.0,1.6667911277059164,2.0500322243705176,0.0,0.0031947606999793,53.0234375,2.0,3.0669733674114967,4.603081029074788,0.0,0.0037662533714419,138.4140625,2.0,0.0044370824744825,47.6796875,2.0
2026-05-29T10:15:27Z,2.467160098686404,38.33333333333328,0.0,0.0178149234013803,59.06640625,2.0,5.534071209494599,4.791133004926108,0.0,0.0070820246379537,98.01171875,0.0,0.2667022269635951,46.25,0.0,0.0020219921935531,54.57421875,2.0,13.601813575143352,4.40102564102564,0.0,0.0093286944540123,88.12109375,2.0,0.3333777837044939,4.7599994666121415,0.0,0.0054672764722816,80.00390625,3.0,0.3333777837044939,4.68,0.0,0.002746421560609,80.99609375,2.0,33.67224985202401,1.6999682743055762,0.0,0.0117015338601135,51.63671875,2.0,4.133884517935725,4.821839080459769,0.0,0.0097846636233686,82.1015625,2.0,1.9335911454860648,1.799962218024231,0.0,0.0031947606999793,53.0234375,2.0,3.0669733674114967,4.603081029074788,0.0,0.0025497986915885,138.4140625,2.0,0.0044370824744825,47.6796875,2.0
2026-05-29T10:15:32Z,2.467160098686404,38.33333333333328,0.0,0.020915262475694,59.06640625,2.0,5.533315556740662,4.792857135770809,0.0,0.0070820246379537,98.01171875,0.0,0.2666577783703309,43.74999999999999,0.0,0.0031575507328621,54.578125,2.0,16.734222347868133,4.402809389068807,0.0,0.0093286944540123,88.12109375,2.0,0.3333511152596939,4.77142675721411,0.0,0.0054672764722816,80.00390625,3.0,0.3333511152596939,4.714281632367975,0.0,0.002746421560609,80.99609375,2.0,31.93682735657982,1.5724258111992315,0.0,0.0117015338601135,51.63671875,2.0,3.8002400320042673,4.82111064194403,0.0,0.0097846636233686,82.1015625,2.0,1.7334489078541435,1.499839428124789,0.0,0.0032021828268208,53.0234375,2.0,3.5335644752633684,4.614080491700704,0.0,0.0028785768540834,138.41796875,2.0,0.0032470938222561,47.93359375,2.0
2026-05-29T10:15:37Z,2.467160098686404,38.33333333333328,0.0,0.0219798317757012,59.109375,2.0,5.533315556740662,4.792857135770809,0.0,0.0071484051164362,97.640625,0.0,0.2666577783703309,43.74999999999999,0.0,0.0031575507328621,54.578125,2.0,20.666631113481326,4.32718424429477,0.0,0.0099366325864686,88.54296875,2.0,0.3333511152596939,4.77142675721411,0.0,0.0054672764722816,80.00390625,3.0,0.3333511152596939,4.714281632367975,0.0,0.002746421560609,80.99609375,2.0,32.336587324575554,1.4518482495041376,0.0,0.0113139639770707,51.63671875,2.0,4.2,4.821714285714285,0.0,0.0096485132044097,82.11328125,2.0,1.7334489078541435,1.499839428124789,0.0,0.0032021828268208,53.0234375,2.0,3.5335644752633684,4.614080491700704,0.0,0.0032023070865515,138.41796875,2.0,0.0036212756555738,47.93359375,2.0
2026-05-29T10:15:42Z,3.1331244583694424,45.3125,0.0,0.0219798317757012,59.109375,2.0,5.533315556740662,4.792857135770809,0.0,0.0059180308676565,97.640625,0.0,0.2666577783703309,43.74999999999999,0.0,0.0032488169102953,54.578125,2.0,20.666631113481326,4.32718424429477,0.0,0.0099366325864686,88.54296875,2.0,0.1333244450369975,4.774999652765239,0.0,0.0053566335045625,80.0,3.0,0.1333244450369975,4.6999981480727,0.0,0.0024741915125549,80.9296875,2.0,29.26664000177766,1.335961794310261,0.0,0.0112774043381409,51.8046875,2.0,4.2,4.821714285714285,0.0,0.0096485132044097,82.11328125,2.0,1.1333155567406616,1.599954442672765,0.0,0.0032082457293033,53.0234375,2.0,3.5335644752633684,4.614080491700704,0.0,0.0038847627896176,138.41796875,2.0,0.004997163342342,53.0078125,2.0
2026-05-29T10:15:47Z,3.1331244583694424,45.3125000000001,0.0,0.0216116239568715,59.109375,2.0,4.333911188158421,4.79459459026565,0.0,0.0062331482152708,97.640625,0.0,0.0,44.99999999999999,0.0,0.0030783309625415,54.44140625,2.0,20.534622394096992,4.2454644010834,0.0,0.0099366325864686,88.54296875,2.0,0.0,4.771428934259944,0.0,0.0053566335045625,80.0,3.0,0.0,4.680002133437634,0.0,0.0024741915125549,80.9296875,2.0,25.60134240120905,1.670015404320193,0.0,0.0112774043381409,51.8046875,2.0,3.6668622482997737,4.8,0.0,0.0096485132044097,82.11328125,2.0,0.6667022269635952,0.4995690690608573,0.0,0.0026583524113007,53.0234375,2.0,3.600240032004267,4.620783100277738,0.0,0.0038766102778165,138.41796875,2.0,0.004997163342342,53.0078125,2.0
2026-05-29T10:15:52Z,3.1331244583694424,45.3125000000001,0.0,0.0181308918217511,59.109375,2.0,4.333911188158421,4.79459459026565,0.0,0.0070618600856618,97.59765625,0.0,0.0,44.99999999999999,0.0,0.0033918325288786,54.44140625,2.0,18.335778103747167,4.181249517473116,0.0,0.0102669546157822,88.96484375,2.0,0.0,4.771428934259944,0.0,0.0041379879219558,80.24609375,3.0,0.0,4.680002133437634,0.0,0.0024970998395658,80.9296875,2.0,24.668093517950165,1.675023550318509,0.0,0.0089082886342673,51.8046875,2.0,2.733613365040889,4.800000000000001,0.0,0.0096372406659624,82.125,2.0,0.6667022269635952,0.4995690690608573,0.0,0.0030828028012096,53.0234375,2.0,3.600240032004267,4.620783100277738,0.0,0.0038766102778165,138.41796875,2.0,0.004997163342342,53.0078125,2.0
2026-05-29T10:15:57Z,2.000266702226964,40.41666666666659,0.0,0.0210548638547766,59.4375,2.0,4.333911188158421,4.79459459026565,0.0,0.0070618600856618,97.59765625,0.0,0.0,44.99999999999999,0.0,0.0033918325288786,54.44140625,2.0,18.335778103747167,4.181249517473116,0.0,0.0102669546157822,88.96484375,2.0,0.0,4.771428571428571,0.0,0.0045825074593829,80.24609375,3.0,0.0,4.649996666370344,0.0,0.0024970998395658,80.9296875,2.0,21.802124675582892,1.7797367800681116,0.0,0.0090542236121458,51.640625,2.0,2.733613365040889,4.800000000000001,0.0,0.0096372406659624,82.125,2.0,0.4667155611858766,1.2666355527898825,0.0,0.0030828028012096,53.0234375,2.0,3.600240032004267,4.620783100277738,0.0,0.0032346199554784,138.41796875,2.0,0.0052668793541246,53.0078125,2.0
2026-05-29T10:16:02Z,2.000266702226964,40.41666666666659,0.0,0.0210548638547766,59.4375,2.0,4.466537787554983,4.79609751486392,0.0,0.0070106193983671,97.81640625,0.0,0.1333333339259259,24.25,0.0,0.0033918325288786,54.44140625,2.0,16.800649079129403,4.132959245480738,0.0,0.0085090184496457,88.96484375,2.0,0.0666711114074271,4.766666296275719,0.0,0.005334234449126,80.24609375,3.0,0.0666711114074271,4.599991110320917,0.0,0.002615073748128,81.0234375,2.0,22.13344898725977,1.51935856717663,0.0,0.0104840095346875,51.640625,2.0,2.7999822346665875,4.8,0.0,0.007861253003024,82.12109375,2.0,0.7333288921481284,0.4841345880536325,0.0,0.0030155538694987,53.0234375,2.0,2.866671123851872,4.62499251340226,0.0,0.0039373559674122,138.41796875,2.0,0.0050434111115747,53.3671875,2.0
2026-05-29T10:16:07Z,2.000266702226964,40.41666666666659,0.0,0.022063069710912,59.43359375,2.0,4.466537787554983,4.79609751486392,0.0,0.0070106193983671,97.81640625,0.0,0.1333333339259259,24.25,0.0,0.0024026036822786,54.875,2.0,16.59949336947923,4.090209957947538,0.0,0.0101087070433598,89.28125,2.0,0.0666711114074271,4.766666296275719,0.0,0.0053301947991769,80.0,3.0,0.0666711114074271,4.599991110320917,0.0,0.002615073748128,81.0234375,2.0,22.66681787851919,1.3912023661153006,0.0,0.0106812508211803,51.63671875,2.0,3.333351125926005,4.800000000000001,0.0,0.0092456021492816,82.12109375,2.0,0.7333288921481284,0.4841345880536325,0.0,0.0031649911681962,53.0234375,2.0,2.866671123851872,4.62499251340226,0.0,0.0038607109350569,138.41796875,2.0,0.0050434111115747,53.3671875,2.0
2026-05-29T10:16:12Z,2.8001866791119405,949.999999999997,0.0,0.022063069710912,59.43359375,2.0,4.466537787554983,4.79609751486392,0.0,0.0069039410737337,97.81640625,0.0,0.1333333339259259,24.25,0.0,0.0030811334605785,54.875,2.0,16.59949336947923,4.090209957947538,0.0,0.0101087070433598,89.28125,2.0,0.2000044447407604,4.800000000000001,0.0,0.0052743377681884,80.0,3.0,0.2000044447407604,4.75,0.0,0.0024419820397683,81.0234375,2.0,27.20045345422424,1.5323685378515766,0.0,0.0104197073122819,51.63671875,2.0,3.333351125926005,4.800000000000001,0.0,0.0092456021492816,82.12109375,2.0,1.066613338073837,0.4851066888097284,0.0,0.0031649911681962,53.0234375,2.0,2.866671123851872,4.62499251340226,0.0,0.0038607109350569,138.41796875,2.0,0.0045214121701072,53.3671875,2.0
2026-05-29T10:16:17Z,2.8001866791119405,949.999999999997,0.0,0.022063069710912,59.43359375,2.0,6.534391289512737,4.793137260883226,0.0,0.0072573835125448,97.59765625,0.0,0.4000666782242967,24.25,0.0,0.0034009423527854,54.890625,2.0,18.135231486000272,4.073758218593094,0.0,0.0101087070433598,89.28125,2.0,0.3333600035560297,4.8,0.0,0.0052743377681884,80.0,3.0,0.3333600035560297,4.760002133456599,0.0,0.0025229695594465,80.91015625,2.0,32.07081845582896,1.5634306218533742,0.0,0.0104197073122819,51.63671875,2.0,4.067240098685337,4.8,0.0,0.009538597212232,82.12890625,2.0,1.5334711445981837,0.475,0.0,0.0031649911681962,53.0234375,2.0,3.733831194089563,4.620260749165784,0.0,0.0038609212348654,138.4765625,2.0,0.0043646839947881,53.3671875,2.0
2026-05-29T10:16:22Z,2.8001866791119405,949.999999999997,0.0,0.0226329618741569,59.18359375,2.0,6.534391289512737,4.793137260883226,0.0,0.0072257329376854,97.59765625,0.0,0.4000666782242967,24.25,0.0,0.0034009423527854,54.890625,2.0,19.669898330468424,4.085714215935052,0.0,0.0097106717825314,89.28125,2.0,0.3333600035560297,4.8,0.0,0.0044523761798309,80.0,3.0,0.3333600035560297,4.760002133456599,0.0,0.0025229695594465,80.91015625,2.0,32.87104516072348,1.635679502555778,0.0,0.0086760850680972,51.63671875,2.0,4.867466803579856,4.8,0.0,0.0095152468478272,82.12890625,2.0,1.5334711445981837,0.475,0.0,0.0026024166686246,53.0234375,2.0,3.733831194089563,4.620260749165784,0.0,0.0038609212348654,138.4765625,2.0,0.0039199388888885,53.3671875,2.0
2026-05-29T10:16:27Z,3.733831177490332,48.95833333333322,0.0,0.0226329618741569,59.18359375,2.0,6.534391289512737,4.793137260883226,0.0,0.0072257329376854,97.59765625,0.0,0.4000666782242967,24.25,0.0,0.0034009423527854,54.890625,2.0,19.669898330468424,4.085714215935052,0.0,0.0075397701832816,89.28125,2.0,0.4000666782242967,4.775000277805559,0.0,0.0041599402343329,80.0,3.0,0.4000533404453927,4.64000284470995,0.0,0.0027693997301451,80.91015625,2.0,37.00592987869032,1.5813328592065712,0.0,0.0073728816439674,51.63671875,2.0,4.867466803579856,4.8,0.0,0.0095152468478272,82.12890625,2.0,2.5338134257957963,0.475,0.0,0.0023404314904011,53.0234375,2.0,3.733831194089563,4.620260749165784,0.0,0.0038609212348654,138.4765625,2.0,0.0034751937829889,53.3671875,2.0
2026-05-29T10:16:32Z,3.733831177490332,48.95833333333322,0.0,0.0226329618741569,59.18359375,2.0,5.133333333333334,4.787906989244255,0.0,0.0060925975126936,97.59765625,0.0,0.1333333333333333,24.25,0.0,0.0031131032825969,54.890625,2.0,19.20133351113482,4.160607451488207,0.0,0.0100846643857622,89.890625,2.0,0.266706674668267,4.777777503407677,0.0,0.0055835832456156,80.01171875,3.0,0.266693336889363,4.666664197320513,0.0,0.002772241555783,81.20703125,2.0,35.536231497533,1.479953122326461,0.0,0.0115228739364554,51.61328125,2.0,4.600346712895053,4.8,0.0,0.009590772885072,82.125,2.0,2.466973394678936,0.482421771912962,0.0,0.0036990936866161,52.95703125,2.0,2.7335111348179755,4.602769255082853,0.0,0.0032598905140018,138.4765625,2.0,0.0046401593939525,53.6171875,2.0
2026-05-29T10:16:37Z,3.733831177490332,48.95833333333322,0.0,0.0201409008062629,59.07421875,2.0,5.133333333333334,4.787906989244255,0.0,0.0072757253675052,97.64453125,0.0,0.1333333333333333,24.25,0.0,0.0033872013041228,54.96484375,2.0,17.333333333333332,4.217646924250957,0.0,0.0101286696121748,89.890625,2.0,0.266706674668267,4.777777503407677,0.0,0.0055835832456156,80.01171875,3.0,0.266693336889363,4.666664197320513,0.0,0.002772241555783,81.20703125,2.0,34.40255145130462,1.5209984195611674,0.0,0.0115228739364554,51.61328125,2.0,3.466666666666667,4.8,0.0,0.0097517502776312,82.125,2.0,2.466973394678936,0.482421771912962,0.0,0.0036990936866161,52.95703125,2.0,2.7335111348179755,4.602769255082853,0.0,0.0029380452207522,138.4765625,2.0,0.0046401593939525,53.6171875,2.0
2026-05-29T10:16:42Z,2.0665288980734617,50.0,0.0,0.0236576035781558,59.07421875,2.0,5.133333333333334,4.787906989244255,0.0,0.0072757253675052,97.64453125,0.0,0.1333333333333333,24.25,0.0,0.0033872013041228,54.96484375,2.0,17.333333333333332,4.217646924250957,0.0,0.0101286696121748,89.890625,2.0,0.0666666666666666,4.777778052141104,0.0,0.0055523208050934,80.01171875,3.0,0.0666666666666666,4.666669135921358,0.0,0.0027335998769801,81.20703125,2.0,27.59917783258894,1.4935152360191044,0.0,0.0125357505837112,51.61328125,2.0,3.466666666666667,4.8,0.0,0.0097517502776312,82.125,2.0,1.4666666666666668,0.4815972018591306,0.0,0.0036540729674477,52.96484375,2.0,2.7335111348179755,4.602769255082853,0.0,0.0026161999275026,138.4765625,2.0,0.0046377076236964,53.6171875,2.0
2026-05-29T10:16:47Z,2.0665288980734617,50.0,0.0,0.0236576035781558,59.07421875,2.0,4.13376004859852,4.787962953055268,0.0,0.0072757253675052,97.64453125,0.0,0.0,24.25,0.0,0.0032504720522332,54.984375,2.0,14.600431139853768,4.235305735587989,0.0,0.0101286696121748,89.890625,2.0,0.0,4.775000277793211,0.0,0.0054976115208994,80.01171875,3.0,0.0,4.640002844583513,0.0,0.0027335998769801,81.20703125,2.0,24.33321343496243,1.5641567898855824,0.0,0.0119151629308715,51.57421875,2.0,3.0667733404449184,4.8,0.0,0.0082533396710827,82.125,2.0,1.0000311131853237,0.4815973932737158,0.0,0.0036540729674477,52.96484375,2.0,2.733422228148543,4.600004251495269,0.0,0.003709738298943,138.48046875,2.0,0.0045882489745867,53.53515625,2.0
2026-05-29T10:16:52Z,2.0665288980734617,50.0,0.0,0.0199350796551329,59.07421875,2.0,4.13376004859852,4.787962953055268,0.0,0.0076309679723776,97.6875,0.0,0.0,24.25,0.0,0.0032504720522332,54.984375,2.0,15.93439562637509,4.284365013109941,0.0,0.0106039550318302,89.890625,2.0,0.0,4.775000277793211,0.0,0.0055680534407387,80.01171875,3.0,0.0,4.640002844583513,0.0,0.0020899168359477,81.20703125,2.0,25.000022333333437,1.7098057833803268,0.0,0.0119151629308715,51.57421875,2.0,3.733582238815921,4.800000000000001,0.0,0.0077925689192869,82.125,2.0,1.0000311131853237,0.4815973932737158,0.0,0.003714928916419,52.96484375,2.0,2.733422228148543,4.600004251495269,0.0,0.003709738298943,138.48046875,2.0,0.0045882489745867,53.53515625,2.0
2026-05-29T10:16:57Z,2.866857790519368,48.39285714285712,0.0,0.0237217611802686,59.08203125,2.0,4.13376004859852,4.787962953055268,0.0,0.0076309679723776,97.6875,0.0,0.0,24.25,0.0,0.0032504720522332,54.984375,2.0,15.93439562637509,4.284365013109941,0.0,0.0074442415312206,89.890625,2.0,0.0666755567408987,4.774999722200615,0.0,0.0055680534407387,80.01171875,3.0,0.0666711114074271,4.6,0.0,0.0018621168461993,81.20703125,2.0,29.86980480656305,1.5756313202490746,0.0,0.0121172449921409,51.57421875,2.0,3.733582238815921,4.800000000000001,0.0,0.0069522276181808,82.125,2.0,1.4000933395559705,0.4811688454124253,0.0,0.003714928916419,52.96484375,2.0,2.733422228148543,4.600004251495269,0.0,0.0037518050541519,138.49609375,2.0,0.0045882489745867,53.53515625,2.0
2026-05-29T10:17:02Z,2.866857790519368,48.39285714285712,0.0,0.0237217611802686,59.08203125,2.0,7.266440015110104,4.783549783549784,0.0,0.0073999882701387,97.6875,0.0,0.4,24.25,0.0,0.0034608484592657,54.984375,2.0,21.467297819854657,4.310908164385295,0.0,0.0104489397908273,90.84375,2.0,0.2666755567408988,4.774999166620368,0.0,0.0055680534407387,80.01171875,3.0,0.2666711114074271,4.599991110518479,0.0,0.0026800334168755,81.59765625,2.0,38.06910253752289,1.6888487330922897,0.0,0.0129098727399419,51.57421875,2.0,4.800142231704335,4.820212316764906,0.0,0.0099513193588176,82.41015625,2.0,2.3333955597039804,0.480588046817746,0.0,0.0036671188677864,52.97265625,2.0,3.4667777851856787,4.629722895437851,0.0,0.0037518050541519,138.49609375,2.0,0.0033418544779591,53.7109375,2.0
2026-05-29T10:17:07Z,2.866857790519368,48.39285714285712,0.0,0.0225441471071923,59.08203125,2.0,7.266440015110104,4.783549783549784,0.0,0.0073999882701387,97.6875,0.0,0.4,24.25,0.0,0.0032371731758012,54.984375,2.0,20.667244482965533,4.292635972733491,0.0,0.0103350689838171,90.84375,2.0,0.2666755567408988,4.774999166620368,0.0,0.0041280736510482,80.0078125,3.0,0.2666711114074271,4.599991110518479,0.0,0.0026800334168755,81.59765625,2.0,38.13562697248522,1.624938582012199,0.0,0.0097591007403958,51.57421875,2.0,4.866666666666667,4.8207650273224045,0.0,0.0099513193588176,82.41015625,2.0,2.3333955597039804,0.480588046817746,0.0,0.0027514277869052,52.97265625,2.0,3.4667777851856787,4.629722895437851,0.0,0.0037025745943645,138.60546875,2.0,0.0037263889463773,53.7109375,2.0
2026-05-29T10:17:12Z,3.0668711247416494,44.24999999999996,0.0,0.0227674668097093,59.08203125,2.0,7.266440015110104,4.783549783549784,0.0,0.0072018056389814,97.67578125,0.0,0.4,24.25,0.0,0.0032371731758012,54.984375,2.0,20.667244482965533,4.292635972733491,0.0,0.0100752213417618,91.00390625,2.0,0.3333244450369975,4.8,0.0,0.0052151224707148,80.0078125,3.0,0.3333333333333333,4.65,0.0,0.0026800334168755,81.59765625,2.0,38.06666666666667,1.7057471264367816,0.0,0.0126716882950021,51.57421875,2.0,4.866666666666667,4.8207650273224045,0.0,0.0098649893272203,82.15234375,2.0,2.2666666666666666,0.4809375,0.0,0.0034404988467374,57.97265625,2.0,3.4667777851856787,4.629722895437851,0.0,0.0037025745943645,138.60546875,2.0,0.004614413621019,53.7109375,2.0
2026-05-29T10:17:17Z,3.0668711247416494,44.24999999999996,0.0,0.0227674668097093,59.08203125,2.0,4.067088937191092,4.787499861103395,0.0,0.0072709420151312,97.67578125,0.0,0.0666755567408987,24.25,0.0,0.0030204173635825,54.734375,2.0,14.667657845634391,4.254459879541276,0.0,0.0100752213417618,91.00390625,2.0,0.2000000017778963,4.799999999999999,0.0,0.0052151224707148,80.0078125,3.0,0.2000088900742321,4.600008889086423,0.0,0.0026219259778984,81.59765625,2.0,28.93398226666979,1.2189389900853649,0.0,0.0106630145054393,51.57421875,2.0,3.666764450963398,4.821229284847715,0.0,0.0098895267007032,82.15234375,2.0,1.4000444485930272,0.475,0.0,0.0040322808671059,57.97265625,2.0,2.6000800053336888,4.627030499231212,0.0,0.0021006499999998,138.60546875,2.0,0.004614413621019,53.7109375,2.0
2026-05-29T10:17:22Z,3.0668711247416494,44.24999999999996,0.0,0.0234370005806381,59.08203125,2.0,4.067088937191092,4.787499861103395,0.0,0.0072709420151312,97.67578125,0.0,0.0666755567408987,24.25,0.0,0.0035956873946433,54.734375,2.0,13.000413362668858,4.260098296635396,0.0,0.0100752213417618,91.00390625,2.0,0.2000000017778963,4.799999999999999,0.0,0.0054607156673119,80.0078125,3.0,0.2000088900742321,4.600008889086423,0.0,0.0026854466918634,81.7734375,2.0,28.734248968896758,1.2027481022176605,0.0,0.0118557049002475,51.57421875,2.0,3.4670311531903613,4.820540306131029,0.0,0.0098895267007032,82.15234375,2.0,1.4000444485930272,0.475,0.0,0.0040322808671059,57.97265625,2.0,2.6000800053336888,4.627030499231212,0.0,0.0021006499999998,138.60546875,2.0,0.0045205761316874,54.17578125,2.0
2026-05-29T10:17:27Z,2.533502233482232,37.91666666666666,0.0,0.0224089828160211,59.09765625,2.0,4.067088937191092,4.787499861103395,0.0,0.0069917156228218,97.6484375,0.0,0.0666755567408987,24.25,0.0,0.0035956873946433,54.734375,2.0,13.000413362668858,4.260098296635396,0.0,0.0100752213417618,91.00390625,2.0,0.1333511134817975,4.799999999999999,0.0,0.0054607156673119,80.0078125,3.0,0.1333466681483259,4.533339259522645,0.0,0.0026854466918634,81.7734375,2.0,24.73512458282657,1.032852137555887,0.0,0.0118557049002475,51.57421875,2.0,3.4670311531903613,4.820540306131029,0.0,0.009706369840754,82.15234375,2.0,1.1334577925944496,0.4749999999999999,0.0,0.0033866006924804,57.97265625,2.0,2.6000800053336888,4.627030499231212,0.0,0.0031864631526956,138.61328125,2.0,0.0045205761316874,54.17578125,2.0
2026-05-29T10:17:32Z,2.533502233482232,37.91666666666666,0.0,0.0224089828160211,59.09765625,2.0,4.9331733439992895,4.784482923769709,0.0,0.0069917156228218,97.6484375,0.0,0.0666666666666666,24.25,0.0,0.0035956873946433,54.734375,2.0,14.866666666666664,4.26733147671631,0.0,0.0057923669058018,91.19140625,2.0,0.0666755567408987,4.8,0.0,0.0054509061582927,80.0,3.0,0.0666711114074271,4.599995555358016,0.0,0.0020172991335434,81.7734375,2.0,28.267808982823446,1.035087941637727,0.0,0.0125085227272744,51.57421875,2.0,4.000266702226964,4.840424623972739,0.0,0.006626214715125,82.15234375,2.0,1.1334133440014225,0.4749999999999999,0.0,0.0037532549216934,57.953125,2.0,3.4667822299264395,4.6289438756578125,0.0,0.0037745979361135,138.61328125,2.0,0.0045245789645649,54.17578125,2.0
2026-05-29T10:17:37Z,2.533502233482232,37.91666666666666,0.0,0.0184077405324401,59.0703125,2.0,4.9331733439992895,4.784482923769709,0.0,0.0066257549361207,97.6484375,0.0,0.0666666666666666,24.25,0.0,0.0032090989001561,54.4296875,2.0,16.866666666666667,4.220725388601035,0.0,0.0064976049518855,91.19140625,2.0,0.0666755567408987,4.8,0.0,0.0054509061582927,80.0,3.0,0.0666711114074271,4.599995555358016,0.0,0.0020279107964861,81.76171875,2.0,27.800773398521955,0.4999814973566256,0.0,0.0117504796186781,51.69921875,2.0,3.533231117925472,4.841758241758242,0.0,0.007410693143274,82.15234375,2.0,1.1334133440014225,0.4749999999999999,0.0,0.0037532549216934,57.953125,2.0,3.4667822299264395,4.6289438756578125,0.0,0.0038552599417132,138.6484375,2.0,0.0045245789645649,54.17578125,2.0
2026-05-29T10:17:42Z,2.7333333333333334,40.833333333333286,0.0,0.0215288216486743,59.0703125,2.0,4.9331733439992895,4.784482923769709,0.0,0.0067849102223631,97.64453125,0.0,0.0666666666666666,24.25,0.0,0.0032090989001561,54.4296875,2.0,16.866666666666667,4.220725388601035,0.0,0.0078987865399428,91.2734375,2.0,0.0666666666666666,4.800000000000001,0.0,0.0054509061582927,80.0,3.0,0.0666666666666666,4.6,0.0,0.0025507108739979,81.76171875,2.0,29.99887563051352,1.1833673817397794,0.0,0.0117504796186781,51.69921875,2.0,3.533231117925472,4.841758241758242,0.0,0.0081125216544052,82.26171875,2.0,1.1333333333333333,0.4749999999999999,0.0,0.0032056922849743,57.94921875,2.0,3.4667822299264395,4.6289438756578125,0.0,0.0038552599417132,138.6484375,2.0,0.0045799026982671,54.13671875,2.0
2026-05-29T10:17:47Z,2.7333333333333334,40.833333333333286,0.0,0.0215288216486743,59.0703125,2.0,5.533897841489206,4.789767346187798,0.0,0.0067849102223631,97.64453125,0.0,0.2666844456297086,24.25,0.0,0.0030772783798188,54.43359375,2.0,17.533902260150676,4.177907051981334,0.0,0.0093441746169398,91.2734375,2.0,0.2000088894815209,4.800000000000001,0.0,0.0046640848188646,79.984375,3.0,0.2000088894815209,4.5333392593909485,0.0,0.0026623739962412,81.8046875,2.0,29.333040130369067,1.1522986423147663,0.0,0.0104068505288791,51.69921875,2.0,3.400022237333432,4.822093277305605,0.0,0.0094051861084625,82.26171875,2.0,1.53339555970398,0.4827868852459016,0.0,0.0037435462995642,57.94921875,2.0,2.6667600062226366,4.608337294331594,0.0,0.0038407523510971,138.6484375,2.0,0.0045123688677407,54.13671875,2.0
2026-05-29T10:17:52Z,2.7333333333333334,40.833333333333286,0.0,0.021788532559216,59.05078125,2.0,5.533897841489206,4.789767346187798,0.0,0.005476175917173,97.64453125,0.0,0.2666844456297086,24.25,0.0,0.0030772783798188,54.43359375,2.0,17.469022617555492,4.218073211170324,0.0,0.0093441746169398,91.2734375,2.0,0.2000088894815209,4.800000000000001,0.0,0.0055950181265349,79.984375,3.0,0.2000088894815209,4.5333392593909485,0.0,0.0026623739962412,81.8046875,2.0,29.80007571467056,1.1702359374937243,0.0,0.0104068505288791,51.69921875,2.0,3.867057821634924,4.822891311900193,0.0,0.0094051861084625,82.26171875,2.0,1.53339555970398,0.4827868852459016,0.0,0.0035607660110383,57.94140625,2.0,2.6667600062226366,4.608337294331594,0.0,0.0038309160511133,138.671875,2.0,0.0045007123122084,54.18359375,2.0
2026-05-29T10:17:57Z,2.6003467128950524,97.49999999999956,0.0,0.0182919308825829,59.05078125,2.0,5.533897841489206,4.789767346187798,0.0,0.007105856969479,97.69921875,0.0,0.2666844456297086,24.25,0.0,0.0030772783798188,54.43359375,2.0,17.469022617555492,4.218073211170324,0.0,0.009519688876054,91.48046875,2.0,0.3333688930375507,4.799999999999999,0.0,0.0055950181265349,79.984375,3.0,0.3333688930375507,4.466659258765398,0.0,0.0026623739962412,81.8046875,2.0,28.137165082191864,1.28233198259896,0.0,0.0109166500317565,51.625,2.0,3.867057821634924,4.822891311900193,0.0,0.0096038514908456,82.33984375,2.0,2.06688002429926,0.4824216997498448,0.0,0.0035607660110383,57.94140625,2.0,2.6667600062226366,4.608337294331594,0.0,0.0038225634753465,138.671875,2.0,0.0045007123122084,54.18359375,2.0
2026-05-29T10:18:02Z,2.6003467128950524,97.49999999999956,0.0,0.0211340496160938,59.05078125,2.0,4.733493344000711,4.788837306319016,0.0,0.007105856969479,97.69921875,0.0,0.2666844456297086,24.25,0.0,0.0022769143472619,54.43359375,2.0,17.068995949110928,4.256678812424836,0.0,0.0095356563447819,91.48046875,2.0,0.3333688930375507,4.8,0.0,0.0055950181265349,79.984375,3.0,0.3333688930375507,4.599991110518478,0.0,0.00175215,81.8046875,2.0,26.670400631228468,1.7845949055813208,0.0,0.0111332547169791,51.625,2.0,3.6670444874126416,4.870369569127072,0.0,0.0096217378894154,82.33984375,2.0,1.6668533558546963,0.4896150947827017,0.0,0.0030653245686118,57.94140625,2.0,3.3336667037081487,4.627774392784717,0.0,0.0038225634753465,138.671875,2.0,0.003733030107547,54.35546875,2.0
2026-05-29T10:18:07Z,2.6003467128950524,97.49999999999956,0.0,0.0205009177646544,59.0546875,2.0,4.733493344000711,4.788837306319016,0.0,0.007105856969479,97.69921875,0.0,0.2666844456297086,24.25,0.0,0.0031909246389988,54.46875,2.0,14.733875591706113,4.248447977110818,0.0,0.0095356563447819,91.48046875,2.0,0.3333688930375507,4.8,0.0,0.0041487837587742,79.984375,3.0,0.3333688930375507,4.599991110518478,0.0,0.0019285255777369,81.8046875,2.0,26.270133929001503,1.7558057254745263,0.0,0.0111332547169791,51.625,2.0,3.266777785185679,4.897436424884187,0.0,0.0096217378894154,82.33984375,2.0,1.6668533558546963,0.4896150947827017,0.0,0.0026358385373874,57.94140625,2.0,3.3336667037081487,4.627774392784717,0.0,0.0039311637484816,144.67578125,2.0,0.0045684933242123,54.35546875,2.0
2026-05-29T10:18:12Z,2.533333333333333,62.49999999999975,0.0,0.0208258352205094,59.0546875,2.0,4.733493344000711,4.788837306319016,0.0,0.006329803045017,97.69921875,0.0,0.2666844456297086,24.25,0.0,0.0031909246389988,54.46875,2.0,14.733875591706113,4.248447977110818,0.0,0.0070387249999981,91.48046875,2.0,0.1333422228148543,4.8,0.0,0.003703140393151,79.984375,3.0,0.1333422228148543,4.639992888414783,0.0,0.001713603774609,81.8046875,2.0,23.60073338222548,1.902556990097743,0.0,0.0107055724218973,52.8671875,2.0,3.266777785185679,4.897436424884187,0.0,0.0097895106532436,82.33984375,2.0,0.7333555588149135,0.4913795425503993,0.0,0.003257546032571,58.91015625,2.0,3.3336667037081487,4.627774392784717,0.0,0.0047226071080204,144.67578125,2.0,0.0045684933242123,54.35546875,2.0
2026-05-29T10:18:17Z,2.533333333333333,62.49999999999975,0.0,0.0208258352205094,59.0546875,2.0,4.333466675556148,4.78625593575169,0.0,0.0057058820730286,97.69921875,0.0,0.0,24.25,0.0,0.0032686143729264,54.46875,2.0,11.133635575705046,4.205434779982964,0.0,0.0093199806631646,93.71484375,2.0,0.0,4.8,0.0,0.0057305852455336,81.640625,3.0,0.0,4.60000444474076,0.0,0.0029119160656688,84.2421875,2.0,19.86715114340956,1.9526431419192083,0.0,0.0107055724218973,52.8671875,2.0,2.6000666711114078,4.877027667020336,0.0,0.0093212596755371,83.69921875,2.0,0.4000000017777778,0.4929248740264015,0.0,0.003257546032571,58.91015625,2.0,2.000062226370647,4.611597896971711,0.0,0.0047226071080204,144.67578125,2.0,0.0045178775743707,55.4765625,2.0
2026-05-29T10:18:22Z,2.533333333333333,62.49999999999975,0.0,0.019097711315766,61.48828125,2.0,4.333466675556148,4.786963366606216,0.0,0.0050819611010402,167.796875,0.0,0.0,24.25,0.0,0.0037524517659123,55.80078125,2.0,7.333635575705046,4.24972373248464,0.0,0.0093199806631646,93.71484375,2.0,0.0,4.8,0.0,0.005844560802084,81.640625,3.0,0.0,4.60000444474076,0.0,0.0031755905108365,84.2421875,2.0,18.53383558903927,1.8278064193403187,0.0,0.0109087904234422,52.8671875,2.0,1.266751116741116,4.886363636363636,0.0,0.0093212596755371,83.69921875,2.0,0.4000000017777778,0.4929248740264015,0.0,0.0030515353509238,58.7890625,2.0,2.000062226370647,4.611597896971711,0.0,0.0041675454221585,145.31640625,2.0,0.0038000260545173,55.4765625,2.0
2026-05-29T10:18:27Z,1.933462230815388,46.99999999999986,0.2547169811320754,0.0185005748609762,61.48828125,2.0,4.333466675556148,4.787286078031562,0.0,0.0046513113710726,167.796875,0.0,0.0,24.25,0.0,0.0037524517659123,55.80078125,2.0,7.333635575705046,4.24972373248464,0.0,0.0084955561152878,94.55859375,2.0,0.0,4.8,0.0,0.005844560802084,81.640625,3.0,0.0,4.649999999999999,0.0,0.0031755905108365,84.2421875,2.0,9.267284485632375,2.1666433415984576,0.0,0.0088896878472167,53.109375,2.0,1.266751116741116,4.886363636363636,0.0,0.0081540859450197,83.6015625,2.0,0.2000133342222814,0.4943876847549813,0.0,0.0030515353509238,58.7890625,2.0,2.000062226370647,4.611597896971711,0.0,0.0041825611827902,145.31640625,2.0,0.0044411274790484,55.4765625,2.0
2026-05-29T10:18:32Z,1.933462230815388,46.99999999999986,0.2547169811320754,0.0185005748609762,61.48828125,2.0,4.133333333333334,4.737557083965494,0.0,0.0039950879835059,167.796875,0.0,0.1333333333333333,23.94999933329481,0.0,0.0037524517659123,55.80078125,2.0,4.4,4.264423236400647,0.0,0.0076569534274513,94.55859375,2.0,0.0,4.8,0.0,0.0058079018746549,81.37109375,3.0,0.0,4.499993332740688,0.0,0.0033234667504889,88.6484375,2.0,3.533466675556148,2.471595777481128,0.0,0.0088896878472167,53.109375,2.0,0.2666844456297086,4.910678974840509,0.0,0.0081540859450197,83.6015625,2.0,0.0,0.4889703416834158,0.0,0.002925997394954,58.7890625,2.0,0.0,4.609087056681975,0.0,0.0041825611827902,145.31640625,2.0,0.0036928468446896,55.4765625,2.0
2026-05-29T10:18:37Z,1.933462230815388,46.99999999999986,0.2547169811320754,0.0136081181341715,61.72265625,2.0,4.133333333333334,4.73405704234235,0.0,0.0131800370296186,172.4453125,0.0,0.1333333333333333,23.94999933329481,0.0,0.003557228054409,55.34375,2.0,3.733333333333333,4.404034159278417,0.0,0.007148988038866,95.40234375,2.0,0.0,4.8,0.0,0.0058079018746549,81.37109375,3.0,0.0,4.499993332740688,0.0,0.0033946065180251,88.6484375,2.0,3.600137786963576,2.393597698862272,0.0,0.0056834236311414,53.109375,2.0,0.3333555570371358,4.948051948051948,0.0,0.0081540859450197,83.6015625,2.0,0.0,0.4889703416834158,0.0,0.0025146834389289,58.7890625,2.0,0.0,4.609087056681975,0.0,0.0036595243125035,145.31640625,2.0,0.0033227528881022,55.4765625,2.0
2026-05-29T10:18:42Z,2.0666666666666664,24.249999999999996,0.4795918367346939,0.0136081181341715,61.72265625,2.0,4.133333333333334,4.72997746475715,0.0,0.0121765242214532,172.4453125,0.0,0.1333333333333333,23.94999933329481,0.0,0.003557228054409,55.34375,2.0,3.733333333333333,4.404034159278417,0.0,0.0062154752516605,95.40234375,2.0,0.0,4.799999999999999,0.0,0.0058079018746549,81.37109375,3.0,0.0,4.800000000000001,0.0,0.0033946065180251,88.6484375,2.0,7.333355557037136,2.9650940940183874,0.0,0.0056065187060281,53.109375,2.0,0.3333555570371358,4.948051948051948,0.0,0.0069900070895641,83.6015625,2.0,0.0666666666666666,1.2000133328394436,0.0,0.0029787966578491,59.0234375,2.0,0.0,4.609087056681975,0.0,0.0037401675276294,145.6484375,2.0,0.0042543851525311,55.4296875,2.0
2026-05-29T10:18:47Z,2.0666666666666664,24.249999999999996,0.4795918367346939,0.0136081181341715,61.72265625,2.0,2.667013378969008,16.00000000000003,0.0,0.0107986666666666,172.4453125,0.0,0.1333466681483259,47.5,0.0,0.0032332208124786,55.1640625,2.0,8.667529003274472,4.41038277110278,0.0,0.0062154752516605,95.40234375,2.0,0.0666711114074271,4.8,0.0,0.0026089000000013,81.37109375,3.0,0.0666711114074271,4.800000000000001,0.0,0.004991354750568,88.90234375,2.0,16.20140462995054,2.939317455560258,0.0,0.0071978965531411,53.37890625,2.0,1.866893362077808,4.855881750254671,0.0,0.0075093905630097,84.70703125,2.0,0.533386673186015,2.000062223604963,0.0,0.0029787966578491,59.0234375,2.0,2.533591140151665,4.612125260870355,0.0,0.0037401675276294,145.6484375,2.0,0.0042543851525311,55.4296875,2.0
2026-05-29T10:18:52Z,2.0666666666666664,24.249999999999996,0.4795918367346939,0.0142131289138393,61.71875,2.0,2.667013378969008,16.00000000000003,0.0,0.0282562256889107,185.05859375,0.0,0.1333466681483259,47.5,0.0,0.0032332208124786,55.1640625,2.0,13.60227595266435,4.41705426356589,0.0,0.0071379169984954,95.75390625,2.0,0.0666711114074271,4.8,0.0,0.0041066056358501,81.21484375,3.0,0.0666711114074271,4.800000000000001,0.0,0.005584226159778,88.90234375,2.0,17.86831577514037,2.866701921409542,0.0,0.0071978965531411,53.37890625,2.0,3.533804507267636,4.8,0.0,0.0075093905630097,84.70703125,2.0,0.533386673186015,2.000062223604963,0.0,0.0022726257280553,59.0234375,2.0,2.533591140151665,4.612125260870355,0.0,0.0027379161236821,145.6484375,2.0,0.0041968276308031,55.21484375,2.0
2026-05-29T10:18:57Z,2.8670489398586483,99.16666666666652,0.4563106796116504,0.0142131289138393,61.71875,2.0,5.133844501043813,34.97814223263515,0.0,0.0320199837810606,185.05859375,0.0,0.1333466681483259,47.5,0.0,0.0032332208124786,55.1640625,2.0,13.60227595266435,4.41705426356589,0.0,0.0058708689059956,95.75390625,2.0,0.2000133342222814,4.8,0.0,0.0052437583270589,81.21484375,3.0,0.2000222248892247,4.8,0.0,0.0071144569105193,88.90234375,2.0,27.67136971926253,2.6518313684899324,0.0,0.006154058255844,53.37890625,2.0,3.533804507267636,4.8,0.0,0.0069362097577157,84.70703125,2.0,1.266773343408474,0.4976190476190475,0.0,0.0029705665452021,59.5390625,2.0,2.533591140151665,4.612125260870355,0.0,0.0030884855243051,145.7421875,2.0,0.0041968276308031,55.21484375,2.0
2026-05-29T10:19:02Z,2.8670489398586483,99.16666666666652,0.4563106796116504,0.0142131289138393,61.71875,2.0,4.466955574816099,21.60176563437548,0.0,0.0357837418732105,185.05859375,0.0,0.1333377780740938,46.25,0.0,0.0027339666131873,55.1640625,2.0,14.60189809279944,4.461038996271487,0.0,0.0069817646271242,95.75390625,2.0,0.2000088894815209,4.8,0.0,0.0052437583270589,81.21484375,3.0,0.2000177801484642,4.8,0.0,0.0071144569105193,88.90234375,2.0,26.80394291005559,2.790458659763786,0.0,0.0074480874316932,53.43359375,2.0,3.4003600417829336,4.849350150819964,0.0,0.0075343859568727,83.94140625,2.0,1.4667555614818764,2.000017778172845,0.0,0.0029705665452021,59.5390625,2.0,2.4002444720033385,4.611424627316315,0.0,0.0030884855243051,145.7421875,2.0,0.0041057761532918,55.21484375,2.0
2026-05-29T10:19:07Z,2.8670489398586483,99.16666666666652,0.4563106796116504,0.0169637264841721,61.9921875,2.0,4.466955574816099,15.226482282151922,0.0,0.0383498721404383,185.05859375,0.0,0.1333377780740938,46.25,0.0,0.0022367513480833,55.1640625,2.0,17.933817810076228,4.416560518930439,0.0,0.008022278268181,95.87109375,2.0,0.2000088894815209,4.8,0.0,0.0052598179348378,81.21484375,3.0,0.2000177801484642,4.8,0.0,0.0055696415231114,88.90234375,2.0,26.2702451032356,2.771856892908697,0.0,0.0074480874316932,53.43359375,2.0,2.866662234962943,4.8404260288999845,0.0,0.0075343859568727,83.94140625,2.0,1.4667555614818764,2.000017778172845,0.0,0.0029705665452021,59.5390625,2.0,2.4002444720033385,4.611424627316315,0.0,0.0032359540115901,145.7421875,2.0,0.0041364183690415,54.97265625,2.0
2026-05-29T10:19:12Z,2.7333333333333334,412.4999999999998,0.1739130434782608,0.0169637264841721,61.9921875,2.0,4.466791119407961,10.06642570696668,0.0,0.0412507088331515,187.20703125,0.0,0.1333377780740938,46.24999999999999,0.0,0.0019878015889822,55.1640625,2.0,17.933817810076228,4.416560518930439,0.0,0.008022278268181,95.87109375,2.0,0.0666666666666666,4.800000000000001,0.0,0.0052598179348378,81.21484375,3.0,0.0666666666666666,4.800000000000001,0.0,0.0049767701139014,88.90234375,2.0,23.533022325924545,2.3387370576093707,0.0,0.0086837404301836,53.43359375,2.0,2.866662234962943,4.8404260288999845,0.0,0.0075343859568727,83.94140625,2.0,1.2000711158521675,1.7000555576297107,0.0,0.0031755739477622,60.1171875,2.0,2.4002444720033385,4.611424627316315,0.0,0.0034417706171268,145.7421875,2.0,0.0041364183690415,54.97265625,2.0
2026-05-29T10:19:17Z,2.7333333333333334,412.4999999999998,0.1739130434782608,0.0169637264841721,61.9921875,2.0,5.666471125332464,4.998541536298141,0.0,0.0412507088331515,187.20703125,0.0,0.1333333339259259,46.24999999999999,0.0,0.0029548791267923,55.171875,2.0,21.199297825774657,4.406118937950588,0.0,0.0087971844315648,95.87109375,2.0,0.0666711114074271,4.8,0.0,0.0052600969774387,81.21484375,3.0,0.0666711114074271,4.8,0.0,0.00554086771486,89.3984375,2.0,28.398115681769404,2.064705882352945,0.0,0.0086837404301836,53.43359375,2.0,3.5997600159989336,4.830894308943089,0.0,0.0089096375230024,83.734375,2.0,1.2000088942222615,2.133333333333328,0.0,0.0031755739477622,60.1171875,2.0,3.933195564740128,4.6158691948992745,0.0,0.0034417706171268,145.7421875,2.0,0.002987461874817,54.97265625,2.0
2026-05-29T10:19:22Z,2.7333333333333334,412.4999999999998,0.1739130434782608,0.0213400317513381,62.22265625,2.0,5.666471125332464,4.988757359853768,0.0,0.0457096821230679,187.20703125,0.0,0.1333333339259259,46.24999999999999,0.0,0.0029136327122909,55.171875,2.0,18.79983119466592,4.297550283752004,0.0,0.0073534442832279,95.87109375,2.0,0.0666711114074271,4.8,0.0,0.0054210758642825,81.3671875,3.0,0.0666711114074271,4.8,0.0,0.00554086771486,89.3984375,2.0,28.865137931848498,2.107044426950707,0.0,0.009474489978846,53.46875,2.0,4.066782266078025,4.8249997039311365,0.0,0.0089096375230024,83.734375,2.0,1.2000088942222615,2.133333333333328,0.0,0.0027258558465949,60.1171875,2.0,3.933195564740128,4.6158691948992745,0.0,0.003809068483496,145.7734375,2.0,0.0033478703479705,54.97265625,2.0
2026-05-29T10:19:27Z,2.6668444562970866,874.9999999999975,0.0,0.0213400317513381,62.22265625,2.0,5.933320026370311,4.970358301854532,0.0,0.0349725832077239,188.7890625,0.0,0.1333333339259259,46.24999999999999,0.0,0.0031292568753657,55.16015625,2.0,18.79983119466592,4.297550283752004,0.0,0.0078168571789269,95.87109375,2.0,0.2666844456297086,4.800000000000001,0.0,0.0054210758642825,81.3671875,3.0,0.2666844456297086,4.733332592551438,0.0,0.00554086771486,89.3984375,2.0,30.867911467886664,1.562789325755857,0.0,0.0105114772409958,53.46875,2.0,4.066782266078025,4.8249997039311365,0.0,0.007804618434341,83.734375,2.0,1.6667066740742518,1.1999540710121444,0.0,0.0027299224875051,60.1171875,2.0,3.933195564740128,4.6158691948992745,0.0,0.003809068483496,145.7734375,2.0,0.0037082788211241,54.97265625,2.0
2026-05-29T10:19:32Z,2.6668444562970866,874.9999999999975,0.0,0.0213400317513381,62.22265625,2.0,5.067004466964464,4.8495145537367055,0.0,0.0349725832077239,188.7890625,0.0,0.2666844456297086,24.25,0.0,0.0031292568753657,55.16015625,2.0,16.134408960597373,4.230596151072184,0.0,0.0096677970020412,94.96875,2.0,0.3333555570371358,4.8,0.0,0.00554403046862,81.3671875,3.0,0.3333555570371358,4.742856417192093,0.0,0.0025496537943214,90.2890625,2.0,27.2695825630052,1.5915688911954096,0.0,0.0105114772409958,53.46875,2.0,3.533697819264317,4.824203266639687,0.0,0.0090534912558273,82.8125,2.0,1.8667911194079605,0.4991520935665937,0.0,0.0032936433301987,59.65625,2.0,2.400240026669868,4.594104918167803,0.0,0.003809068483496,145.7734375,2.0,0.0036529921613423,54.97265625,2.0
2026-05-29T10:19:37Z,2.6668444562970866,874.9999999999975,0.0,0.0207293359673145,61.69921875,2.0,5.067004466964464,4.846796433591631,0.0,0.0231047844623401,188.7890625,0.0,0.2666844456297086,24.25,0.0,0.0032016986217763,55.16015625,2.0,14.933875591706114,4.199999862536862,0.0,0.0095147879826556,94.96875,2.0,0.3333555570371358,4.8,0.0,0.0055092197011618,81.71484375,3.0,0.3333555570371358,4.742856417192093,0.0,0.0025496537943214,90.2890625,2.0,26.602658084185805,1.8284727930736224,0.0,0.0100919325672278,53.49609375,2.0,2.8667733404449187,4.825165562913908,0.0,0.0090534912558273,82.8125,2.0,1.8667911194079605,0.4991520935665937,0.0,0.0032936433301987,59.65625,2.0,2.400240026669868,4.594104918167803,0.0,0.0031821698763331,145.7734375,2.0,0.0045752611177941,51.88671875,2.0
2026-05-29T10:19:42Z,1.933462230815388,1037.4999999999973,0.0,0.0207293359673145,61.69921875,2.0,4.666977798519902,4.792301418192682,0.0,0.0178034762501959,191.06640625,0.0,0.2666844456297086,24.25,0.0,0.0032016986217763,55.16015625,2.0,14.933875591706114,4.199999862536862,0.0,0.0095147879826556,94.96875,2.0,0.2666844456297086,4.800000000000001,0.0,0.0055092197011618,81.71484375,3.0,0.2666755561481876,4.640002844520298,0.0,0.0025496537943214,90.2890625,2.0,25.199844550814124,2.0597678034683518,0.0,0.0100919325672278,53.49609375,2.0,2.8667733404449187,4.825165562913908,0.0,0.0090534912558273,82.8125,2.0,1.6000577816298864,0.4999998343029534,0.0,0.0032594910179641,59.65625,2.0,2.400240026669868,4.594104918167803,0.0,0.0037169184290032,145.765625,2.0,0.0046603340045011,51.88671875,2.0
2026-05-29T10:19:47Z,1.933462230815388,1037.4999999999973,0.0,0.0207293359673145,61.69921875,2.0,4.467213419571262,4.791369795929563,0.0,0.0178034762501959,191.06640625,0.0,0.2667022281492545,24.25,0.0,0.0025040712497144,55.1875,2.0,14.601480290724457,4.160650227713747,0.0,0.009597197866764,94.53125,2.0,0.2666844456297086,4.8,0.0,0.0055783555867885,81.4609375,3.0,0.2666755561481876,4.666671605084595,0.0,0.001863704833784,90.73046875,2.0,25.93470272541813,1.7572164993714248,0.0,0.0102316736870807,53.49609375,2.0,2.866986730679469,4.8,0.0,0.0091285057263952,82.8125,2.0,1.6001378029678428,0.4979841098812945,0.0,0.0032594910179641,59.65625,2.0,2.066813380452684,4.609685325663851,0.0,0.0037169184290032,145.765625,2.0,0.0046603340045011,51.88671875,2.0
2026-05-29T10:19:52Z,1.933462230815388,1037.4999999999973,0.0,0.0164132603567592,61.69921875,2.0,4.467213419571262,4.790506720814633,0.0,0.0095546808697433,191.06640625,0.0,0.2667022281492545,24.25,0.0,0.0027990860942545,55.1875,2.0,16.802680450745793,4.1358695652173925,0.0,0.0092191111551993,94.53125,2.0,0.2666844456297086,4.8,0.0,0.0056770885264589,81.4609375,3.0,0.2666755561481876,4.666671605084595,0.0,0.002092172830178,90.73046875,2.0,26.60162720423753,1.8850296082018685,0.0,0.0106009101446798,53.52734375,2.0,3.5339112094988674,4.800000000000001,0.0,0.0089203605143528,83.1796875,2.0,1.6001378029678428,0.4979841098812945,0.0,0.0024804726646707,59.65625,2.0,2.066813380452684,4.609685325663851,0.0,0.0037215117065909,146.015625,2.0,0.0046866698190259,51.890625,2.0
2026-05-29T10:19:57Z,2.533502233482232,1037.4999999999968,0.0,0.0199116243326327,61.7421875,2.0,3.86728899557468,4.7928685864190665,0.0,0.0087666841168464,191.73828125,0.0,0.2667022281492545,24.25,0.0,0.0035401781344815,55.1875,2.0,16.802680450745793,4.1358695652173925,0.0,0.0092191111551993,94.53125,2.0,0.2000177795557531,4.8,0.0,0.0056770885264589,81.4609375,3.0,0.2000177795557531,4.633333333333333,0.0,0.002320640826572,90.73046875,2.0,24.07058288989618,1.704120955063492,0.0,0.0106009101446798,53.52734375,2.0,3.5339112094988674,4.799999999999999,0.0,0.0089203605143528,83.1796875,2.0,1.5335600370434974,0.4945205479452054,0.0,0.0033724968067377,59.70703125,2.0,2.066813380452684,4.609685325663851,0.0,0.0036733848314605,146.015625,2.0,0.0046866698190259,51.890625,2.0
2026-05-29T10:20:02Z,2.533502233482232,1037.4999999999968,0.0,0.0199116243326327,61.7421875,2.0,3.733564475263369,4.7845745424044654,0.0,0.0087666841168464,191.73828125,0.0,0.1333333333333333,24.25,0.0,0.0032798572818684,55.37890625,2.0,14.867866826688005,4.057700023555875,0.0,0.008910828703785,94.48046875,2.0,0.1333422234075654,4.8,0.0,0.0055692400869291,81.4609375,3.0,0.1333422234075654,4.633330246719238,0.0,0.0027240188383047,91.08203125,2.0,22.735004667288973,1.3375385268966606,0.0,0.0085259888199335,53.52734375,2.0,3.533591145486065,4.8,0.0,0.0086460773971441,83.1796875,2.0,1.066755567408988,0.4885713768713284,0.0,0.0033724968067377,59.70703125,2.0,3.133555585189137,4.610348598486793,0.0,0.0036733848314605,146.015625,2.0,0.0046866698190259,51.890625,2.0
2026-05-29T10:20:07Z,2.533502233482232,1037.4999999999968,0.0,0.0192000441501111,61.91015625,2.0,3.733564475263369,4.783083973548523,0.0,0.0087666841168464,191.73828125,0.0,0.1333333333333333,24.25,0.0,0.0032798572818684,55.37890625,2.0,12.866666666666667,4.075540275842949,0.0,0.0069714390385553,94.48046875,2.0,0.1333422234075654,4.8,0.0,0.0054891507118315,81.4609375,3.0,0.1333422234075654,4.633330246719238,0.0,0.0027240188383047,91.08203125,2.0,22.601413521802908,1.4515198868038737,0.0,0.0103107606885041,53.53515625,2.0,3.4000000000000004,4.8,0.0,0.0089242438257327,82.87890625,2.0,1.066755567408988,0.4885713768713284,0.0,0.0033724968067377,59.70703125,2.0,3.133555585189137,4.610348598486793,0.0,0.0037970886789793,146.421875,2.0,0.0048188934617503,51.88671875,2.0
2026-05-29T10:20:12Z,2.4001600106673777,924.9999999999964,0.0,0.0192000441501111,61.91015625,2.0,4.599653379549394,4.787434881371836,0.0,0.0081664896361263,191.73828125,0.0,0.1333333333333333,24.25,0.0,0.0032798572818684,55.37890625,2.0,12.866666666666667,4.075540275842949,0.0,0.0089801968132103,94.48046875,2.0,0.1333288891851654,4.8,0.0,0.0054891507118315,81.4609375,3.0,0.1333333333333333,4.699999999999999,0.0,0.0027240188383047,91.08203125,2.0,27.33333333333333,1.5394665647085153,0.0,0.0103107606885041,53.53515625,2.0,3.4000000000000004,4.8,0.0,0.0089242438257327,82.87890625,2.0,1.0000400026668443,0.4900793012512805,0.0,0.0031764296933339,59.7109375,2.0,3.133555585189137,4.610348598486793,0.0,0.0038358720403245,146.421875,2.0,0.0048188934617503,51.88671875,2.0
2026-05-29T10:20:17Z,2.4001600106673777,924.9999999999964,0.0,0.0192000441501111,61.91015625,2.0,4.799808946661433,4.787817604869627,0.0,0.0085953494717966,192.64453125,0.0,0.1333466681483259,24.25,0.0,0.0025668002145034,55.37890625,2.0,13.533777808594804,4.149381424985103,0.0,0.0083297543449204,94.9921875,2.0,0.1333377792593975,4.800000000000001,0.0,0.0044731089150715,81.4609375,3.0,0.1333422234075654,4.680002133437634,0.0,0.0027156462167065,91.08203125,2.0,28.467426717929424,1.0951519742064657,0.0,0.0103107606885041,53.53515625,2.0,3.5334488965931063,4.8,0.0,0.0090076969763844,82.87890625,2.0,1.2000888960006322,0.4824219806671859,0.0,0.0031764296933339,59.7109375,2.0,2.8000933395559704,4.61251130238159,0.0,0.0038358720403245,146.421875,2.0,0.0039409622857848,51.88671875,2.0
2026-05-29T10:20:22Z,2.4001600106673777,924.9999999999964,0.0,0.0185573453041094,61.94140625,2.0,4.799808946661433,4.787817604869627,0.0,0.0085953494717966,192.64453125,0.0,0.1333466681483259,24.25,0.0,0.0037968491352248,60.08984375,2.0,12.001173461348506,4.174522310484808,0.0,0.0083297543449204,94.9921875,2.0,0.1333377792593975,4.800000000000001,0.0,0.0053489166611567,81.4296875,3.0,0.1333422234075654,4.680002133437634,0.0,0.0027109499552823,91.65625,2.0,28.334204503115103,0.4997140130667936,0.0,0.0090564932213381,53.53515625,2.0,3.400226681778785,4.800000000000001,0.0,0.0090076969763844,82.87890625,2.0,1.2000888960006322,0.4824219806671859,0.0,0.0031441057991944,59.70703125,2.0,2.8000933395559704,4.61251130238159,0.0,0.0033205447799128,146.515625,2.0,0.004694655332771,51.88671875,2.0
2026-05-29T10:20:27Z,2.2669689291905586,500.00000000001,0.0,0.0185573453041094,61.94140625,2.0,4.267373491891981,4.789795909111319,0.0,0.0079808552844028,192.96484375,0.0,0.1333466681483259,24.25,0.0,0.0040201821598958,60.08984375,2.0,12.001173461348506,4.174522310484808,0.0,0.0083297543449204,94.9921875,2.0,0.1333511134817975,4.8,0.0,0.0053489166611567,81.4296875,3.0,0.1333511134817975,4.719998577657669,0.0,0.0027109499552823,91.65625,2.0,24.40239137247546,0.4980228464517078,0.0,0.0081450012355755,53.53515625,2.0,3.400226681778785,4.800000000000001,0.0,0.0088786371871185,82.83984375,2.0,1.0000488933337877,0.4831897650041707,0.0,0.0031441057991944,59.70703125,2.0,2.8000933395559704,4.61251130238159,0.0,0.0039865008146061,146.515625,2.0,0.004694655332771,51.88671875,2.0
2026-05-29T10:20:32Z,2.2669689291905586,500.00000000001,0.0,0.0185573453041094,61.94140625,2.0,4.267226814261463,4.8095735004002655,0.0,0.0079808552844028,192.96484375,0.0,0.1333377780740938,24.25,0.0,0.0040201821598958,60.08984375,2.0,13.86740898697598,4.16596529484784,0.0,0.0081004260089678,94.26171875,2.0,0.1333466681483259,4.800000000000001,0.0,0.0053489166611567,81.4296875,3.0,0.1333466681483259,4.699998333194433,0.0,0.0026992016829383,91.65625,2.0,23.001640210694227,0.4987706466081605,0.0,0.010127214323729,53.6328125,2.0,3.1334444518523457,4.8,0.0,0.0090504473368841,82.83984375,2.0,0.8000088894815209,0.475,0.0,0.0020559886386504,59.70703125,2.0,3.200213361781571,4.605785102937997,0.0,0.0034271836767035,146.515625,2.0,0.004694655332771,51.88671875,2.0
2026-05-29T10:20:37Z,2.2669689291905586,500.00000000001,0.0,0.0116600749999975,61.94140625,2.0,4.267226814261463,4.8095735004002655,0.0,0.0079808552844028,192.96484375,0.0,0.1333377780740938,24.25,0.0,0.0038134399160259,59.87890625,2.0,18.400013334222283,4.165326646648429,0.0,0.0081004260089678,94.26171875,2.0,0.1333466681483259,4.800000000000001,0.0,0.0053573308010358,81.34765625,3.0,0.1333466681483259,4.699998333194433,0.0,0.0026909965687007,92.18359375,2.0,23.068311322101653,0.4988344231814091,0.0,0.0096500704676477,53.6328125,2.0,3.2001155632597724,4.8,0.0,0.0090653348070007,82.921875,2.0,0.8000088894815209,0.475,0.0,0.0023225433338329,59.69921875,2.0,3.200213361781571,4.605785102937997,0.0,0.0040194019383958,146.65625,2.0,0.0046626889419252,51.81640625,2.0
2026-05-29T10:20:42Z,2.666488900739951,42.50000000000005,0.0,0.0128779572111014,61.94140625,2.0,4.666675556148188,4.812565147509839,0.0,0.007180607801478,192.96484375,0.0,0.1333377780740938,24.25,0.0,0.0038134399160259,59.87890625,2.0,18.400013334222283,4.165326646648429,0.0,0.0081004260089678,94.26171875,2.0,0.0666711114074271,4.8,0.0,0.0053573308010358,81.34765625,3.0,0.0666711114074271,4.750000833375002,0.0,0.0026909965687007,92.18359375,2.0,25.06768451230082,0.4995609760063401,0.0,0.0096500704676477,53.6328125,2.0,3.2001155632597724,4.8,0.0,0.0090653348070007,82.921875,2.0,0.7333644465186568,0.475,0.0,0.0025677252947417,59.69921875,2.0,3.200213361781571,4.605785102937997,0.0,0.0041032422212369,146.65625,2.0,0.0046626889419252,51.81640625,2.0
2026-05-29T10:20:47Z,2.666488900739951,42.50000000000005,0.0,0.0194746278622197,62.1875,2.0,4.666960039116327,4.813131577517003,0.0,0.0084375970782083,192.7734375,0.0,0.0,24.25,0.0,0.003754804520399,59.8515625,2.0,18.467795706094147,4.225439895167035,0.0,0.0086792059000883,93.44140625,2.0,0.0,4.800000000000001,0.0,0.0054003887003164,81.34765625,3.0,0.0,4.733336296493841,0.0,0.0026887295718196,92.18359375,2.0,25.602404697807074,1.4184466643189682,0.0,0.0096500704676477,53.6328125,2.0,3.333662258374677,4.8,0.0,0.0090653348070007,82.921875,2.0,0.600057784000731,0.475,0.0,0.0029421835309057,59.69921875,2.0,3.666906698670934,4.6296331353543865,0.0,0.0041032422212369,146.65625,2.0,0.0046547436772486,51.88671875,2.0
2026-05-29T10:20:52Z,2.666488900739951,42.50000000000005,0.0,0.0194746278622197,62.1875,2.0,4.666960039116327,4.813131577517003,0.0,0.0084375970782083,192.7734375,0.0,0.0,24.25,0.0,0.003754804520399,59.8515625,2.0,16.202160288038407,4.220988575212697,0.0,0.0086792059000883,93.44140625,2.0,0.0,4.800000000000001,0.0,0.0055258764280536,80.890625,3.0,0.0,4.733336296493841,0.0,0.0026384054261579,92.2421875,2.0,25.46906247499222,1.3269837036566676,0.0,0.0090999310523153,53.6328125,2.0,3.200320035559823,4.8,0.0,0.0095005826535711,86.87890625,2.0,0.600057784000731,0.475,0.0,0.0028652715988353,59.68359375,2.0,3.666906698670934,4.6296331353543865,0.0,0.0040644648884767,146.57421875,2.0,0.0045525652431789,51.88671875,2.0
2026-05-29T10:20:57Z,2.5336711561541536,1407.1428571428576,0.0,0.0192300610213017,62.1875,2.0,4.933808940154173,4.81347093148784,0.0,0.0066321848708471,192.7734375,0.0,0.0,24.25,0.0,0.003754804520399,59.8515625,2.0,16.202160288038407,4.220988575212697,0.0,0.0086792059000883,93.44140625,2.0,0.1333511134817975,4.8,0.0,0.0055258764280536,80.890625,3.0,0.1333422228148543,4.500013334222281,0.0,0.0026384054261579,92.2421875,2.0,28.00256470847445,1.3064113561212511,0.0,0.0111500962278688,58.12890625,2.0,3.200320035559823,4.8,0.0,0.0095005826535711,86.87890625,2.0,1.1334266752601485,0.475,0.0,0.0029062227357396,59.68359375,2.0,3.666906698670934,4.6296331353543865,0.0,0.0040644648884767,146.57421875,2.0,0.0045525652431789,51.88671875,2.0
2026-05-29T10:21:02Z,2.5336711561541536,1407.1428571428576,0.0,0.0192300610213017,62.1875,2.0,5.600337802668168,4.812120703282561,0.0,0.0087588652482269,193.41015625,0.0,0.2666666678518518,24.25,0.0,0.0020139,59.8515625,2.0,16.934871289502066,4.2193491412148845,0.0,0.0079560928315039,93.44140625,2.0,0.2666755585187951,4.800000000000001,0.0,0.0057751575329386,80.890625,3.0,0.2666666678518518,4.599995555259239,0.0,0.0021077100456236,92.2421875,2.0,32.00204458667575,1.541140865708468,0.0,0.0111500962278688,58.12890625,2.0,3.6669111274084942,4.8,0.0,0.0096410465461013,86.8828125,2.0,1.8667555638522468,0.475,0.0,0.0029062227357396,59.68359375,2.0,2.9336266992631708,4.634996608037479,0.0,0.0040644648884767,146.57421875,2.0,0.0037280956776392,51.88671875,2.0
2026-05-29T10:21:07Z,2.5336711561541536,1407.1428571428576,0.0,0.0225102781409189,62.26171875,2.0,5.600337802668168,4.812120703282561,0.0,0.0087588652482269,193.41015625,0.0,0.2666666678518518,24.25,0.0,0.0021798307043863,59.8515625,2.0,19.73313786548061,4.20209550287754,0.0,0.0103605103806223,86.44921875,2.0,0.2666755585187951,4.800000000000001,0.0,0.0057853109866319,80.96484375,3.0,0.2666666678518518,4.599995555259239,0.0,0.0027706357259454,92.50390625,2.0,32.86860457956417,1.3848029703308875,0.0,0.0128046880434039,58.12890625,2.0,4.533471120296909,4.8,0.0,0.0082199837270605,86.8828125,2.0,1.8667555638522468,0.475,0.0,0.0033001687239141,60.26171875,2.0,2.9336266992631708,4.634996608037479,0.0,0.0040758952591612,146.57421875,2.0,0.0044696408695446,52.0,2.0
2026-05-29T10:21:12Z,3.2,1107.1428571428614,0.0,0.0225102781409189,62.26171875,2.0,5.866822234963655,4.802727942730352,0.0,0.0087588652482269,193.41015625,0.0,0.2666666678518518,24.25,0.0,0.0033801929331755,59.8828125,2.0,19.73313786548061,4.20209550287754,0.0,0.0103605103806223,86.44921875,2.0,0.2666577783703309,4.800000000000001,0.0,0.0057853109866319,80.96484375,3.0,0.2666666678518518,4.533333333333333,0.0,0.0027706357259454,92.50390625,2.0,33.46754228652241,1.1283916424421565,0.0,0.0128046880434039,58.12890625,2.0,4.533471120296909,4.8,0.0,0.0101472232988204,86.8828125,2.0,2.000031115555694,0.4749999999999999,0.0,0.0033803217763559,60.26171875,2.0,2.9336266992631708,4.634996608037479,0.0,0.0031896937324381,146.57421875,2.0,0.0044696408695446,52.0,2.0
2026-05-29T10:21:17Z,3.2,1107.1428571428614,0.0,0.0225102781409189,62.26171875,2.0,6.400253353779615,4.786667069157204,0.0,0.00912815060476,193.80078125,0.0,0.4000400044449779,24.25,0.0,0.0033801929331755,59.8828125,2.0,19.799955651556427,4.253720517440777,0.0,0.010765195059314,86.44921875,2.0,0.3333600035560297,4.799999999999999,0.0,0.0057853109866319,80.96484375,3.0,0.3333688930375507,4.640003555713586,0.0,0.0027706357259454,92.50390625,2.0,36.26784452652446,0.4997175988524486,0.0,0.0125591727146873,58.00390625,2.0,5.066840011556327,4.8,0.0,0.0104554017050853,86.8828125,2.0,2.2001066773345186,0.4885717732676619,0.0,0.0033803217763559,60.26171875,2.0,3.5334533413338667,4.626513070770173,0.0,0.0039524317027246,146.5390625,2.0,0.0044696408695446,52.0,2.0
2026-05-29T10:21:22Z,3.2,1107.1428571428614,0.0,0.0186854607594963,62.265625,2.0,6.400253353779615,4.786667069157204,0.0,0.00912815060476,193.80078125,0.0,0.4000400044449779,24.25,0.0,0.0033973389856474,59.8828125,2.0,16.068231281205296,4.281943335565829,0.0,0.0101158434491421,86.42578125,2.0,0.3333600035560297,4.799999999999999,0.0,0.0057797606790684,80.96875,3.0,0.3333688930375507,4.640003555713586,0.0,0.0023933654364083,92.50390625,2.0,35.66809344860296,0.4999816854441733,0.0,0.0125591727146873,58.00390625,2.0,4.467088933634825,4.8,0.0,0.0104554017050853,86.8828125,2.0,2.2001066773345186,0.4885717732676619,0.0,0.0034767793534511,53.79296875,2.0,3.5334533413338667,4.626513070770173,0.0,0.0038912689942569,146.5390625,2.0,0.0037947225224421,52.0,2.0
2026-05-29T10:21:27Z,2.7336978263768508,46.07142857142855,0.0,0.0232631674678462,62.265625,2.0,5.86724895319287,4.787931150590337,0.0,0.0095773032227147,193.80078125,0.0,0.4000400044449779,24.25,0.0,0.0035499506221607,59.87890625,2.0,16.068231281205296,4.281943335565829,0.0,0.0101158434491421,86.42578125,2.0,0.4000400044449779,4.8,0.0,0.0057797606790684,80.96875,3.0,0.466711115852405,4.566666666666666,0.0,0.0026444929838494,92.390625,2.0,33.33570684505161,0.4997436755380132,0.0,0.0125591727146873,58.00390625,2.0,4.467088933634825,4.8,0.0,0.0108676272863319,86.8828125,2.0,2.2669867200097205,0.4880137382484197,0.0,0.0034767793534511,53.79296875,2.0,3.5334533413338667,4.626513070770173,0.0,0.0036797043729813,146.5390625,2.0,0.0046797866367211,52.5703125,2.0
2026-05-29T10:21:32Z,2.7336978263768508,46.07142857142855,0.0,0.0232631674678462,62.265625,2.0,5.7336622660799215,4.804236650366188,0.0,0.0095773032227147,193.80078125,0.0,0.5333333333333333,78.75001388935188,0.0,0.0035499506221607,59.87890625,2.0,15.267573454238343,4.297792861975788,0.0,0.0102704723810346,85.953125,2.0,0.4666800008889481,4.799999999999999,0.0,0.0057797606790684,80.96875,3.0,0.5333511122963752,5.749911105184779,0.0,0.0026444929838494,92.390625,2.0,31.534528985193816,0.4984909872535631,0.0,0.0093900885082204,58.109375,2.0,4.2669155887451655,4.820540316000795,0.0,0.0091430857752589,86.8828125,2.0,2.466880042675202,0.4976187005215878,0.0,0.0036696564412834,53.86328125,2.0,2.866760006222637,4.59999589198479,0.0,0.0036797043729813,146.5390625,2.0,0.0046797866367211,52.5703125,2.0
2026-05-29T10:21:37Z,2.7336978263768508,46.07142857142855,0.0,0.0232631674678462,62.265625,2.0,5.7336622660799215,4.804236650366188,0.0,0.0076126790882951,193.80078125,0.0,0.5333333333333333,78.75001388935188,0.0,0.0039654677024584,59.87890625,2.0,17.733333333333334,4.28850088109543,0.0,0.0102704723810346,85.953125,2.0,0.4666800008889481,4.799999999999999,0.0,0.0057201933529151,81.21875,3.0,0.5333511122963752,5.749911105184779,0.0,0.0026991939531725,92.390625,2.0,32.20094672978198,0.4993150766743244,0.0,0.0104458367172567,58.109375,2.0,4.933333333333334,4.819,0.0,0.0107823267753994,86.8828125,2.0,2.466880042675202,0.4976187005215878,0.0,0.0040838854321483,53.86328125,2.0,2.866760006222637,4.59999589198479,0.0,0.0034963632615807,146.5390625,2.0,0.0046947258037617,52.5703125,2.0
2026-05-29T10:21:42Z,2.933137790813946,44.44444444444442,0.0,0.0226008677951564,62.265625,2.0,6.4,4.81370935779389,0.0,0.0095107691250729,193.80859375,0.0,0.5333333333333333,78.75001388935188,0.0,0.0039654677024584,59.87890625,2.0,17.733333333333334,4.28850088109543,0.0,0.0102704723810346,85.953125,2.0,0.4666800008889481,4.8,0.0,0.0057201933529151,81.21875,3.0,0.4,5.749955553580163,0.0,0.0027669140522508,92.75390625,2.0,35.734515634375626,0.4980677228215982,0.0,0.0126689785084347,58.109375,2.0,4.933333333333334,4.819,0.0,0.0107823267753994,86.8828125,2.0,2.533257782814479,0.4936275240311293,0.0,0.0040838854321483,53.86328125,2.0,2.866760006222637,4.59999589198479,0.0,0.0034963632615807,146.5390625,2.0,0.0047895783759673,46.86328125,2.0
2026-05-29T10:21:47Z,2.933137790813946,44.44444444444442,0.0,0.0215741436584432,62.265625,2.0,5.599871122073501,4.814400613010562,0.0,0.0091586591663592,193.80859375,0.0,0.2666666678518518,77.49999999999996,0.0,0.0028040642713131,59.9296875,2.0,17.666160037331082,4.31341433002869,0.0,0.0065901749999994,85.953125,2.0,0.3333555570371358,4.8,0.0,0.0057201933529151,81.21875,3.0,0.2666755561481876,5.750044446419842,0.0,0.0027669140522508,92.75390625,2.0,31.467137906372464,0.4977269286100287,0.0,0.0118237552612666,58.11328125,2.0,4.266551118814301,4.818718777388376,0.0,0.0104691127303891,86.8984375,2.0,1.9332400085921777,0.4934459412762706,0.0,0.0033943327210562,53.86328125,2.0,2.866568895406973,4.587687867358465,0.0,0.0037048625792813,146.55859375,2.0,0.0049380826737038,46.86328125,2.0
2026-05-29T10:21:52Z,2.933137790813946,44.44444444444442,0.0,0.0217751425267294,62.44140625,2.0,5.599871122073501,4.814400613010562,0.0,0.0091586591663592,193.80859375,0.0,0.2666666678518518,77.49999999999996,0.0,0.0031283010224652,59.9296875,2.0,16.267209066090473,4.314516607188109,0.0,0.0092939934960054,86.05859375,2.0,0.3333555570371358,4.8,0.0,0.0054826464208234,80.359375,3.0,0.2666755561481876,5.750044446419842,0.0,0.0026285634975712,92.75390625,2.0,30.534017934820703,0.4989467186737142,0.0,0.0118237552612666,58.11328125,2.0,3.333431147262539,4.819894417572312,0.0,0.0105545188122217,86.8984375,2.0,1.9332400085921777,0.4934459412762706,0.0,0.0036048613713001,53.9609375,2.0,2.866568895406973,4.587687867358465,0.0,0.0027919009156787,146.55859375,2.0,0.0049093083429373,46.93359375,2.0
2026-05-29T10:21:57Z,2.800373383117749,48.00000000000004,0.0,0.0217751425267294,62.44140625,2.0,4.800026688000118,4.819328359128755,0.0,0.0091586591663592,193.80859375,0.0,0.2666666678518518,77.49999999999996,0.0,0.0036035691377259,59.9375,2.0,16.267209066090473,4.314516607188109,0.0,0.0092939934960054,86.05859375,2.0,0.2000133342222814,4.800000000000001,0.0,0.0054826464208234,80.359375,3.0,0.2000177795557531,6.000000000000005,0.0,0.0026285634975712,92.75390625,2.0,24.933644576596823,1.1756289306501335,0.0,0.0095141601124734,58.11328125,2.0,3.333431147262539,4.819894417572312,0.0,0.0105545188122217,86.8984375,2.0,1.6000889066684842,0.4954289456399599,0.0,0.0036048613713001,53.9609375,2.0,2.866568895406973,4.587687867358465,0.0,0.0030962848668882,146.55859375,2.0,0.0049093083429373,46.93359375,2.0
2026-05-29T10:22:02Z,2.800373383117749,48.00000000000004,0.0,0.0217751425267294,62.44140625,2.0,4.800648997946355,4.82035385081185,0.0,0.008608521220937,194.46875,0.0,0.0,84.99999999999997,0.0,0.0036035691377259,59.9375,2.0,15.335875994152468,4.282681532251636,0.0,0.0092939934960054,86.05859375,2.0,0.0666711114074271,4.8,0.0,0.0054826464208234,80.359375,3.0,0.0666755567408987,6.74996110851834,0.0,0.0026022940373237,92.79296875,2.0,25.736756118029334,1.2305508389486768,0.0,0.0111252415925781,57.9921875,2.0,3.467253436463174,4.841529106476493,0.0,0.0102449170291604,86.8984375,2.0,1.6002667128971868,0.485795203725497,0.0,0.0036048613713001,53.9609375,2.0,2.7337867449028765,4.60937110434369,0.0,0.003754692861468,146.55859375,2.0,0.0049093083429373,46.93359375,2.0
2026-05-29T10:22:07Z,2.800373383117749,48.00000000000004,0.0,0.021654112093606,62.44140625,2.0,4.800648997946355,4.82035385081185,0.0,0.008608521220937,194.46875,0.0,0.0,84.99999999999997,0.0,0.0036035691377259,59.9375,2.0,15.73482696539308,4.2727272727272725,0.0,0.009496784730019,86.28125,2.0,0.0666711114074271,4.8,0.0,0.005373545719687,80.359375,3.0,0.0666755567408987,6.74996110851834,0.0,0.00272096173383,92.79296875,2.0,25.869876089581098,1.0782221188696075,0.0,0.0111252415925781,57.9921875,2.0,3.6003734080149363,4.842458100558659,0.0,0.009785350763398,86.90234375,2.0,1.6002667128971868,0.485795203725497,0.0,0.0036046474829903,53.9921875,2.0,2.7337867449028765,4.60937110434369,0.0,0.003754692861468,146.55859375,2.0,0.0038419564660141,47.0625,2.0
2026-05-29T10:22:12Z,2.6666666666666665,337.499999999999,0.0,0.0209811453779986,62.3046875,2.0,4.933826765353071,4.818421205760616,0.0,0.008608521220937,194.46875,0.0,0.0,84.99999999999997,0.0,0.0034369794903666,59.9375,2.0,15.73482696539308,4.2727272727272725,0.0,0.009496784730019,86.28125,2.0,0.0,4.8,0.0,0.0053566641232392,80.359375,3.0,0.0,7.750016667037043,0.0,0.00272096173383,92.79296875,2.0,27.669996097581627,1.2985583729524786,0.0,0.0111252415925781,57.9921875,2.0,3.6003734080149363,4.842458100558659,0.0,0.009785350763398,86.90234375,2.0,1.3334933653397347,0.486176596236423,0.0,0.0036046474829903,53.9921875,2.0,2.7337867449028765,4.60937110434369,0.0,0.003754692861468,146.55859375,2.0,0.0042494052125822,47.0625,2.0
2026-05-29T10:22:17Z,2.6666666666666665,337.499999999999,0.0,0.0209811453779986,62.3046875,2.0,4.666813343111762,4.801826443242604,0.0,0.0055699356868476,194.46875,0.0,0.0,24.25,0.0,0.0030171615966517,59.953125,2.0,14.467080027557394,4.213339605240252,0.0,0.009496784730019,86.28125,2.0,0.0,4.8,0.0,0.0053566641232392,80.359375,3.0,0.0,4.5000066668148175,0.0,0.0026772973469198,92.8515625,2.0,27.86840900504478,1.3718187002674926,0.0,0.0103066142976649,58.0078125,2.0,3.600124452741294,4.8217145338914165,0.0,0.00918200447094,86.90234375,2.0,0.9333600017778962,0.475,0.0,0.0036046474829903,53.9921875,2.0,3.333440007111585,4.59394369981676,0.0,0.0033161469946821,146.55859375,2.0,0.0048893849588167,47.0625,2.0
2026-05-29T10:22:22Z,2.6666666666666665,337.499999999994,0.0,0.0208912650977496,62.3046875,2.0,4.666813343111762,4.801826443242604,0.0,0.0075016847105611,192.61328125,0.0,0.0,24.25,0.0,0.0030171615966517,59.953125,2.0,12.867524501633442,4.255555611799488,0.0,0.0090474280769143,86.47265625,2.0,0.0,4.8,0.0,0.005232952237247,80.359375,3.0,0.0,4.5000066668148175,0.0,0.0026772973469198,92.8515625,2.0,28.068537902526835,1.4361113580356668,0.0,0.0103066142976649,58.0078125,2.0,3.800253350223348,4.822352941176471,0.0,0.0097365905359634,86.90234375,2.0,0.9333600017778962,0.475,0.0,0.0026898428305002,53.9921875,2.0,3.333440007111585,4.59394369981676,0.0,0.0039895835313345,142.96875,2.0,0.0049011106069868,47.13671875,2.0
2026-05-29T10:22:27Z,2.533502233482232,49.374999999999886,0.0,0.0209004622843611,60.5,2.0,4.600306687112473,4.788625721801363,0.0,0.0075016847105611,192.61328125,0.0,0.0,24.25,0.0,0.0025088545843357,59.953125,2.0,12.867524501633442,4.255555611799488,0.0,0.0090474280769143,86.47265625,2.0,0.0666755567408987,4.7333323456204806,0.0,0.0057143111992065,84.9375,3.0,0.0666755567408987,4.599995555259239,0.0,0.0025617852241533,92.8515625,2.0,28.535235682378826,1.5808221613502424,0.0,0.0103066142976649,58.0078125,2.0,3.800253350223348,4.822352941176471,0.0,0.0097365905359634,86.90234375,2.0,1.1334088939262617,0.475,0.0,0.0024136243863992,53.9921875,2.0,3.333440007111585,4.59394369981676,0.0,0.0039335514505758,142.96875,2.0,0.0048326556870815,47.13671875,2.0
2026-05-29T10:22:32Z,2.533502233482232,49.374999999999886,0.0,0.0209004622843611,60.5,2.0,4.533502233482232,4.788059965530036,0.0,0.0075016847105611,192.61328125,0.0,0.1333377780740938,24.25,0.0,0.0027165262316257,60.52734375,2.0,14.667120030224236,4.214463460667713,0.0,0.0075534365680223,86.47265625,2.0,0.1333466681483259,4.699998888827157,0.0,0.0057143111992065,84.9375,3.0,0.1333466681483259,4.399991110518478,0.0,0.0025390603169531,92.88671875,2.0,26.13442673956041,1.6197362996851656,0.0,0.008786543846502,58.0078125,2.0,3.4001288974820545,4.82345706364655,0.0,0.0097365905359634,86.90234375,2.0,1.4000577816298865,0.4830509566301493,0.0,0.003380539828192,52.703125,2.0,2.4000755605929283,4.603080960694092,0.0,0.0039335514505758,142.96875,2.0,0.0047286389931199,47.21484375,2.0
2026-05-29T10:22:37Z,2.533502233482232,49.374999999999886,0.0,0.0209004622843611,60.5,2.0,4.533502233482232,4.788059965530036,0.0,0.0075016847105611,192.61328125,0.0,0.1333377780740938,24.25,0.0,0.0027165262316257,60.52734375,2.0,14.80046225303909,4.231963196992975,0.0,0.0072692474169369,86.47265625,2.0,0.1333466681483259,4.699998888827157,0.0,0.0058241616883967,84.9375,3.0,0.1333466681483259,4.399991110518478,0.0,0.0025390603169531,92.88671875,2.0,25.53429784207836,1.450747177022421,0.0,0.0079024611943677,58.0078125,2.0,2.8,4.850666621627167,0.0,0.0092858682829596,86.90234375,2.0,1.4000577816298865,0.4830509566301493,0.0,0.003380539828192,52.703125,2.0,2.4000755605929283,4.603080960694092,0.0,0.0031988623783945,142.96875,2.0,0.0047286389931199,47.21484375,2.0
2026-05-29T10:22:42Z,1.8001200080005333,662.4999999999998,0.0,0.0187259855123031,60.42578125,2.0,3.600106673778252,4.790673789914546,0.0,0.0068611961384506,193.1640625,0.0,0.1333377780740938,24.25,0.0,0.0027165262316257,60.52734375,2.0,14.80046225303909,4.231963196992975,0.0,0.0086892750666865,86.84765625,2.0,0.0666711114074271,4.6,0.0,0.0058241616883967,84.9375,3.0,0.0666711114074271,4.600004444543212,0.0,0.0020786769077298,92.88671875,2.0,19.666671111407428,1.6869822748561176,0.0,0.0070183785422334,58.0078125,2.0,2.8,4.850666621627167,0.0,0.0092858682829596,86.90234375,2.0,1.0000311131853237,0.4841348261976663,0.0,0.003380539828192,52.703125,2.0,2.4000755605929283,4.603080960694092,0.0,0.0028710664241798,142.96875,2.0,0.0046989843968734,47.21484375,2.0
2026-05-29T10:22:47Z,1.8001200080005333,662.4999999999998,0.0,0.0187259855123031,60.42578125,2.0,3.0668711247416494,4.81098901098901,0.0,0.0068611961384506,193.1640625,0.0,0.0,24.25,0.0,0.0026608198388912,60.52734375,2.0,14.000933395559702,4.22874251497006,0.0,0.0086892750666865,86.84765625,2.0,0.0,4.6,0.0,0.0058241616883967,84.9375,3.0,0.0,4.600004444543212,0.0,0.0025310877507847,92.88671875,2.0,17.867200035557925,1.7588145960726498,0.0,0.0095614387525714,58.58203125,2.0,2.533413338667022,4.8531468655358125,0.0,0.0076348930921033,86.90234375,2.0,0.6667111140742716,0.4851063829787234,0.0,0.0032617857992592,52.703125,2.0,2.600084450074449,4.603178628912922,0.0,0.0036226328147286,142.97265625,2.0,0.0045512978315172,47.23828125,2.0
2026-05-29T10:22:52Z,1.8001200080005333,662.4999999999998,0.0,0.0144054371374433,60.4140625,2.0,3.0668711247416494,4.81098901098901,0.0,0.0068611961384506,193.1640625,0.0,0.0,24.25,0.0,0.0026080734415652,60.8828125,2.0,14.333813365335466,4.220731707317072,0.0,0.0083373800959238,86.84765625,2.0,0.0,4.6,0.0,0.004968351546861,84.94140625,3.0,0.0,4.600004444543212,0.0,0.0025697063738363,89.15625,2.0,17.867288930373135,1.8260869565217408,0.0,0.0095614387525714,58.58203125,2.0,2.533502233482232,4.855882352941176,0.0,0.0094432814992001,86.90234375,2.0,0.6667111140742716,0.4851063829787234,0.0,0.0032052540615279,52.703125,2.0,2.600084450074449,4.603178628912922,0.0,0.0036226328147286,142.97265625,2.0,0.0044736539375304,47.23828125,2.0
2026-05-29T10:22:57Z,2.066804453630242,824.9999999999985,0.0,0.0159378109030477,60.4140625,2.0,3.53356890459364,4.8137139616326445,0.0,0.0068611961384506,95.46484375,0.0,0.0,24.25,0.0,0.002779217273954,60.8828125,2.0,14.333813365335466,4.220731707317072,0.0,0.0085118300824989,86.9765625,2.0,0.0,4.599995555259239,0.0,0.0058534980032529,84.94140625,3.0,0.0,4.599995555259239,0.0,0.0025697063738363,89.15625,2.0,20.801386759117275,1.7939393939393864,0.0,0.0097808776733519,58.98046875,2.0,2.533502233482232,4.855882352941176,0.0,0.0092379751900743,86.90234375,2.0,0.6667111140742716,0.4857953345892953,0.0,0.0032052540615279,52.703125,2.0,2.600084450074449,4.603178628912922,0.0,0.0036226328147286,142.97265625,2.0,0.0044736539375304,47.23828125,2.0
2026-05-29T10:23:02Z,2.066804453630242,824.9999999999985,0.0,0.0183884851872534,60.4140625,2.0,4.200128897482054,4.813872169735113,0.0,0.0069390548167526,95.83984375,0.0,0.0666666666666666,24.25,0.0,0.002779217273954,60.8828125,2.0,13.8,4.263948020630294,0.0,0.0085118300824989,86.9765625,2.0,0.0666666666666666,4.599995555259239,0.0,0.0058534980032529,84.94140625,3.0,0.0666666666666666,4.599995555259239,0.0,0.0025681445952275,89.15625,2.0,24.000853390226013,1.734356635596046,0.0,0.0094022134882942,58.98046875,2.0,3.0000888948152102,4.85671642731647,0.0,0.0092379751900743,86.90234375,2.0,0.8666888903704691,2.133265180707524,0.0,0.0032052540615279,52.703125,2.0,2.8001778014846423,4.624235085746226,0.0,0.0034351295907139,142.97265625,2.0,0.0037260690841196,47.23828125,2.0
2026-05-29T10:23:07Z,2.066804453630242,824.9999999999985,0.0,0.0154689045307728,60.4140625,2.0,4.200128897482054,4.813872169735113,0.0,0.0069390548167526,95.83984375,0.0,0.0666666666666666,24.25,0.0,0.002779217273954,60.8828125,2.0,13.8671466986688,4.253795482519301,0.0,0.0084880682853213,86.9765625,2.0,0.0666666666666666,4.599995555259239,0.0,0.004698505288911,84.94140625,3.0,0.0666666666666666,4.599995555259239,0.0,0.0025681445952275,89.15625,2.0,24.53422228148543,1.7468568265754438,0.0,0.0097041997642107,58.9765625,2.0,3.533457786074627,4.858461568442829,0.0,0.0084808183392506,86.90234375,2.0,0.8666888903704691,2.133265180707524,0.0,0.0025816134001673,52.70703125,2.0,2.8001778014846423,4.624235085746226,0.0,0.0034351295907139,142.97265625,2.0,0.0044961180286705,47.2421875,2.0
2026-05-29T10:23:12Z,2.6,812.4999999999978,0.0,0.0179292801810465,60.4765625,2.0,4.666826677334044,4.8153839720540486,0.0,0.0069390548167526,95.83984375,0.0,0.0666666666666666,24.25,0.0,0.0029336119100594,61.03125,2.0,13.8671466986688,4.253795482519301,0.0,0.0084880682853213,86.9765625,2.0,0.2000088894815209,4.8,0.0,0.0053339997474644,84.9375,3.0,0.2000088894815209,4.699999999999999,0.0,0.0026711002041929,89.2890625,2.0,25.867644509633976,1.84921441516965,0.0,0.0097041997642107,58.9765625,2.0,3.533457786074627,4.858461568442829,0.0,0.0086851904772364,86.90234375,2.0,1.3332266808869928,2.1333629628312654,0.0,0.0032687443143469,52.70703125,2.0,2.8001778014846423,4.624235085746226,0.0,0.0034351295907139,142.97265625,2.0,0.0044961180286705,47.2421875,2.0
2026-05-29T10:23:17Z,2.6,812.4999999999978,0.0,0.0179292801810465,60.4765625,2.0,4.533777826376139,4.815384615384615,0.0,0.0069390548167526,95.83984375,0.0,0.2000266702226963,24.25,0.0,0.0028753293807637,61.03125,2.0,15.134871284169089,4.244576996838706,0.0,0.0088489997211765,87.12890625,2.0,0.2000177795557531,4.8,0.0,0.0053339997474644,84.9375,3.0,0.2000177795557531,4.733334321038868,0.0,0.0027440857404267,89.2890625,2.0,24.73565357750969,1.9015551230166023,0.0,0.0069684225528746,58.9765625,2.0,3.4003289244486323,4.859842503977473,0.0,0.0086851904772364,86.90234375,2.0,1.33329780148085,2.1334311111111104,0.0,0.0032687443143469,52.70703125,2.0,2.866853358225541,4.630306630099348,0.0,0.003535259267027,142.96875,2.0,0.0044961180286705,47.2421875,2.0
2026-05-29T10:23:22Z,2.6,812.4999999999978,0.0,0.0179292801810465,60.4765625,2.0,4.533777826376139,4.815384615384615,0.0,0.0102097308151524,96.43359375,0.0,0.2000266702226963,24.25,0.0,0.002824317287062,61.05078125,2.0,15.135351380184025,4.224561403508771,0.0,0.0092533121055319,87.12890625,2.0,0.2000177795557531,4.8,0.0,0.0053339997474644,84.9375,3.0,0.2000177795557531,4.733334321038868,0.0,0.002706598593975,89.44921875,2.0,24.269049149660606,2.032391465029137,0.0,0.0075347477065556,59.23828125,2.0,2.9337244965995466,4.829230444419181,0.0,0.0088402349875234,86.94140625,2.0,1.33329780148085,2.1334311111111104,0.0,0.0026546698355929,52.70703125,2.0,2.866853358225541,4.630306630099348,0.0,0.002801543211486,142.96875,2.0,0.004529385235506,47.2421875,2.0
2026-05-29T10:23:27Z,2.4669955994132557,1000.0,0.0,0.016005907207747,60.4765625,2.0,4.533937858381118,4.811560337660282,0.0,0.0102097308151524,96.43359375,0.0,0.2000266702226963,24.25,0.0,0.002824317287062,61.05078125,2.0,15.135351380184025,4.224561403508771,0.0,0.0092533121055319,87.12890625,2.0,0.1333466681483259,4.8,0.0,0.0052823040166344,84.9375,3.0,0.1333466681483259,4.666666666666666,0.0,0.002706598593975,89.44921875,2.0,23.802351369808616,1.8484985114923649,0.0,0.008376305529328,59.23828125,2.0,2.9337244965995466,4.829230444419181,0.0,0.0088402349875234,86.94140625,2.0,1.0668444752647912,2.0667007422552084,0.0,0.0033101468600109,52.390625,2.0,2.866853358225541,4.630306630099348,0.0,0.0036462008251311,142.96875,2.0,0.004515398067189,47.51171875,2.0
2026-05-29T10:23:32Z,2.4669955994132557,1000.0,0.0,0.0203012666543482,61.00390625,2.0,4.93365337600569,4.790425296498009,0.0,0.0102097308151524,96.43359375,0.0,0.2666666666666666,24.25,0.0,0.0024998840065757,61.05078125,2.0,15.867626794683735,4.203462262533069,0.0,0.0092533121055319,87.12890625,2.0,0.2000044447407604,4.8,0.0,0.0052823040166344,84.9375,3.0,0.2000044447407604,4.719998577689278,0.0,0.002238183589718,89.44921875,2.0,25.06767563526623,2.2076853276840502,0.0,0.0100986938732688,59.23828125,2.0,3.0668533582255413,4.827940582908713,0.0,0.0088402349875234,86.94140625,2.0,1.266773354670934,1.6666666666666663,0.0,0.0034687387561925,52.390625,2.0,2.933435562370825,4.734283194393029,0.0,0.0030429824761234,142.96875,2.0,0.0046516968148884,47.51171875,2.0
2026-05-29T10:23:37Z,2.4669955994132557,1000.0,0.0,0.0203012666543482,61.00390625,2.0,4.93365337600569,4.790425296498009,0.0,0.0102097308151524,96.43359375,0.0,0.2666666666666666,24.25,0.0,0.0032638213421154,61.06640625,2.0,17.8,4.19203939542135,0.0,0.0092722996931783,87.2578125,2.0,0.2000044447407604,4.8,0.0,0.0053065716464619,84.9375,3.0,0.2000044447407604,4.719998577689278,0.0,0.0027833175909683,89.80078125,2.0,25.20072006163283,2.2913322735476283,0.0,0.008595783809507,59.23828125,2.0,3.1998977845921384,4.826388888888888,0.0,0.0055692000000021,86.94140625,2.0,1.266773354670934,1.6666666666666663,0.0,0.0035004848259782,52.3984375,2.0,2.933435562370825,4.734283194393029,0.0,0.0036350459532774,142.9765625,2.0,0.0046516968148884,47.51171875,2.0
2026-05-29T10:23:42Z,2.2668177878525237,362.5000000000002,0.0,0.0204430859486527,61.00390625,2.0,4.533333333333333,4.78659777847732,0.0,0.0111336341819699,95.328125,0.0,0.2666666666666666,24.25,0.0,0.0032638213421154,61.06640625,2.0,17.8,4.19203939542135,0.0,0.0094427405003657,87.2578125,2.0,0.2,4.8,0.0,0.0053988438125588,84.9296875,3.0,0.2,4.68,0.0,0.0027833175909683,89.80078125,2.0,24.399897784592135,2.295121951219511,0.0,0.0098016893460472,59.015625,2.0,3.1998977845921384,4.826388888888888,0.0,0.0088060892829508,87.27734375,2.0,1.2666666666666666,1.3333748157366463,0.0,0.0035004848259782,52.3984375,2.0,2.933435562370825,4.734283194393029,0.0,0.0036350459532774,142.9765625,2.0,0.0046323031092909,47.37109375,2.0
2026-05-29T10:23:47Z,2.2668177878525237,362.5000000000002,0.0,0.0190770545454556,60.515625,2.0,3.666777785185679,4.786096269903711,0.0,0.0111336341819699,95.328125,0.0,0.0,24.25,0.0,0.0032638213421154,61.06640625,2.0,14.60036446874236,4.141104462943693,0.0,0.0088716502115651,87.328125,2.0,0.0666666666666666,4.8,0.0,0.0053988438125588,84.9296875,3.0,0.0666666666666666,4.680004266894234,0.0,0.0027833175909683,89.80078125,2.0,21.86715115703919,2.223392088671017,0.0,0.0095978290676406,59.015625,2.0,2.933324457481442,4.827338448568417,0.0,0.0088060892829508,87.27734375,2.0,1.0667022245927509,0.4836365311345859,0.0,0.0034622442653442,52.3984375,2.0,2.266742227259595,4.741940437172571,0.0,0.0036890859405496,142.9765625,2.0,0.004531586335985,47.37109375,2.0
2026-05-29T10:23:52Z,2.2668177878525237,362.5000000000002,0.0,0.0191618252674034,60.515625,2.0,3.666777785185679,4.786096269903711,0.0,0.0102513652425313,95.8359375,0.0,0.0,24.25,0.0,0.0022613250000006,61.06640625,2.0,10.534035602373493,4.154321149906796,0.0,0.0088716502115651,87.328125,2.0,0.0666666666666666,4.8,0.0,0.0044275834465112,85.3359375,3.0,0.0666666666666666,4.680004266894234,0.0,0.0021495198857882,90.04296875,2.0,22.067484514377085,2.1297579738844945,0.0,0.0095069699328965,59.00390625,2.0,3.1336578148193386,4.828787878787878,0.0,0.0088060892829508,87.27734375,2.0,1.0667022245927509,0.4836365311345859,0.0,0.0034622442653442,52.3984375,2.0,2.266742227259595,4.741940437172571,0.0,0.0036474675754995,143.24609375,2.0,0.004531586335985,47.37109375,2.0
2026-05-29T10:23:57Z,2.000133342222815,500.0,0.0,0.0191618252674034,60.515625,2.0,3.933595573038202,4.784444459809306,0.0,0.0102513652425313,95.8359375,0.0,0.0,24.25,0.0,0.0032340839823908,61.0703125,2.0,10.534035602373493,4.154321149906796,0.0,0.006934882203676,87.328125,2.0,0.1333511134817975,4.8,0.0,0.0048985578688017,85.3359375,3.0,0.1333511134817975,4.680002133485047,0.0,0.0026336417681461,90.04296875,2.0,24.00261364270531,2.15616482312436,0.0,0.0091738632721287,59.00390625,2.0,3.1336578148193386,4.828787878787878,0.0,0.0089486714708866,87.66015625,2.0,1.4668266856320002,0.4837960718454764,0.0,0.0033626574084971,52.39453125,2.0,2.266742227259595,4.741940437172571,0.0,0.0036474675754995,143.24609375,2.0,0.0044250390791524,47.68359375,2.0
2026-05-29T10:24:02Z,2.000133342222815,500.0,0.0,0.0191618252674034,60.515625,2.0,4.800302242371713,4.784946051299206,0.0,0.0070240227379608,95.80859375,0.0,0.2666755561481876,24.25,0.0,0.0032340839823908,61.0703125,2.0,12.3341244971887,4.214195085843036,0.0,0.0084334756952377,87.328125,2.0,0.2666844468151309,4.8,0.0,0.0056516930674865,85.3359375,3.0,0.2666844468151309,4.679997866533917,0.0,0.0026336417681461,90.04296875,2.0,28.736240328928837,1.9945046932799289,0.0,0.0091738632721287,59.00390625,2.0,3.733697817486184,4.826950074259498,0.0,0.0089486714708866,87.66015625,2.0,1.8668355751135213,0.475,0.0,0.0033626574084971,52.39453125,2.0,2.6002578062256205,4.745158879482863,0.0,0.003589349977508,143.24609375,2.0,0.0044250390791524,47.68359375,2.0
2026-05-29T10:24:07Z,2.000133342222815,500.0,0.0,0.0195989104912167,60.65625,2.0,4.800302242371713,4.784946051299206,0.0,0.0082964164785553,95.80859375,0.0,0.2666755561481876,24.25,0.0,0.0032340839823908,61.0703125,2.0,16.001035624597193,4.251724137931033,0.0,0.0065600142090227,87.328125,2.0,0.2666844468151309,4.8,0.0,0.0055236541297933,86.07421875,3.0,0.2666844468151309,4.679997866533917,0.0,0.0027646703608975,90.3125,2.0,29.136151418703136,1.8256859890881676,0.0,0.010777659187937,59.01953125,2.0,4.133608907260484,4.824516129032258,0.0,0.0093378983050843,88.04296875,2.0,1.8668355751135213,0.475,0.0,0.0033509110810635,52.39453125,2.0,2.6002578062256205,4.745158879482863,0.0,0.0036348551973091,138.8203125,2.0,0.0037732540258683,47.6953125,2.0
2026-05-29T10:24:12Z,3.1333333333333333,387.4999999999983,0.0,0.0182446989353168,60.65625,2.0,5.866817787852524,4.782474433586892,0.0,0.0082964164785553,95.80859375,0.0,0.2666755561481876,24.25,0.0,0.0034191405264486,61.0703125,2.0,16.001035624597193,4.251724137931033,0.0,0.0094290530846501,87.65625,2.0,0.2666666666666666,4.8,0.0,0.0049181961575954,86.07421875,3.0,0.2666755561481876,4.639997155378556,0.0,0.0028106637168139,90.3125,2.0,34.73435562370825,1.7041095890410891,0.0,0.010777659187937,59.01953125,2.0,4.133608907260484,4.824516129032258,0.0,0.0096460568103565,88.04296875,2.0,2.1333777807409384,0.475,0.0,0.0034167475076884,52.3984375,2.0,2.6002578062256205,4.745158879482863,0.0,0.0036348551973091,138.8203125,2.0,0.0044967126344013,47.6953125,2.0
2026-05-29T10:24:17Z,3.1333333333333333,387.4999999999983,0.0,0.02054897696507,60.234375,2.0,6.400035560296929,4.801990442162511,0.0,0.008157016580365,96.328125,0.0,0.2666844468151309,24.25,0.0,0.0034419782001626,54.37890625,2.0,17.867311158225917,4.30160394454364,0.0,0.0094934392548985,87.65625,2.0,0.2666844468151309,4.8,0.0,0.0056641125839654,86.07421875,3.0,0.2666933362966519,4.64000284464673,0.0,0.0028106637168139,90.3125,2.0,35.8001866820755,1.2852928103413015,0.0,0.010777659187937,59.01953125,2.0,4.266808898371002,4.823170731707316,0.0,0.0096044395397638,87.8515625,2.0,2.266702226963595,0.4875002266274041,0.0,0.0034167475076884,52.3984375,2.0,3.0001022290374912,4.616389702643632,0.0,0.0036461298563423,138.8203125,2.0,0.0044967126344013,47.6953125,2.0
2026-05-29T10:24:22Z,3.1333333333333333,387.4999999999983,0.0,0.02054897696507,60.234375,2.0,6.400035560296929,4.801990442162511,0.0,0.0062905170936023,96.328125,0.0,0.2666844468151309,24.25,0.0,0.0033308074408232,54.37890625,2.0,19.134062274967032,4.316057206530047,0.0,0.0094934392548985,87.65625,2.0,0.2666844468151309,4.8,0.0,0.0047300532179313,86.07421875,3.0,0.2666933362966519,4.64000284464673,0.0,0.0027935346633572,90.3125,2.0,35.53362670578299,1.3246732373784469,0.0,0.0094117635674243,59.015625,2.0,4.0002489220785,4.845238095238095,0.0,0.0078019109973178,87.8515625,2.0,2.266702226963595,0.4875002266274041,0.0,0.0034167475076884,52.3984375,2.0,3.0001022290374912,4.616389702643632,0.0,0.0037298554720315,138.8359375,2.0,0.003809302672154,47.6953125,2.0
2026-05-29T10:24:27Z,2.8001866791119405,299.999999999998,0.0,0.02054897696507,60.234375,2.0,5.467022269635952,4.798029120367913,0.0,0.0073381382469397,96.328125,0.0,0.2666844468151309,24.25,0.0,0.0033308074408232,54.37890625,2.0,19.134062274967032,4.316057206530047,0.0,0.0097735801706504,87.7890625,2.0,0.1333511134817975,4.8,0.0,0.0042917269966816,86.07421875,3.0,0.2000222248892247,4.68,0.0,0.0027490566037734,86.31640625,2.0,29.468693603591596,1.1825801795243047,0.0,0.0115671393261371,59.015625,2.0,4.0002489220785,4.845238095238095,0.0,0.0086374779009781,87.8515625,2.0,1.600142248301196,0.4874997989569346,0.0,0.0034991606367582,52.39453125,2.0,3.0001022290374912,4.616389702643632,0.0,0.0037298554720315,138.8359375,2.0,0.004615879450123,47.53515625,2.0
2026-05-29T10:24:32Z,2.8001866791119405,299.999999999998,0.0,0.0192279170731991,60.234375,2.0,5.934280168030762,4.798173920508924,0.0,0.007626559959071,97.21484375,0.0,0.3333600053344002,24.25,0.0,0.0033308074408232,54.37890625,2.0,21.46941379386396,4.312923496488226,0.0,0.0097735801706504,87.7890625,2.0,0.2,4.8,0.0,0.0055074928639395,87.1796875,3.0,0.2666711114074271,4.714282448710053,0.0,0.0027490566037734,86.31640625,2.0,31.67183645734792,1.29334506395477,0.0,0.0125841718528864,59.03515625,2.0,4.20071568209717,4.84318183999301,0.0,0.0084513135948426,87.8515625,2.0,1.666920050676802,0.4867280797094818,0.0,0.0034991606367582,52.39453125,2.0,3.533808968607509,4.611940298507463,0.0,0.0037298554720315,138.8359375,2.0,0.004615879450123,47.53515625,2.0
2026-05-29T10:24:37Z,2.8001866791119405,299.999999999998,0.0,0.0172913856756133,60.234375,2.0,5.934280168030762,4.798173920508924,0.0,0.007626559959071,97.21484375,0.0,0.3333600053344002,24.25,0.0,0.0027878393707149,54.37890625,2.0,22.002080416083217,4.240198349235888,0.0,0.0105689629556266,87.7890625,2.0,0.2,4.8,0.0,0.0055074928639395,87.1796875,3.0,0.2666711114074271,4.714282448710053,0.0,0.002878284053803,86.31640625,2.0,32.47158753526942,1.435430138100534,0.0,0.0125841718528864,59.03515625,2.0,5.00046676001867,4.839175280170863,0.0,0.0103530109100345,87.8828125,2.0,1.666920050676802,0.4867280797094818,0.0,0.0036734132858048,52.39453125,2.0,3.533808968607509,4.611940298507463,0.0,0.0031764085496254,138.8359375,2.0,0.004615879450123,47.53515625,2.0
2026-05-29T10:24:42Z,3.6002400160010666,46.56249999999999,0.0,0.0153548542780275,60.234375,2.0,7.000626792025072,4.796748721050868,0.0,0.0077123471345678,97.21484375,0.0,0.3333600053344002,24.25,0.0,0.002497584563669,54.37890625,2.0,22.002080416083217,4.240198349235888,0.0,0.0107047374829366,87.9375,2.0,0.4666844456297086,4.799999999999999,0.0,0.0055055972683,87.5390625,3.0,0.4,4.6,0.0,0.002878284053803,86.31640625,2.0,38.73652063746083,1.098791635212206,0.0,0.0134374652719045,59.03515625,2.0,5.00046676001867,4.839175280170863,0.0,0.0104858767683425,87.8828125,2.0,2.466813362672535,0.4854395094523222,0.0,0.0035977513113765,52.39453125,2.0,3.533808968607509,4.611940298507463,0.0,0.0039231339594659,138.8359375,2.0,0.0047469535624111,47.53515625,2.0
2026-05-29T10:24:47Z,3.6002400160010666,46.56249999999999,0.0,0.0244531090850355,60.4921875,2.0,5.80016445659356,4.796813495848953,0.0,0.0077123471345678,97.21484375,0.0,0.2000177795557531,24.25,0.0,0.0036011604599643,54.25390625,2.0,19.067248929484425,4.237114642765418,0.0,0.0077418159596539,87.9375,2.0,0.3333600023706073,4.8,0.0,0.0055055972683,87.5390625,3.0,0.2666755567408988,4.600008889283968,0.0,0.0027898533905843,86.3828125,2.0,33.60078672030003,1.441434395592302,0.0,0.012348117184455,59.02734375,2.0,4.466786674667199,4.838974378962774,0.0,0.0104858767683425,87.8828125,2.0,1.8667111152596936,0.4911933822041994,0.0,0.0035977513113765,52.39453125,2.0,2.866857790519368,4.608223084854771,0.0,0.0039231339594659,138.8359375,2.0,0.0047469535624111,47.53515625,2.0
2026-05-29T10:24:52Z,3.6002400160010666,46.56249999999999,0.0,0.0244531090850355,60.4921875,2.0,5.80016445659356,4.796813495848953,0.0,0.007472518923465,97.52734375,0.0,0.2000177795557531,24.25,0.0,0.0036011604599643,54.25390625,2.0,16.001080073782934,4.224445415614743,0.0,0.0086380721268758,87.9375,2.0,0.3333600023706073,4.8,0.0,0.0056351427763645,87.5390625,3.0,0.2666755567408988,4.600008889283968,0.0,0.0026524761545508,86.3828125,2.0,32.13420005896705,1.4667214160135127,0.0,0.0118394930579575,59.02734375,2.0,3.000200013334222,4.841304342837251,0.0,0.0087907182789981,87.8828125,2.0,1.8667111152596936,0.4911933822041994,0.0,0.0035977513113765,52.39453125,2.0,2.866857790519368,4.608223084854771,0.0,0.0039848716208571,138.8359375,2.0,0.0047469535624111,47.53515625,2.0
2026-05-29T10:24:57Z,1.8001200080005333,48.39285714285714,0.0,0.0244531090850355,60.4921875,2.0,4.400302243557136,4.800844227823172,0.0,0.007472518923465,97.52734375,0.0,0.2000177795557531,24.25,0.0,0.0034858661512437,54.25390625,2.0,16.001080073782934,4.224445415614743,0.0,0.0098776966359371,87.9765625,2.0,0.0666755567408987,4.8,0.0,0.0056351427763645,87.5390625,3.0,0.1333511134817975,4.666669629827174,0.0,0.0026524761545508,86.3828125,2.0,24.9350045570447,1.5903816288629362,0.0,0.0118394930579575,59.02734375,2.0,3.000200013334222,4.841304342837251,0.0,0.0097362080565148,80.609375,2.0,0.9334044503709236,0.4945205479452054,0.0,0.0034656531009544,52.390625,2.0,2.866857790519368,4.608223084854771,0.0,0.0041350853540433,139.0,2.0,0.0045530844695713,47.77734375,2.0
2026-05-29T10:25:02Z,1.8001200080005333,48.39285714285714,0.0,0.0244531090850355,60.4921875,2.0,4.600137786963575,4.783856661518589,0.0,0.0073435275426965,97.52734375,0.0,0.2,24.25,0.0,0.0034858661512437,54.25390625,2.0,16.26716447763184,4.190396143379607,0.0,0.0098776966359371,87.9765625,2.0,0.0666666666666666,4.8,0.0,0.0054822056318635,87.671875,3.0,0.2000088900742321,18.249933328888588,0.0,0.0026524761545508,86.3828125,2.0,25.600884503411336,1.519497855626705,0.0,0.0100588990770021,59.02734375,2.0,2.9334133386670223,4.821838848941813,0.0,0.0097362080565148,80.609375,2.0,1.400026668444563,0.4819853352096804,0.0,0.0034656531009544,52.390625,2.0,2.8000977842967307,4.6140883434023525,0.0,0.0041350853540433,139.0,2.0,0.0045530844695713,47.77734375,2.0
2026-05-29T10:25:07Z,1.8001200080005333,48.39285714285714,0.0,0.0228713446689689,60.8203125,2.0,4.600137786963575,4.783856661518589,0.0,0.0074431668717383,98.1328125,0.0,0.2,24.25,0.0,0.0034858661512437,54.25390625,2.0,18.333968931262085,4.177352173241912,0.0,0.0102036570698317,88.3046875,2.0,0.0666666666666666,4.8,0.0,0.0044124237531853,87.671875,3.0,0.2000088900742321,18.249933328888588,0.0,0.002707474921799,86.4296875,2.0,26.33413783141098,1.5298594242007513,0.0,0.0117713301083096,54.16796875,2.0,3.666666666666667,4.8,0.0,0.0098226182500337,80.609375,2.0,1.400026668444563,0.4819853352096804,0.0,0.0034656531009544,52.390625,2.0,2.8000977842967307,4.6140883434023525,0.0,0.0042471341781892,139.0,2.0,0.0036308580468191,47.77734375,2.0
2026-05-29T10:25:12Z,3.000200013334222,41.56249999999998,0.0079365079365079,0.0228713446689689,60.8203125,2.0,5.333520012445274,4.789380756534955,0.0,0.0074431668717383,98.1328125,0.0,0.2,24.25,0.0,0.0034858661512437,54.25390625,2.0,18.333968931262085,4.177352173241912,0.0,0.0087483637252902,88.3046875,2.0,0.1999911117036641,4.8,0.0,0.0055807547627716,87.671875,3.0,0.3333333333333333,16.749999999999993,0.0,0.002707474921799,86.4296875,2.0,29.334337844745203,1.465815715958069,0.0,0.0117713301083096,54.16796875,2.0,3.666666666666667,4.8,0.0,0.0097837080883508,80.609375,2.0,2.0667377825188344,0.4815974136371745,0.0,0.0033885093310098,52.390625,2.0,2.8000977842967307,4.6140883434023525,0.0,0.0042471341781892,139.0,2.0,0.0044770190037359,47.5546875,2.0
2026-05-29T10:25:17Z,3.000200013334222,41.56249999999998,0.0079365079365079,0.0162016075915376,60.8203125,2.0,5.26687112474165,4.789610289659543,0.0,0.0069892109500805,98.1328125,0.0,0.3333422228148543,24.25,0.0,0.001422633333333,54.25390625,2.0,17.600653376891792,4.229218044067406,0.0,0.0101074508769597,88.3046875,2.0,0.2666666678518518,4.8,0.0,0.0055807547627716,87.671875,3.0,0.3333422228148543,16.00010000444464,0.0,0.002707474921799,86.4296875,2.0,29.46768006756006,1.3107762821906408,0.0,0.0117713301083096,54.16796875,2.0,3.8,4.8,0.0,0.0075344364953134,80.609375,2.0,2.00008889481521,0.4935061730364263,0.0,0.0033885093310098,52.390625,2.0,2.6,4.614488810302541,0.0,0.0040338682572804,139.03125,2.0,0.0044770190037359,47.5546875,2.0
2026-05-29T10:25:22Z,3.000200013334222,41.56249999999998,0.0079365079365079,0.0176467765150054,60.82421875,2.0,5.26687112474165,4.789610289659543,0.0,0.0073255359846975,99.64453125,0.0,0.3333422228148543,24.25,0.0,0.001422633333333,54.25390625,2.0,17.534613502837338,4.255797736855527,0.0,0.0081906008943967,88.3046875,2.0,0.2666666678518518,4.8,0.0,0.0055640508371994,87.671875,3.0,0.3333422228148543,16.00010000444464,0.0,0.002707474921799,86.4296875,2.0,29.80116452207925,1.1256916291643586,0.0,0.0102888246857705,54.16796875,2.0,4.1334844545191896,4.8,0.0,0.0090881733278813,80.609375,2.0,2.00008889481521,0.4935061730364263,0.0,0.0033752725646233,52.39453125,2.0,2.6,4.614488810302541,0.0,0.0040140563966582,139.03125,2.0,0.0046431619551646,47.87109375,2.0
2026-05-29T10:25:27Z,3.133542236149077,1049.999999999999,0.0084033613445378,0.0221361778514227,60.82421875,2.0,5.466884458963931,4.789999775747564,0.0,0.0073255359846975,99.64453125,0.0,0.3333422228148543,24.25,0.0,0.001422633333333,54.25390625,2.0,17.534613502837338,4.255797736855527,0.0,0.0104262227324892,88.46484375,2.0,0.4000444497784494,4.8,0.0,0.0055640508371994,87.671875,3.0,0.3333688930375507,15.249883322962049,0.0,0.0020671341767487,86.4296875,2.0,31.601284530079784,1.274228740135262,0.0,0.0111734711689523,54.16796875,2.0,4.1334844545191896,4.8,0.0,0.0095182150609128,80.609375,2.0,2.2001022290374914,0.493505970070424,0.0,0.0033633585130703,52.39453125,2.0,2.6,4.614488810302541,0.0,0.0039246794871796,139.03515625,2.0,0.0046682360897953,47.87109375,2.0
2026-05-29T10:25:32Z,3.133542236149077,1049.999999999999,0.0084033613445378,0.0221361778514227,60.82421875,2.0,5.867195612747477,4.78976730436138,0.0,0.0077845878670442,99.64453125,0.0,0.4000266702226964,24.25,0.0,0.0036585005043143,54.26171875,2.0,19.202480330710763,4.234135079515155,0.0,0.0104262227324892,88.46484375,2.0,0.4667022269635951,4.8,0.0,0.00535588380649,87.671875,3.0,0.4000266702226964,14.499649968886128,0.0,0.0029002659574469,86.40234375,2.0,32.93639587885225,0.4991787266306028,0.0,0.0119241519153832,54.16796875,2.0,4.267084490079487,4.8,0.0,0.0095182150609128,80.609375,2.0,2.333506684150104,0.4870252318824785,0.0,0.0033633585130703,52.39453125,2.0,2.9336266992631708,4.612499999999999,0.0,0.0039246794871796,139.03515625,2.0,0.0046533656977085,47.984375,2.0
2026-05-29T10:25:37Z,3.133542236149077,1049.999999999999,0.0084033613445378,0.0221361778514227,60.82421875,2.0,5.867195612747477,4.78976730436138,0.0,0.0075999199376356,99.5546875,0.0,0.4000266702226964,24.25,0.0,0.0036585005043143,54.26171875,2.0,18.934551273503136,4.23904221250805,0.0,0.0104262227324892,88.46484375,2.0,0.4667022269635951,4.8,0.0,0.00535588380649,87.671875,3.0,0.4000266702226964,14.499649968886128,0.0,0.0029002659574469,86.40234375,2.0,32.66957809099973,1.0276343361684603,0.0,0.0119625707210023,54.29296875,2.0,4.000266702226964,4.8,0.0,0.0100027497142149,80.609375,2.0,2.333506684150104,0.4870252318824785,0.0,0.0027836463026925,52.39453125,2.0,2.9336266992631708,4.612499999999999,0.0,0.0039246794871796,139.03515625,2.0,0.0046533656977085,47.984375,2.0
2026-05-29T10:25:42Z,2.4,45.46874999999998,0.0078125,0.0224189750075717,60.80078125,2.0,5.333662266079922,4.786899546791879,0.0,0.0075999199376356,99.5546875,0.0,0.4000266702226964,24.25,0.0,0.003510683279325,54.2578125,2.0,18.934551273503136,4.23904221250805,0.0,0.0107788559107064,88.30859375,2.0,0.2666666666666666,4.8,0.0,0.0055891160306124,80.25,3.0,0.2666622225184988,13.750000000000009,0.0,0.0029002659574469,86.40234375,2.0,30.33415141395339,0.4986248561030237,0.0,0.0119625707210023,54.29296875,2.0,4.000266702226964,4.8,0.0,0.0101568344082302,80.61328125,2.0,1.9334222340756544,0.4855555894384474,0.0,0.0036857510158172,52.40234375,2.0,2.9336266992631708,4.612499999999999,0.0,0.0037310481212922,139.32421875,2.0,0.0048604957950857,47.984375,2.0
2026-05-29T10:25:47Z,2.4,45.46874999999998,0.0078125,0.0225337223128611,60.80078125,2.0,4.800164456593561,4.78723419104484,0.0,0.0075999199376356,99.5546875,0.0,0.1333466681483259,24.25,0.0,0.0036443026435738,54.2578125,2.0,18.00059559644733,4.257272727272728,0.0,0.0107788559107064,88.30859375,2.0,0.1333422234075654,4.8,0.0,0.0055891160306124,80.25,3.0,0.1333377792593975,6.249922217036689,0.0,0.0029851982034759,86.40234375,2.0,28.59984011911052,1.1324803101130947,0.0,0.0104316317213873,54.29296875,2.0,3.733448896593106,4.843182799630892,0.0,0.0101568344082302,80.61328125,2.0,1.7334000056301628,0.4904893137705576,0.0,0.0036857510158172,52.40234375,2.0,2.466831122074805,4.612504036640543,0.0,0.0037310481212922,139.32421875,2.0,0.003999242942951,47.984375,2.0
2026-05-29T10:25:52Z,2.4,45.46874999999998,0.0078125,0.0225337223128611,60.80078125,2.0,4.800164456593561,4.78723419104484,0.0,0.0075695788964181,99.5546875,0.0,0.1333466681483259,24.25,0.0,0.0036443026435738,54.2578125,2.0,17.0678134109683,4.246082949308755,0.0,0.0107788559107064,88.30859375,2.0,0.1333422234075654,4.8,0.0,0.0055891160306124,80.25,3.0,0.1333377792593975,6.249922217036689,0.0,0.0027091563534565,86.4921875,2.0,28.20005348089209,1.1433221478727074,0.0,0.0119054615893402,54.4140625,2.0,3.333662258374677,4.889411764705882,0.0,0.0101568344082302,80.61328125,2.0,1.7334000056301628,0.4904893137705576,0.0,0.003616479060337,52.43359375,2.0,2.466831122074805,4.612504036640543,0.0,0.0037310481212922,139.32421875,2.0,0.0048585851196137,47.8046875,2.0
2026-05-29T10:25:57Z,2.133617815708761,47.74999999999994,0.0,0.022224524248004,61.12109375,2.0,4.333897869942897,4.786956366717501,0.0,0.007190064337173,99.58984375,0.0,0.1333466681483259,24.25,0.0,0.0018661333522104,54.41796875,2.0,17.0678134109683,4.246082949308755,0.0,0.0102837832706842,88.3984375,2.0,0.0666755567408987,4.800000000000001,0.0,0.0053125222404099,80.25390625,3.0,0.0666755567408987,4.628567618708964,0.0,0.0027091563534565,86.4921875,2.0,25.803449457289776,1.363157894736842,0.0,0.0119054615893402,54.4140625,2.0,3.333662258374677,4.889411764705882,0.0,0.0103462438497551,80.61328125,2.0,1.333462236149788,0.4913793103448275,0.0,0.0036194852045045,52.43359375,2.0,2.466831122074805,4.612504036640543,0.0,0.0026465000000001,139.32421875,2.0,0.0049062623274166,47.8046875,2.0
2026-05-29T10:26:02Z,2.133617815708761,47.74999999999994,0.0,0.022224524248004,61.12109375,2.0,4.333733413349337,4.786301203048162,0.0,0.007190064337173,99.58984375,0.0,0.0,24.25,0.0,0.0021198409230878,54.41796875,2.0,15.333884481187637,4.2654028432025655,0.0,0.0102837832706842,88.3984375,2.0,0.0,4.8,0.0,0.0052209455022987,80.25390625,3.0,0.0,4.499986665481375,0.0,0.0026284617114393,86.796875,2.0,25.33597384721199,1.701234952006094,0.0,0.0119054615893402,54.4140625,2.0,3.400213361781571,4.8921212121212125,0.0,0.0100041669123584,80.359375,2.0,0.8000622305196248,0.4940000450391455,0.0,0.0036194852045045,52.43359375,2.0,3.4001111185190123,4.631884057971014,0.0,0.0038312397841518,139.80859375,2.0,0.0049062623274166,47.8046875,2.0
2026-05-29T10:26:07Z,2.133617815708761,47.74999999999994,0.0,0.0223062520896018,61.12109375,2.0,4.333733413349337,4.786301203048162,0.0,0.0067923480595557,99.58984375,0.0,0.0,24.25,0.0,0.0023735484939652,54.41796875,2.0,12.4,4.304195911317029,0.0,0.0095555287954964,88.3984375,2.0,0.0,4.8,0.0,0.0052209455022987,80.25390625,3.0,0.0,4.499986665481375,0.0,0.001847872732307,86.796875,2.0,25.269093818763757,1.8261776051765517,0.0,0.0068331499999999,54.4140625,2.0,3.333333333333333,4.893827160493827,0.0,0.0100041669123584,80.359375,2.0,0.8000622305196248,0.4940000450391455,0.0,0.0030630295708142,52.43359375,2.0,3.4001111185190123,4.631884057971014,0.0,0.0038312397841518,139.80859375,2.0,0.0047665939144956,47.84375,2.0
2026-05-29T10:26:12Z,2.466831122074805,43.54166666666667,0.0,0.0223029353660723,61.32421875,2.0,5.333133346665778,4.790521430841171,0.0,0.0068336974092358,99.56640625,0.0,0.0,24.25,0.0,0.0025676347856864,54.41796875,2.0,12.4,4.304195911317029,0.0,0.0096172772599189,88.46484375,2.0,0.0666622225184987,4.8,0.0,0.0052209455022987,80.25390625,3.0,0.2,4.699999999999999,0.0,0.002344842575918,86.796875,2.0,30.53333333333333,1.966281693730973,0.0,0.0123478366998231,54.76171875,2.0,3.333333333333333,4.893827160493827,0.0,0.0098685120010143,80.359375,2.0,1.0666666666666669,0.4979841922664299,0.0,0.0036628149606298,52.43359375,2.0,3.4001111185190123,4.631884057971014,0.0,0.0038193827848375,139.5625,2.0,0.0046315221545312,47.84375,2.0
2026-05-29T10:26:17Z,2.466831122074805,43.54166666666667,0.0,0.0223029353660723,61.32421875,2.0,6.133524508153858,4.790950337268221,0.0,0.0068336974092358,99.56640625,0.0,0.4000400044449779,24.25,0.0,0.0034416802072814,54.47265625,2.0,13.40100457364654,4.354319850493644,0.0,0.0096172772599189,88.46484375,2.0,0.2666755567407802,4.799999999999999,0.0,0.0052261864748593,80.25,3.0,0.4000133342222814,4.700002222320991,0.0,0.002344842575918,86.796875,2.0,35.135435832036606,2.5909246398911927,0.0,0.0123478366998231,54.76171875,2.0,3.866977819264792,7.25006778139279,0.0,0.0334362388941728,86.2578125,2.0,1.866791125927783,2.7333562973169143,0.0,0.0036628149606298,52.43359375,2.0,2.800280031114845,4.632876712328766,0.0,0.0038635200071853,139.5625,2.0,0.0045909469922574,48.12109375,2.0
2026-05-29T10:26:22Z,2.466831122074805,43.54166666666667,0.0,0.0183080119558721,61.32421875,2.0,6.133524508153858,4.790950337268221,0.0,0.0069060301507537,99.63671875,0.0,0.4000400044449779,24.25,0.0,0.0034416802072814,54.47265625,2.0,16.468791389666453,4.351327433628319,0.0,0.0096172772599189,88.46484375,2.0,0.2666755567407802,4.799999999999999,0.0,0.0049821370924356,80.25,3.0,0.4000133342222814,4.700002222320991,0.0,0.0024728067938886,86.56640625,2.0,36.00242254137563,2.693942924828902,0.0,0.0123478366998231,54.76171875,2.0,4.733964528603814,56.00012000906735,0.0,0.0334362388941728,86.2578125,2.0,1.866791125927783,2.7333562973169143,0.0,0.0035033468802292,52.43359375,2.0,2.800280031114845,4.632876712328766,0.0,0.0039061734666108,139.5703125,2.0,0.0045868271193731,48.12109375,2.0
2026-05-29T10:26:27Z,2.6,96.0714285714287,0.0,0.0215457903016184,60.18359375,2.0,5.867422321198264,4.790990880962381,0.0,0.0069060301507537,99.63671875,0.0,0.4000400044449779,24.25,0.0,0.0034416802072814,54.47265625,2.0,16.468791389666453,4.351327433628319,0.0,0.0081375095686172,88.46484375,2.0,0.4000266684445629,4.799999999999999,0.0,0.0049821370924356,80.25,3.0,0.2666844456297086,4.719998577657669,0.0,0.0024728067938886,86.56640625,2.0,34.936844836195284,2.648681716803184,0.0,0.0114843260860249,50.84765625,2.0,4.733964528603814,56.00012000906735,0.0,0.0424936047660729,86.2578125,2.0,2.133524463705857,2.7666666666666613,0.0,0.0034566642997369,52.43359375,2.0,2.800280031114845,4.632876712328766,0.0,0.003382281678358,139.5703125,2.0,0.0045868271193731,48.12109375,2.0
2026-05-29T10:26:32Z,2.6,96.0714285714287,0.0,0.0215457903016184,60.18359375,2.0,5.466866726227972,4.789999696951942,0.0,0.0069060301507537,99.63671875,0.0,0.2666577783703309,24.25,0.0,0.0036865856523497,54.50390625,2.0,15.867342401203125,4.337372848054047,0.0,0.0073289576009078,88.46484375,2.0,0.3333466675556148,4.8,0.0,0.0049821370924356,80.25,3.0,0.2000044447407604,4.733329629341542,0.0,0.0025514009814779,86.56640625,2.0,32.80051573037693,2.576534607336765,0.0,0.0114843260860249,50.84765625,2.0,4.533511163264317,79.99972725344217,0.0,0.0424936047660729,86.2578125,2.0,1.9333555629630617,3.349966664444296,0.0,0.0034566642997369,52.43359375,2.0,3.0666666802962963,4.624650396326585,0.0,0.0038945440374123,139.5703125,2.0,0.003712128743436,48.12109375,2.0
2026-05-29T10:26:37Z,2.6,96.0714285714287,0.0,0.0220440025775566,60.421875,2.0,5.466866726227972,4.789999696951942,0.0,0.0057533347748146,99.61328125,0.0,0.2666577783703309,24.25,0.0,0.0036865856523497,54.50390625,2.0,15.79955558518321,4.382484222091181,0.0,0.0065204056331985,88.46484375,2.0,0.3333466675556148,4.8,0.0,0.0050498840552828,80.12890625,3.0,0.2000044447407604,4.733329629341542,0.0,0.0024342975482658,86.58984375,2.0,32.66686235437124,2.778636080603581,0.0,0.0118786656891513,50.84765625,2.0,4.399857787258627,85.90909397010402,0.0,0.0337202688920576,86.2578125,2.0,1.9333555629630617,3.349966664444296,0.0,0.0034566642997369,52.43359375,2.0,3.0666666802962963,4.624650396326585,0.0,0.0031943050194855,139.5703125,2.0,0.0042671924222616,47.87890625,2.0
2026-05-29T10:26:42Z,3.466666666666667,150.000000000001,0.0,0.0222604172099096,60.421875,2.0,5.799835566517788,4.785022026431719,0.0,0.0069983866375628,99.61328125,0.0,0.2666577783703309,24.25,0.0,0.0039785231507801,54.50390625,2.0,15.79955558518321,4.382484222091181,0.0,0.0102892982967936,84.77734375,2.0,0.3333333333333333,4.8,0.0,0.0052200660498377,80.12890625,3.0,0.3333200008888296,4.633336419764517,0.0,0.0024342975482658,86.58984375,2.0,33.199106726218254,2.584887126482243,0.0,0.0123507985224124,50.84765625,2.0,4.399857787258627,85.90909397010402,0.0,0.0533864119385997,86.2578125,2.0,2.066622225184988,3.124999999999998,0.0,0.0034618897797629,52.42578125,2.0,3.0666666802962963,4.624650396326585,0.0,0.00211635,139.5703125,2.0,0.0042671924222616,47.87890625,2.0
2026-05-29T10:26:47Z,3.466666666666667,150.00000000000034,0.0,0.0222604172099096,60.421875,2.0,6.20041783348891,4.785714597852309,0.0,0.0069983866375628,99.61328125,0.0,0.2667022269635951,24.25,0.0,0.0036872822117893,54.51171875,2.0,18.40134240120905,4.406254209031463,0.0,0.0102892982967936,84.77734375,2.0,0.3333511134817976,4.8,0.0,0.0052200660498377,80.12890625,3.0,0.3333377810372938,4.675007291727431,0.0,0.0024342975482658,86.58984375,2.0,33.60192914610837,2.5383716807841283,0.0,0.0123507985224124,50.84765625,2.0,4.400284482375428,88.83723267956898,0.0,0.1537151668926903,86.5078125,2.0,2.133466684446815,3.340034667437053,0.0,0.0034618897797629,52.42578125,2.0,3.26688891852247,4.6166704528478455,0.0,0.0038828740595645,139.59765625,2.0,0.0042671924222616,47.87890625,2.0
2026-05-29T10:26:52Z,3.466666666666667,150.00000000000034,0.0,0.0225630252100831,60.21484375,2.0,6.20041783348891,4.785714597852309,0.0,0.0069983866375628,99.61328125,0.0,0.2667022269635951,24.25,0.0,0.0036872822117893,54.51171875,2.0,19.33529355350809,4.361434977578474,0.0,0.0102892982967936,84.77734375,2.0,0.3333511134817976,4.8,0.0,0.0052892836591117,80.125,3.0,0.3333377810372938,4.675007291727431,0.0,0.0019802196360147,86.58984375,2.0,33.06871137603481,2.789598733768699,0.0,0.0090521332283191,50.84765625,2.0,3.867066712301867,91.55172413793105,0.0,0.1537151668926904,86.5078125,2.0,2.133466684446815,3.340034667437053,0.0,0.0027417011747933,52.42578125,2.0,3.26688891852247,4.6166704528478455,0.0,0.0038828740595645,139.59765625,2.0,0.0042271865443415,47.87890625,2.0
2026-05-29T10:26:57Z,2.933724496599547,228.2499999999999,0.0,0.0226621986699906,60.21484375,2.0,5.667253400304475,4.781742738589212,0.0,0.0070091434486327,99.58984375,0.0,0.2667022269635951,24.25,0.0,0.0034595900248072,54.51171875,2.0,19.33529355350809,4.361434977578474,0.0,0.0104986729857807,84.77734375,2.0,0.1333511134817975,4.8,0.0,0.0043106762155896,80.125,3.0,0.1333511134817975,4.675,0.0,0.0025003203645034,86.84375,2.0,29.80385828451149,2.821739130434781,0.0,0.011430724010947,50.84765625,2.0,3.867066712301867,91.55172413793102,0.0,0.1537151668926904,86.5078125,2.0,1.533537805040672,3.2999999999999963,0.0,0.0032102997375572,52.4296875,2.0,3.26688891852247,4.6166704528478455,0.0,0.0039039360156808,139.59765625,2.0,0.0041781845797183,47.8828125,2.0
2026-05-29T10:27:02Z,2.933724496599547,228.2499999999999,0.0,0.0215667932547591,60.48046875,2.0,4.533502233482232,4.780356753809048,0.0,0.0070091434486327,99.58984375,0.0,0.0,24.25,0.0,0.0030898805233386,54.515625,2.0,16.40061781896571,4.286421204326961,0.0,0.0098963417101698,85.03125,2.0,0.0,4.8,0.0,0.0053201530987782,80.125,3.0,0.0,4.599996444223196,0.0,0.0024039566902822,86.84375,2.0,25.33526247173646,2.5999878057237344,0.0,0.0109228635327507,50.84765625,2.0,3.26678222992644,92.89061284668206,0.0,0.2044717067899115,86.0703125,2.0,0.8000711205938569,2.9142285677316817,0.0,0.0032102997375572,52.4296875,2.0,3.133546695114904,4.613880961420338,0.0,0.0039355111236268,139.59765625,2.0,0.0041781845797183,47.8828125,2.0
2026-05-29T10:27:07Z,2.933724496599547,228.2499999999999,0.0,0.0215667932547591,60.48046875,2.0,4.533502233482232,4.780356753809048,0.0,0.0070091434486327,99.58984375,0.0,0.0,24.25,0.0,0.0030898805233386,54.515625,2.0,15.533893370669157,4.295426008179459,0.0,0.0098963417101698,85.03125,2.0,0.0,4.8,0.0,0.0050228558989987,80.125,3.0,0.0,4.599996444223196,0.0,0.0024039566902822,86.84375,2.0,25.268480241810018,2.5999483108615813,0.0,0.0109228635327507,50.84765625,2.0,3.2,93.14516129032258,0.0,0.2044717067899115,86.0703125,2.0,0.8000711205938569,2.9142285677316817,0.0,0.0032102997375572,52.4296875,2.0,3.133546695114904,4.613880961420338,0.0,0.0039355111236268,139.59765625,2.0,0.0040637934892032,47.8828125,2.0
2026-05-29T10:27:12Z,2.1333333333333333,247.95454545454533,0.0,0.0218519007107519,60.48046875,2.0,4.133475565037669,4.782407236124489,0.0,0.0064404740051806,99.875,0.0,0.0,24.25,0.0,0.0030898805233386,54.515625,2.0,15.533893370669157,4.295426008179459,0.0,0.0057864060113306,85.03125,2.0,0.0,4.8,0.0,0.0050228558989987,80.125,3.0,0.0666666666666666,4.6,0.0,0.0022747708201472,86.671875,2.0,23.66746672000356,2.725170552073528,0.0,0.0117253151846457,50.84765625,2.0,3.2,93.14516129032256,0.0,0.2044717067899115,86.0703125,2.0,0.5333333333333333,3.142831109954092,0.0,0.0025889948380426,52.4296875,2.0,3.133546695114904,4.613880961420338,0.0,0.0037551083210242,139.6015625,2.0,0.0041155328561385,47.88671875,2.0
2026-05-29T10:27:17Z,2.1333333333333333,247.95454545454533,0.0,0.0180480917942519,60.48046875,2.0,5.0005422886015225,4.783256218956279,0.0,0.0064404740051806,99.875,0.0,0.2667111188161978,24.25,0.0,0.0022629695603847,54.515625,2.0,17.801866888918166,4.273479640944281,0.0,0.0065217106103255,85.03125,2.0,0.1333600053344002,4.8,0.0,0.0041060174150512,80.125,3.0,0.2000266720010668,4.600013333925952,0.0,0.0022747708201472,86.671875,2.0,27.53602698137352,2.752599357102787,0.0,0.0117253151846457,50.84765625,2.0,3.6669333688936314,92.49998787807768,0.0,0.1068668000000002,86.0703125,2.0,1.1334666880035562,2.4800515573728603,0.0,0.0023271840179186,52.4296875,2.0,3.200222251855803,4.613706570288793,0.0,0.0037551083210242,139.6015625,2.0,0.0041544772415401,47.88671875,2.0
2026-05-29T10:27:22Z,2.1333333333333333,247.95454545454533,0.0,0.016227100068356,60.48046875,2.0,5.0005422886015225,4.783256218956279,0.0,0.0063281152901488,99.875,0.0,0.2667111188161978,24.25,0.0,0.0030061801472802,54.62890625,2.0,18.53646721698876,4.22346307813444,0.0,0.0067937733119537,85.03125,2.0,0.1333600053344002,4.8,0.0,0.0049156363816553,80.125,3.0,0.2000266720010668,4.600013333925952,0.0,0.0023550974623802,86.69921875,2.0,27.669720386721256,2.498065185225551,0.0,0.0088623840603947,50.84765625,2.0,3.8006267742413664,91.66666666666666,0.0,0.1238966333125945,83.30859375,2.0,1.1334666880035562,2.4800515573728603,0.0,0.0020653731977945,52.4296875,2.0,3.200222251855803,4.613706570288793,0.0,0.0027668143214293,139.6015625,2.0,0.0041544772415401,47.88671875,2.0
2026-05-29T10:27:27Z,2.667200106688004,248.6363636363636,0.0,0.0139852500000017,60.48046875,2.0,5.26738676623621,4.783653860126458,0.0,0.0063433356294127,99.6171875,0.0,0.2667111188161978,24.25,0.0,0.0030061801472802,54.62890625,2.0,18.53646721698876,4.22346307813444,0.0,0.0092106586667841,84.79296875,2.0,0.2667200106688004,4.8,0.0,0.0049156363816553,80.125,3.0,0.200035562075299,4.65,0.0,0.0023550974623802,86.69921875,2.0,28.871560861489986,2.6628131014700376,0.0,0.0104181353483712,51.26171875,2.0,3.8006267742413664,91.66666666666666,0.0,0.1587239816323493,83.30859375,2.0,1.7336978607607358,3.033299008154948,0.0,0.0030009616459799,52.4375,2.0,3.200222251855803,4.613706570288793,0.0,0.0031281458267801,139.6015625,2.0,0.0041749402088319,47.8984375,2.0
2026-05-29T10:27:32Z,2.667200106688004,248.6363636363636,0.0,0.0207424664612204,60.43359375,2.0,4.933813386673068,4.782089364439955,0.0,0.0063433356294127,99.6171875,0.0,0.0666666666666666,24.25,0.0,0.0029509143980461,54.62890625,2.0,16.468964841260362,4.13027273531973,0.0,0.0092106586667841,84.79296875,2.0,0.2000266720010668,4.8,0.0,0.0050768315098465,80.12890625,3.0,0.1333422234075654,4.499986665185021,0.0,0.0023550974623802,86.69921875,2.0,26.60376065079007,2.601928546930508,0.0,0.0104181353483712,51.26171875,2.0,3.533808968607509,89.60528455070585,0.0,0.1587239816323493,83.30859375,2.0,1.4669289526091698,1.4666162906989573,0.0,0.0030009616459799,52.4375,2.0,3.200435629050827,4.616208488730607,0.0,0.0036971834376505,139.6015625,2.0,0.0041749402088319,47.8984375,2.0
2026-05-29T10:27:37Z,2.667200106688004,248.6363636363636,0.0,0.0197942697870651,60.43359375,2.0,4.933813386673068,4.782089364439955,0.0,0.0052928945438799,100.54296875,0.0,0.0666666666666666,24.25,0.0,0.0023819535111495,54.62890625,2.0,14.133804475853946,4.139752375036148,0.0,0.0092106586667841,84.79296875,2.0,0.2000266720010668,4.8,0.0,0.0049214899857113,80.12890625,3.0,0.1333422234075654,4.499986665185021,0.0,0.0012521749999997,86.69921875,2.0,26.73686280959105,2.1237424856639078,0.0,0.0104181353483712,51.26171875,2.0,3.666911127408494,83.15211572726676,0.0,0.1049543448197465,83.29296875,2.0,1.4669289526091698,1.4666162906989573,0.0,0.0030009616459799,52.4375,2.0,3.200435629050827,4.616208488730607,0.0,0.0036971834376505,139.6015625,2.0,0.0042202927458871,47.8984375,2.0
2026-05-29T10:27:42Z,2.600173344889659,219.99999999999983,0.0,0.0203091788409087,60.2578125,2.0,5.400160010667378,4.785294117647059,0.0,0.0064070438799076,100.54296875,0.0,0.0666666666666666,24.25,0.0,0.0029585677399498,54.05078125,2.0,14.133804475853946,4.139752375036148,0.0,0.0094601988244661,84.79296875,2.0,0.1333333333333333,4.8,0.0,0.0049214899857113,80.12890625,3.0,0.1333377780740938,4.666666666666666,0.0,0.0023541494315358,86.56640625,2.0,30.133115688591623,1.9975131823448609,0.0,0.0106495443542649,51.26171875,2.0,3.666911127408494,83.15211572726676,0.0,0.1049543448197465,83.29296875,2.0,1.4666400059258071,1.4000000000000052,0.0,0.0030721468319827,52.4375,2.0,3.200435629050827,4.616208488730607,0.0,0.0030576528625689,139.6015625,2.0,0.0044690732666503,47.8984375,2.0
2026-05-29T10:27:47Z,2.600173344889659,219.99999999999983,0.0,0.0203091788409087,60.2578125,2.0,5.066960039116327,4.785577219371783,0.0,0.0064070438799076,100.54296875,0.0,0.0666755567408987,24.25,0.0,0.003174043476254,54.05078125,2.0,13.600906787571676,4.1872158782565005,0.0,0.0093173194819072,84.80078125,2.0,0.0666666666666666,4.8,0.0,0.0041326434950293,80.12890625,3.0,0.0666711114074271,4.700003333592612,0.0,0.0023541494315358,86.56640625,2.0,30.333929181060668,1.7253815246594533,0.0,0.0106495443542649,51.26171875,2.0,3.8003778195605538,69.2306817793278,0.0,0.0628458618275794,83.29296875,2.0,1.6000400168903706,1.9000322247285912,0.0,0.0030721468319827,52.4375,2.0,2.6001689114104103,4.608831651845387,0.0,0.0037057284966986,139.6328125,2.0,0.0044690732666503,47.8984375,2.0
2026-05-29T10:27:52Z,2.600173344889659,219.99999999999983,0.0,0.0208028450551147,60.4921875,2.0,5.066960039116327,4.785577219371783,0.0,0.0066128515892979,99.81640625,0.0,0.0666755567408987,24.25,0.0,0.003174043476254,54.05078125,2.0,14.468595812775035,4.171597633136095,0.0,0.0093173194819072,84.80078125,2.0,0.0666666666666666,4.8,0.0,0.0039920852777176,80.12890625,3.0,0.0666711114074271,4.700003333592612,0.0,0.002432918761577,85.91015625,2.0,30.267382538990447,1.526840900899448,0.0,0.0106495443542649,51.26171875,2.0,3.733831177490332,54.16660698851711,0.0,0.047652066957507,83.30859375,2.0,1.6000400168903706,1.9000322247285912,0.0,0.0030721468319827,52.4375,2.0,2.6001689114104103,4.608831651845387,0.0,0.0037057284966986,139.6328125,2.0,0.0044690732666503,47.8984375,2.0
2026-05-29T10:27:57Z,2.600173344889659,193.7499999999993,0.0,0.0208028450551147,60.4921875,2.0,4.467262301640218,4.784762060988077,0.0,0.007009458318852,99.81640625,0.0,0.0666755567408987,24.25,0.0,0.0032429271200014,54.11328125,2.0,14.468595812775035,4.171597633136095,0.0,0.0093173194819072,84.80078125,2.0,0.0666755567408987,4.8,0.0,0.0035554434456858,80.12890625,3.0,0.0666755567408987,4.65,0.0,0.0025941159392241,85.91015625,2.0,25.603413788505136,1.380051395450405,0.0,0.0107512156166828,51.5703125,2.0,3.733831177490332,54.16660698851711,0.0,0.047652066957507,83.30859375,2.0,1.533537805040672,1.4999999999999951,0.0,0.0033125179672274,52.47265625,2.0,2.6001689114104103,4.608831651845387,0.0,0.0038356658763292,139.65234375,2.0,0.0045442452549401,48.1484375,2.0
2026-05-29T10:28:02Z,2.600173344889659,193.7499999999993,0.0,0.0141246191636502,60.4921875,2.0,4.667111160894894,4.784761885411058,0.0,0.007009458318852,99.81640625,0.0,0.2666755561481876,24.25,0.0,0.0031340176951001,54.11328125,2.0,16.401573506390996,4.198856794337654,0.0,0.0066315604437688,84.80078125,2.0,0.2000088900742321,4.8,0.0,0.0054314309436143,80.14453125,3.0,0.2000088900742321,4.649992499291599,0.0,0.0025941159392241,85.91015625,2.0,25.20257807233229,1.2388359435102143,0.0,0.010852289617102,51.5703125,2.0,3.600364485338272,4.968358314095361,0.0,0.0096617634053598,83.30859375,2.0,1.6001422388168691,0.4953571320798856,0.0,0.0033125179672274,52.47265625,2.0,2.8002755857813733,4.63188064655046,0.0,0.0038356658763292,139.65234375,2.0,0.0045442452549401,48.1484375,2.0
2026-05-29T10:28:07Z,2.600173344889659,193.7499999999993,0.0,0.015424032043592,60.7109375,2.0,4.667111160894894,4.784761885411058,0.0,0.0059154765824548,99.81640625,0.0,0.2666755561481876,24.25,0.0,0.0033733891488137,54.13671875,2.0,15.266782288000517,4.232062086733992,0.0,0.0090665511921848,84.83984375,2.0,0.2000088900742321,4.8,0.0,0.0055650847457631,80.14453125,3.0,0.2000088900742321,4.649992499291599,0.0,0.0021165680183234,85.91015625,2.0,25.13554249158659,1.3593845959607327,0.0,0.0109858570098402,51.68359375,2.0,3.533328904592573,4.8,0.0,0.0097991834754853,83.30859375,2.0,1.6001422388168691,0.4953571320798856,0.0,0.0033125179672274,52.47265625,2.0,2.8002755857813733,4.63188064655046,0.0,0.0038356658763292,139.65234375,2.0,0.0045442452549401,48.1484375,2.0
2026-05-29T10:28:12Z,2.2,774.9999999999966,0.0,0.0171288535973807,60.7109375,2.0,4.666808898371002,4.790521492540206,0.0,0.0069549146505668,99.5234375,0.0,0.2666755561481876,24.25,0.0,0.0033733891488137,54.13671875,2.0,15.266782288000517,4.232062086733992,0.0,0.0090665511921848,84.83984375,2.0,0.2666666666666666,4.766666666666667,0.0,0.0055026895714035,80.125,3.0,0.2666577783703309,4.720000000000001,0.0,0.0026473486531238,86.09375,2.0,27.19968456385045,1.2926605877351398,0.0,0.0109858570098402,51.68359375,2.0,3.533328904592573,4.8,0.0,0.0097991834754853,83.30859375,2.0,1.399995560592573,0.4893946373183337,0.0,0.0033125179672274,52.47265625,2.0,2.8002755857813733,4.63188064655046,0.0,0.0041488974307101,139.7265625,2.0,0.004733747431347,47.8984375,2.0
2026-05-29T10:28:17Z,2.2,774.9999999999966,0.0,0.0213952252368112,60.453125,2.0,4.666986709339024,4.791387849201382,0.0,0.0069549146505668,99.5234375,0.0,0.1333511134817975,24.25,0.0,0.0033733891488137,54.13671875,2.0,13.000426810680064,4.274890008044048,0.0,0.0090665511921848,84.83984375,2.0,0.2000088900742321,4.771429297098228,0.0,0.0055181813732686,80.125,3.0,0.2000000017778963,4.733335308759037,0.0,0.0026473486531238,86.09375,2.0,28.067249177209582,1.7422423845011743,0.0,0.0109858570098402,51.68359375,2.0,3.8001467102264304,4.8,0.0,0.0097991834754853,83.30859375,2.0,1.200040013334578,0.4821973889405405,0.0,0.0033444409535405,52.98046875,2.0,3.400222251855803,4.631439007316232,0.0,0.0041488974307101,139.7265625,2.0,0.004733747431347,47.8984375,2.0
2026-05-29T10:28:22Z,2.2,774.9999999999966,0.0,0.0213952252368112,60.453125,2.0,4.666986709339024,4.791387849201382,0.0,0.0069549146505668,99.5234375,0.0,0.1333511134817975,24.25,0.0,0.0026427281372784,54.171875,2.0,15.4693293639392,4.31031438433907,0.0,0.0093583874723053,84.8828125,2.0,0.2000088900742321,4.771429297098228,0.0,0.0055181813732686,80.125,3.0,0.2000000017778963,4.733335308759037,0.0,0.0021959216668352,86.26171875,2.0,28.33431142817798,1.807837028321486,0.0,0.0109858570098402,51.68359375,2.0,4.067208961194826,4.8,0.0,0.009930598436578,83.30859375,2.0,1.200040013334578,0.4821973889405405,0.0,0.0033444409535405,52.98046875,2.0,3.400222251855803,4.631439007316232,0.0,0.0041541525167576,139.73046875,2.0,0.0046558117336072,47.89453125,2.0
2026-05-29T10:28:27Z,2.600346712895053,675.0000000000015,0.0,0.0213952252368112,60.453125,2.0,5.267560157361961,4.792344491095214,0.0,0.0067560383747178,99.5234375,0.0,0.1333511134817975,24.25,0.0,0.0029293746682359,54.171875,2.0,15.4693293639392,4.31031438433907,0.0,0.0094876400745227,84.8828125,2.0,0.1333511134817975,4.766666666666666,0.0,0.0055181813732686,80.125,3.0,0.1333511134817975,4.7200014223233655,0.0,0.0025993989236544,86.26171875,2.0,30.672934749973415,1.7743297690354116,0.0,0.0080067084502544,52.2421875,2.0,4.067208961194826,4.8,0.0,0.0100463215822571,83.3125,2.0,1.20020003467289,0.4821970690592805,0.0,0.0022966646983371,52.98046875,2.0,3.400222251855803,4.631439007316232,0.0,0.0036528676440198,139.73046875,2.0,0.0045095622202539,47.89453125,2.0
2026-05-29T10:28:32Z,2.600346712895053,675.0000000000015,0.0,0.0171295051199506,60.453125,2.0,5.400413458688894,4.792523101268813,0.0,0.0052031629542889,99.5234375,0.0,0.1333288891851654,24.25,0.0,0.002994959394519,54.171875,2.0,18.00121373251385,4.278162891551911,0.0,0.0094876400745227,84.8828125,2.0,0.1333422234075654,4.76666567893918,0.0,0.0036203693798623,80.125,3.0,0.1333422234075654,4.719998577689278,0.0,0.0025993989236544,86.26171875,2.0,31.203787921496144,2.023170905781308,0.0,0.0090083169931036,52.2421875,2.0,4.000146712004327,4.8,0.0,0.0100463215822571,83.3125,2.0,1.400075582523122,0.4821968097536468,0.0,0.0025796132006394,52.98046875,2.0,3.000093366225245,4.6410192090382605,0.0,0.0042580280532294,139.73046875,2.0,0.0045381788407336,47.89453125,2.0
2026-05-29T10:28:37Z,2.600346712895053,675.0000000000015,0.0,0.0153684785835107,60.453125,2.0,5.400413458688894,4.792523101268813,0.0,0.0044633392915287,99.5234375,0.0,0.1333288891851654,24.25,0.0,0.003431202290076,54.1875,2.0,17.266080039108502,4.268965517241378,0.0,0.0094876400745227,84.8828125,2.0,0.1333422234075654,4.76666567893918,0.0,0.0040506434887821,80.125,3.0,0.1333422234075654,4.719998577689278,0.0,0.0026189553406343,86.30859375,2.0,31.33684566252828,1.9834205165141787,0.0,0.0100099255359527,52.2421875,2.0,4.133204453036464,4.800000000000001,0.0,0.0101761100313939,83.3125,2.0,1.400075582523122,0.4821968097536468,0.0,0.0034670869843986,53.1328125,2.0,3.000093366225245,4.6410192090382605,0.0,0.0041070154354603,139.734375,2.0,0.0045381788407336,47.89453125,2.0
2026-05-29T10:28:42Z,3.0666666666666664,45.31249999999997,0.0,0.0138078306050179,60.453125,2.0,5.13317334399929,4.789719505529853,0.0,0.0072609493188235,99.44140625,0.0,0.1333288891851654,24.25,0.0,0.0034065837356986,54.1875,2.0,17.266080039108502,4.268965517241378,0.0,0.0096117971487052,85.1484375,2.0,0.1333333333333333,4.771428571428571,0.0,0.0051632893070379,80.125,3.0,0.1333333333333333,4.733334321016919,0.0,0.0025891476264538,86.30859375,2.0,30.13148012354732,1.87057647334109,0.0,0.0120193025141895,52.2421875,2.0,4.133204453036464,4.800000000000001,0.0,0.0101748924268507,83.30859375,2.0,1.9332888918516544,0.481985294117647,0.0,0.0034670869843986,53.1328125,2.0,3.000093366225245,4.6410192090382605,0.0,0.0041070154354603,139.734375,2.0,0.0045846722116023,47.89453125,2.0
2026-05-29T10:28:47Z,3.0666666666666664,45.31249999999997,0.0,0.0217525053962379,60.34375,2.0,5.2670044883020655,4.789999999999999,0.0,0.0072609493188235,99.44140625,0.0,0.2666933362966519,24.25,0.0,0.0034065837356986,54.1875,2.0,16.80111125750088,4.300975807992384,0.0,0.0099042732343959,85.1484375,2.0,0.2000088894815209,4.771428934259944,0.0,0.0051632893070379,80.125,3.0,0.2000088894815209,4.733335308715137,0.0,0.0025891476264538,86.30859375,2.0,29.733960284172507,1.8344936444866289,0.0,0.0117795325465021,51.78125,2.0,4.066915588745166,4.8,0.0,0.0101748924268507,83.30859375,2.0,2.0667733463720297,0.4887682711468304,0.0,0.0035246298462906,53.20703125,2.0,2.866853358225541,4.626319446150175,0.0,0.0042011569274876,139.734375,2.0,0.003923817182701,47.89453125,2.0
2026-05-29T10:28:52Z,3.0666666666666664,45.31249999999997,0.0,0.0225659815841713,60.34375,2.0,5.2670044883020655,4.789999999999999,0.0,0.0077616309982719,99.44140625,0.0,0.2666933362966519,24.25,0.0,0.0035776857111838,54.1875,2.0,16.868889183446562,4.277766640565931,0.0,0.0099042732343959,85.1484375,2.0,0.2000088894815209,4.771428934259944,0.0,0.0053129736959429,80.12890625,3.0,0.2000088894815209,4.733335308715137,0.0,0.0021861282740517,86.21875,2.0,29.20084920269498,1.7837664862840872,0.0,0.0117795325465021,51.78125,2.0,3.533804507267636,4.820321082627346,0.0,0.0099502856476608,83.3125,2.0,2.0667733463720297,0.4887682711468304,0.0,0.0035246298462906,53.20703125,2.0,2.866853358225541,4.626319446150175,0.0,0.00403311991889,139.76953125,2.0,0.0035417611650675,47.89453125,2.0
2026-05-29T10:28:57Z,2.2669689291905586,47.91666666666654,0.0,0.0225659815841713,60.34375,2.0,4.933822276154588,4.787387237135251,0.0,0.0076000975423567,99.66796875,0.0,0.2666933362966519,24.25,0.0,0.0034415873319618,54.1875,2.0,16.868889183446562,4.277766640565931,0.0,0.0099042732343959,85.1484375,2.0,0.2666933362966519,4.8,0.0,0.0053129736959429,80.12890625,3.0,0.3333688930375507,4.679997866486502,0.0,0.0026138308717194,86.21875,2.0,25.93677379087574,1.8931290019297216,0.0,0.0112439944163172,51.7265625,2.0,3.533804507267636,4.820321082627346,0.0,0.0099502856476608,83.3125,2.0,1.6668222385203952,0.4881942896828458,0.0,0.0029262091976852,53.20703125,2.0,2.866853358225541,4.626319446150175,0.0,0.0037915880425063,139.76953125,2.0,0.002520849999999,47.89453125,2.0
2026-05-29T10:29:02Z,2.2669689291905586,47.91666666666654,0.0,0.0220034297191817,60.44921875,2.0,4.800168900148899,4.786486077134322,0.0,0.0076000975423567,99.66796875,0.0,0.2666755561481876,24.25,0.0,0.0032713355654763,54.19140625,2.0,14.734471261056912,4.226432450947222,0.0,0.0094141857668621,84.87890625,2.0,0.2666933362966519,4.8,0.0,0.0052723025583984,80.125,3.0,0.3333688930375507,4.699996295994488,0.0,0.0026138308717194,86.21875,2.0,26.66848913069883,1.6023999976338876,0.0,0.0112439944163172,51.7265625,2.0,3.66688891852247,4.8415300319495405,0.0,0.009967330135588,83.3125,2.0,1.533400004444741,0.4942560396538676,0.0,0.0036092805875478,53.20703125,2.0,2.866862248299773,4.619166686962663,0.0,0.0037915880425063,139.76953125,2.0,0.004615812711777,48.14453125,2.0
2026-05-29T10:29:07Z,2.2669689291905586,47.91666666666654,0.0,0.0213434156619436,60.44921875,2.0,4.800168900148899,4.786486077134322,0.0,0.0076000975423567,99.66796875,0.0,0.2666755561481876,24.25,0.0,0.0034261934141441,54.19140625,2.0,12.333360001777896,4.219245509532827,0.0,0.0091582549187338,84.87890625,2.0,0.2666933362966519,4.8,0.0,0.0052723025583984,80.125,3.0,0.3333688930375507,4.699996295994488,0.0,0.0026107238705831,86.22265625,2.0,27.20160021217636,1.4933746413486593,0.0,0.0084550479320105,51.7265625,2.0,4.2,4.843678177655032,0.0,0.0078803983601416,83.3125,2.0,1.533400004444741,0.4942560396538676,0.0,0.0027844246252711,53.20703125,2.0,2.866862248299773,4.619166686962663,0.0,0.0038268391269199,139.76953125,2.0,0.004615812711777,48.14453125,2.0
2026-05-29T10:29:12Z,2.5333333333333337,47.00000000000002,0.0,0.0213434156619436,60.44921875,2.0,5.066515567999328,4.788340937125389,0.0,0.0049964004971373,99.609375,0.0,0.2666755561481876,24.25,0.0,0.0034261934141441,54.19140625,2.0,12.333360001777896,4.219245509532827,0.0,0.0091582549187338,84.87890625,2.0,0.2666755561481876,4.8,0.0,0.0043270534019651,80.125,3.0,0.2000133342222814,4.633330246719238,0.0,0.0026778956073354,86.22265625,2.0,31.265622294217582,1.6592992230008834,0.0,0.0115666878548117,52.26171875,2.0,4.2,4.843678177655032,0.0,0.0098265457449237,83.3125,2.0,1.4000577816298865,0.4947913856653688,0.0,0.0035799921593781,53.21484375,2.0,2.866862248299773,4.619166686962663,0.0,0.0037338814366074,139.76953125,2.0,0.0046933293739708,48.14453125,2.0
2026-05-29T10:29:17Z,2.5333333333333337,47.00000000000002,0.0,0.0150700329867074,60.63671875,2.0,5.466533349333215,4.788235559111913,0.0,0.0056180598433198,99.609375,0.0,0.2666844468151309,24.25,0.0,0.002821955653948,54.19140625,2.0,13.53340445392719,4.261956446905851,0.0,0.0096648251438697,85.15625,2.0,0.2666844468151309,4.8,0.0,0.0053319012051901,80.12890625,3.0,0.2000222248892247,4.65714557842135,0.0,0.0026789534757223,86.5625,2.0,32.865657855699936,2.0337633139047626,0.0,0.0115666878548117,52.26171875,2.0,4.466666666666667,4.866666666666667,0.0,0.0079652342050727,83.3125,2.0,1.200075562963773,1.4499733309627498,0.0,0.0035957707871032,53.21484375,2.0,3.799880007999467,4.616905242875734,0.0,0.0037338814366074,139.76953125,2.0,0.0046933293739708,48.14453125,2.0
2026-05-29T10:29:22Z,2.5333333333333337,47.00000000000002,0.0,0.0168914491421266,60.63671875,2.0,5.466533349333215,4.788235559111913,0.0,0.0062397191895022,99.609375,0.0,0.2666844468151309,24.25,0.0,0.0035137037796464,54.28515625,2.0,16.20064449215196,4.309468522918152,0.0,0.007794216758675,85.15625,2.0,0.2666844468151309,4.8,0.0,0.0053319012051901,80.12890625,3.0,0.2000222248892247,4.65714557842135,0.0,0.0026779985177748,86.5625,2.0,32.732462309330174,2.024781960530653,0.0,0.0115666878548117,52.26171875,2.0,4.333471120296909,4.88735632183908,0.0,0.0101075761918419,83.3125,2.0,1.200075562963773,1.4499733309627498,0.0,0.0035957707871032,53.21484375,2.0,3.799880007999467,4.616905242875734,0.0,0.0031418922202315,139.76953125,2.0,0.0046328736900169,47.9140625,2.0
2026-05-29T10:29:27Z,2.933528901926795,100.0,0.0,0.0218569938650305,60.63671875,2.0,6.267369026990267,4.792241329351015,0.0,0.0074209784066213,99.5703125,0.0,0.2666844468151309,24.25,0.0,0.0035137037796464,54.28515625,2.0,16.20064449215196,4.309468522918152,0.0,0.0095695227142053,85.15625,2.0,0.333364447704079,4.800000000000001,0.0,0.0053319012051901,80.12890625,3.0,0.4000355591115062,4.6,0.0,0.0026779985177748,86.5625,2.0,35.470591874225,2.115508663262097,0.0,0.0121315832611292,51.83984375,2.0,4.333471120296909,4.88735632183908,0.0,0.0100862849872772,83.3125,2.0,1.7334444542231902,1.5999366618514674,0.0,0.0035957707871032,53.21484375,2.0,3.799880007999467,4.616905242875734,0.0,0.0038166589405367,139.828125,2.0,0.0046328736900169,47.9140625,2.0
2026-05-29T10:29:32Z,2.933528901926795,100.0,0.0,0.0220105220985147,60.47265625,2.0,6.067462367730949,4.792307566653669,0.0,0.0074209784066213,99.5703125,0.0,0.4000000017777778,24.25,0.0,0.0035137037796464,54.28515625,2.0,17.467724522078775,4.29156875066116,0.0,0.0095695227142053,85.15625,2.0,0.4000000017777778,4.8,0.0,0.0034783249999989,80.12890625,3.0,0.4666711131852049,4.6285638088465,0.0,0.0022993072107072,86.5625,2.0,34.2046897047462,2.0688238324248305,0.0,0.0121315832611292,51.83984375,2.0,4.0669377958530575,4.886363658173609,0.0,0.0086762223460558,83.3125,2.0,2.2000933431115257,0.4965903274967548,0.0,0.0036056071766152,53.22265625,2.0,2.6668444562970866,4.605551476159919,0.0,0.0038166589405367,139.828125,2.0,0.0032655404542823,47.9140625,2.0
2026-05-29T10:29:37Z,2.933528901926795,100.0,0.0,0.0220105220985147,60.47265625,2.0,6.067462367730949,4.792307566653669,0.0,0.0074209784066213,99.5703125,0.0,0.4000000017777778,24.25,0.0,0.002650149065891,54.28515625,2.0,17.66715115052067,4.3061221740820335,0.0,0.009674309824735,84.87890625,2.0,0.4000000017777778,4.8,0.0,0.0053917671499853,80.12890625,3.0,0.4666711131852049,4.6285638088465,0.0,0.0026504721435319,86.21875,2.0,34.0712185844493,1.9999191852680909,0.0,0.0121315832611292,51.83984375,2.0,3.933466675556148,4.8640449438202245,0.0,0.007835698597116,83.3125,2.0,2.2000933431115257,0.4965903274967548,0.0,0.0035789569532653,53.22265625,2.0,2.6668444562970866,4.605551476159919,0.0,0.0039713456036211,140.00390625,2.0,0.0036425844629053,47.9140625,2.0
2026-05-29T10:29:42Z,2.666666666666667,274.9999999999995,0.0,0.0220105220985147,60.47265625,2.0,5.20012890103761,4.793162343972897,0.0,0.0074490712147845,99.5390625,0.0,0.4000000017777778,24.25,0.0,0.0023791920724354,54.28515625,2.0,17.66715115052067,4.3061221740820335,0.0,0.0103227405904878,84.87890625,2.0,0.2666577789629234,4.799999999999999,0.0,0.0053917671499853,80.12890625,3.0,0.1999866675554963,4.628575238179896,0.0,0.0026504721435319,86.21875,2.0,28.79992456385152,1.9113626767250225,0.0,0.0100935109721019,51.83984375,2.0,3.933466675556148,4.8640449438202245,0.0,0.0104753491135988,83.3125,2.0,1.6000177825185975,0.4965905674068113,0.0,0.0035789569532653,53.22265625,2.0,2.6668444562970866,4.605551476159919,0.0,0.0039713456036211,140.00390625,2.0,0.0048459512681201,48.1875,2.0
2026-05-29T10:29:47Z,2.666666666666667,274.9999999999995,0.0,0.02266449770345,60.47265625,2.0,4.866666666666667,4.794042502489007,0.0,0.0074490712147845,99.5390625,0.0,0.0,24.25,0.0,0.0033161562945891,54.34765625,2.0,17.733333333333334,4.322329021804411,0.0,0.0103227405904878,84.87890625,2.0,0.0666711114074271,4.8,0.0,0.0053917671499853,80.12890625,3.0,0.0,4.560016000355564,0.0,0.0026911372178746,86.703125,2.0,26.66577339288492,2.1361680849172364,0.0,0.0124887565863171,52.23046875,2.0,3.666666666666667,4.842937853107345,0.0,0.0104753491135988,83.3125,2.0,1.0666666666666669,0.4976185449517358,0.0,0.0026548892209841,53.22265625,2.0,3.600120008000533,4.612820512820512,0.0,0.0039713456036211,140.00390625,2.0,0.0048459512681201,48.1875,2.0
2026-05-29T10:29:52Z,2.666666666666667,274.9999999999995,0.0,0.0221185364378573,60.390625,2.0,4.866666666666667,4.794042502489007,0.0,0.0074490712147845,99.5390625,0.0,0.0,24.25,0.0,0.0034953408878067,54.34765625,2.0,16.800524479409738,4.29622064843637,0.0,0.0100282923608683,84.89453125,2.0,0.0666711114074271,4.8,0.0,0.0054797348751933,80.12890625,3.0,0.0,4.560016000355564,0.0,0.0027153080416532,86.703125,2.0,26.399328978074056,2.216505851501446,0.0,0.0124887565863171,52.23046875,2.0,3.400222251855803,4.841988924499208,0.0,0.0103398722978696,83.3125,2.0,1.0666666666666669,0.4976185449517358,0.0,0.002822308451878,53.23046875,2.0,3.600120008000533,4.612820512820512,0.0,0.0039080411919366,140.1328125,2.0,0.0046544871674692,48.17578125,2.0
2026-05-29T10:29:57Z,2.20029337244966,612.5000000000002,0.0,0.0221185364378573,60.390625,2.0,4.4668044536302425,4.80704868586569,0.0,0.0059807390244966,99.5390625,0.0,0.0,24.25,0.0,0.0034414247368794,54.359375,2.0,16.800524479409738,4.29622064843637,0.0,0.0100282923608683,84.89453125,2.0,0.0,4.799999999999999,0.0,0.0055033630386042,80.2890625,3.0,0.0666800026672001,4.640003555792608,0.0,0.0027153080416532,86.703125,2.0,25.601902475885677,2.24203723671703,0.0,0.0119546007555859,52.23046875,2.0,3.400222251855803,4.841988924499208,0.0,0.0103398722978696,83.3125,2.0,1.000062230519625,1.6999299953700424,0.0,0.0034533507446097,53.23046875,2.0,3.600120008000533,4.612820512820512,0.0,0.0039080411919366,140.1328125,2.0,0.0046544871674692,48.17578125,2.0
2026-05-29T10:30:02Z,2.20029337244966,612.5000000000002,0.0,0.021670259386471,60.390625,2.0,4.333888984017643,4.824657594296847,0.0,0.0070543150655856,99.01953125,0.0,0.1333422251856988,24.25,0.0,0.0033536919831224,54.359375,2.0,13.935018048345512,4.293730208908626,0.0,0.0096402976190459,84.89453125,2.0,0.0666622225184987,4.8,0.0,0.0056336037266089,80.2890625,3.0,0.1333422251856988,4.599991110518479,0.0,0.0027153080416532,86.703125,2.0,26.00421405168216,1.6666577580638,0.0,0.009609008465667,52.23046875,2.0,3.4672489905368726,4.821348088046343,0.0,0.0101716342692581,83.3125,2.0,1.13349336356089,0.4976193268821722,0.0,0.0034533507446097,53.23046875,2.0,2.667111188161978,4.614084507042254,0.0,0.0039080411919366,140.1328125,2.0,0.0047265019521002,48.17578125,2.0
2026-05-29T10:30:07Z,2.20029337244966,612.5000000000002,0.0,0.0200470027975299,60.68359375,2.0,4.333888984017643,4.824657594296847,0.0,0.0070543150655856,99.01953125,0.0,0.1333422251856988,24.25,0.0,0.0033536919831224,54.359375,2.0,12.06822692893755,4.287766302348149,0.0,0.0096402976190459,84.89453125,2.0,0.0666622225184987,4.8,0.0,0.0056336037266089,80.2890625,3.0,0.1333422251856988,4.599991110518479,0.0,0.002482555378039,86.73828125,2.0,25.804089584123084,1.6105181741587742,0.0,0.0086127917360348,52.23046875,2.0,3.2671245229778005,4.8,0.0,0.0096093612672461,83.3125,2.0,1.13349336356089,0.4976193268821722,0.0,0.0034533507446097,53.23046875,2.0,2.667111188161978,4.614084507042254,0.0,0.0036711066736258,140.13671875,2.0,0.004635717264387,48.1875,2.0
2026-05-29T10:30:12Z,2.6666666666666665,675.0000000000005,0.0,0.0200470027975299,60.68359375,2.0,4.533751197054068,4.8277230748784525,0.0,0.0068637249212402,99.02734375,0.0,0.1333422251856988,24.25,0.0,0.0032042250888015,54.37109375,2.0,12.06822692893755,4.287766302348149,0.0,0.0090688821422717,84.92578125,2.0,0.1999955558518321,4.8,0.0,0.0054979490638616,80.12890625,3.0,0.1333244450369975,4.649999999999999,0.0,0.002482555378039,86.73828125,2.0,25.66907602675988,1.7120826569528331,0.0,0.0072601644537146,52.23046875,2.0,3.2671245229778005,4.8,0.0,0.0096093612672461,83.3125,2.0,1.6000977997079318,0.4987503694673945,0.0,0.0032743938182784,53.2265625,2.0,2.667111188161978,4.614084507042254,0.0,0.0036711066736258,140.13671875,2.0,0.004635717264387,48.1875,2.0
2026-05-29T10:30:17Z,2.6666666666666665,675.0000000000005,0.0,0.0189810955222937,60.68359375,2.0,4.466684446815131,4.82886614896534,0.0,0.0068637249212402,99.02734375,0.0,0.1333422234075654,24.25,0.0,0.0032042250888015,54.37109375,2.0,12.600417806816909,4.275274308409701,0.0,0.0086866529444795,84.92578125,2.0,0.2000088900742321,4.800000000000001,0.0,0.0044190202164359,80.12890625,3.0,0.1333377792593975,4.5000200004444535,0.0,0.0020236258230699,86.73828125,2.0,24.333440007704297,1.719507098624097,0.0,0.0101957053941891,51.71484375,2.0,3.0667644509633973,4.8,0.0,0.0096093612672461,83.3125,2.0,1.466684446815131,1.2000103706447118,0.0,0.0032743938182784,53.2265625,2.0,2.7333333333333334,4.638888888888888,0.0,0.0036711066736258,140.13671875,2.0,0.0046311393646335,47.9375,2.0
2026-05-29T10:30:22Z,2.6666666666666665,675.0000000000005,0.0,0.0193942220248289,60.4453125,2.0,4.466684446815131,4.82886614896534,0.0,0.0068637249212402,99.02734375,0.0,0.1333422234075654,24.25,0.0,0.0023924915750977,54.37109375,2.0,13.667626794683736,4.280893354465385,0.0,0.0086866529444795,84.92578125,2.0,0.2000088900742321,4.800000000000001,0.0,0.0053802459996582,80.12890625,3.0,0.1333377792593975,4.5000200004444535,0.0,0.0023804895162623,86.65234375,2.0,24.73346667614886,1.538308388274733,0.0,0.0101957053941891,51.71484375,2.0,3.4667911194079606,4.799999999999999,0.0,0.0073933648192876,82.9375,2.0,1.466684446815131,1.2000103706447118,0.0,0.0032517829338152,53.2265625,2.0,2.7333333333333334,4.638888888888888,0.0,0.0037147005257552,140.1328125,2.0,0.0034334624524525,47.9375,2.0
2026-05-29T10:30:27Z,2.667022269635952,167.50000000000105,0.0,0.0193942220248289,60.4453125,2.0,4.66701337956172,4.826177998287225,0.0,0.0066087454000061,99.02734375,0.0,0.1333422234075654,24.25,0.0,0.0030458522688733,54.37109375,2.0,13.667626794683736,4.280893354465385,0.0,0.0086866529444795,84.92578125,2.0,0.2000266702226963,4.8,0.0,0.0053802459996582,80.12890625,3.0,0.2000266702226963,4.499999999999999,0.0,0.0023804895162623,86.65234375,2.0,25.401884687439253,1.509063793248588,0.0,0.0096720507454865,51.71484375,2.0,3.4667911194079606,4.799999999999999,0.0,0.0091624886741146,82.9375,2.0,1.133391116148642,1.399994073547276,0.0,0.0032517829338152,53.2265625,2.0,2.7333333333333334,4.638888888888888,0.0,0.0035996549715467,140.1328125,2.0,0.0037937506496926,47.9375,2.0
2026-05-29T10:30:32Z,2.667022269635952,167.50000000000105,0.0,0.0148642299179476,60.4453125,2.0,5.133964528603814,4.826882121021461,0.0,0.0051798520352073,99.02734375,0.0,0.4000266702226964,24.25,0.0,0.0033195319139664,54.41015625,2.0,15.401991376627995,4.203852216220582,0.0,0.0089235977641808,84.9609375,2.0,0.3333511134817976,4.8,0.0,0.005562082728592,80.12890625,3.0,0.3333511134817976,4.679991999288825,0.0,0.0023804895162623,86.65234375,2.0,27.13679156391167,1.137961815415038,0.0,0.0097909504439498,51.72265625,2.0,3.667031151412228,4.8,0.0,0.0091624886741146,82.9375,2.0,1.5334444565940348,0.4925928677189809,0.0,0.0032342654238796,53.2265625,2.0,2.6669378082999904,4.6276994950418775,0.0,0.0035996549715467,140.1328125,2.0,0.0043513397138554,47.9375,2.0
2026-05-29T10:30:37Z,2.667022269635952,167.50000000000105,0.0,0.0199776973514152,65.5,2.0,5.133964528603814,4.826882121021461,0.0,0.0046291232518735,99.02734375,0.0,0.4000266702226964,24.25,0.0,0.0033195319139664,54.41015625,2.0,18.80035129749703,4.200018985617584,0.0,0.0087461128441931,84.9609375,2.0,0.3333511134817976,4.8,0.0,0.0055673369246352,80.12890625,3.0,0.3333511134817976,4.679991999288825,0.0,0.0022218056682431,86.65234375,2.0,27.536667111170377,1.2633367648017528,0.0,0.0097909504439498,51.72265625,2.0,4.066906698670934,4.825164751774386,0.0,0.0075683683529632,82.9375,2.0,1.5334444565940348,0.4925928677189809,0.0,0.0032799177667172,53.2265625,2.0,2.6669378082999904,4.6276994950418775,0.0,0.0035476526824142,140.1328125,2.0,0.0043513397138554,47.9375,2.0
2026-05-29T10:30:42Z,2.9333333333333336,152.50000000000014,0.0,0.0199776973514152,65.5,2.0,5.533635595857226,4.797939510982035,0.0,0.0066554504432278,99.0078125,0.0,0.4000266702226964,24.25,0.0,0.0033195319139664,54.41015625,2.0,18.80035129749703,4.200018985617584,0.0,0.0087461128441931,84.9609375,2.0,0.3333333333333333,4.77999977777037,0.0,0.0055673369246352,80.12890625,3.0,0.3333333333333333,4.5600000000000005,0.0,0.0024473065393383,86.7421875,2.0,30.53491576654665,1.03009039076342,0.0,0.0102772933144048,51.71875,2.0,4.066906698670934,4.825164751774386,0.0,0.0096311043694424,82.9453125,2.0,1.7334044539271902,0.4825401612907208,0.0,0.0032799177667172,53.2265625,2.0,2.6669378082999904,4.6276994950418775,0.0,0.003700451217436,140.015625,2.0,0.0044685596852218,47.9375,2.0
2026-05-29T10:30:47Z,2.9333333333333336,152.50000000000014,0.0,0.0199776973514152,65.5,2.0,5.1333511134817975,4.779512239543809,0.0,0.0066554504432278,99.0078125,0.0,0.1333422234075654,24.25,0.0,0.0027333587159477,54.41015625,2.0,17.399337829034568,4.15163372451772,0.0,0.0084624411470969,84.98046875,2.0,0.2000088900742321,4.7800004444740765,0.0,0.0055673369246352,80.12890625,3.0,0.2000088900742321,4.560016000355564,0.0,0.002620760481655,86.7421875,2.0,30.666693336889363,0.4998104390713785,0.0,0.0074914951448161,51.71875,2.0,4.133333333333333,4.848101265822785,0.0,0.0096311043694424,82.9453125,2.0,1.3333511134817977,0.475,0.0,0.0032799177667172,53.2265625,2.0,3.4000000000000004,4.619448172241077,0.0,0.003700451217436,140.015625,2.0,0.0038055123165954,47.9375,2.0
2026-05-29T10:30:52Z,2.9333333333333336,152.50000000000014,0.0,0.0208022747156615,65.375,2.0,5.1333511134817975,4.779512239543809,0.0,0.0066554504432278,99.0078125,0.0,0.1333422234075654,24.25,0.0,0.0024551500190264,54.41015625,2.0,13.200871227274748,4.13547731441869,0.0,0.0070651396682538,84.98046875,2.0,0.2000088900742321,4.7800004444740765,0.0,0.0055445177789053,80.12890625,3.0,0.2000088900742321,4.560016000355564,0.0,0.002620760481655,86.7421875,2.0,29.6669467208995,0.499328437455729,0.0,0.0084018946131245,51.71875,2.0,3.133586717343469,4.847204962428142,0.0,0.0102273191847509,82.9453125,2.0,1.3333511134817977,0.475,0.0,0.0022134000000001,53.2265625,2.0,3.4000000000000004,4.619448172241077,0.0,0.0038204572282039,140.01953125,2.0,0.0043719813455234,48.1875,2.0
2026-05-29T10:30:57Z,1.866915588745166,122.4999999999988,0.0267857142857142,0.0208022747156615,65.375,2.0,5.1333511134817975,4.775616472987991,0.0,0.0066554504432278,99.0078125,0.0,0.1333422234075654,24.25,0.0,0.0037423959859686,55.03515625,2.0,13.200871227274748,4.13547731441869,0.0,0.0086418000865432,84.98046875,2.0,0.1333511134817975,4.779999999999999,0.0,0.0057093691320306,80.12890625,3.0,0.1333511134817975,4.5600000000000005,0.0,0.002620760481655,86.7421875,2.0,21.60135575321492,1.077365416103892,0.0,0.0084611239955122,53.76171875,2.0,3.133586717343469,4.847204962428142,0.0,0.0102273191847509,82.9453125,2.0,0.9334311294849982,0.475,0.0,0.0036513606546733,54.6640625,2.0,3.4000000000000004,4.619448172241077,0.0,0.0038204572282039,140.01953125,2.0,0.0043719813455234,48.1875,2.0
2026-05-29T10:31:02Z,1.866915588745166,122.4999999999988,0.0267857142857142,0.0208022747156615,65.375,2.0,4.800240032004267,4.763713844808537,0.0,0.0066612821976693,99.0078125,0.0,0.1333422234075654,24.25,0.0,0.0037423959859686,55.03515625,2.0,11.068089078543805,4.095043021158175,0.0,0.0086418000865432,84.98046875,2.0,0.1333422234075654,4.779999555525924,0.0,0.0057093691320306,80.12890625,3.0,0.1333422234075654,4.559989332385101,0.0,0.0028553340328784,88.21875,2.0,13.935231381076411,1.0315808187966211,0.0,0.009905867212099,53.76171875,2.0,1.8003245046039924,4.852054794520548,0.0,0.0092314085990601,83.765625,2.0,0.6667644628183316,0.4834818264434276,0.0,0.0036513606546733,54.6640625,2.0,1.1335244779319913,4.6,0.0,0.0038204572282039,140.01953125,2.0,0.0043719813455234,48.1875,2.0
2026-05-29T10:31:07Z,1.866915588745166,122.4999999999988,0.0267857142857142,0.0174000055135793,65.375,2.0,4.800240032004267,4.764760439583615,0.0,0.0066612821976693,156.77734375,0.0,0.1333422234075654,24.25,0.0,0.0037423959859686,55.03515625,2.0,6.534035641492426,4.15725312468868,0.0,0.0082452474674919,87.25390625,2.0,0.1333422234075654,4.779999555525924,0.0,0.0058415620539478,82.7578125,3.0,0.1333422234075654,4.559989332385101,0.0,0.0030922585543364,88.21875,2.0,12.668311330399607,0.4998808123995826,0.0,0.009905867212099,53.76171875,2.0,0.5334044539271903,4.863333216041781,0.0,0.0090107414473517,83.765625,2.0,0.6667644628183316,0.4834818264434276,0.0,0.0035407965773658,54.66796875,2.0,1.1335244779319913,4.6,0.0,0.0038897308850673,143.02734375,2.0,0.0043031262993256,50.38671875,2.0
2026-05-29T10:31:12Z,2.0665288980734617,637.499999999997,0.3106796116504854,0.016474560953065,65.609375,2.0,4.800240032004267,4.76144977207907,0.0,0.0066612821976693,156.77734375,0.0,0.1333422234075654,24.25,0.0,0.0037028178358181,55.03515625,2.0,6.534035641492426,4.15725312468868,0.0,0.0062941464759666,87.25390625,2.0,0.0666666666666666,4.775,0.0,0.0047558859780275,82.7578125,3.0,0.0666666666666666,4.639996444207392,0.0,0.0030922585543364,88.21875,2.0,7.267235631417522,1.6291319677622464,0.0,0.009905867212099,53.76171875,2.0,0.5334044539271903,4.863333216041781,0.0,0.0090107414473517,83.765625,2.0,0.2666844468151309,0.4851062300576307,0.0,0.0036542072909862,54.66796875,2.0,1.1335244779319913,4.6,0.0,0.0038897308850673,143.02734375,2.0,0.0043031262993256,50.38671875,2.0
2026-05-29T10:31:17Z,2.0665288980734617,637.499999999997,0.3106796116504854,0.016474560953065,65.609375,2.0,5.133222234962825,4.873889227702018,0.0,0.0066612821976693,156.77734375,0.0,0.2666755585187951,24.0,0.0,0.0037028178358181,55.03515625,2.0,5.399911137777739,4.250678230760002,0.0,0.0076050322166832,87.25390625,2.0,0.0666755567408987,4.766667407456793,0.0,0.005818546525053,82.7578125,3.0,0.0666755567408987,4.533339259654348,0.0,0.0030922585543364,88.21875,2.0,9.332915586961343,2.027563222675095,0.0,0.0086313268501038,53.7265625,2.0,0.9332711152589828,4.8703703558903895,0.0,0.0084754300432346,83.74609375,2.0,0.4000000035557926,0.4987503035058637,0.0,0.0036542072909862,54.66796875,2.0,1.3332444503699754,4.613329468144789,0.0,0.0038897308850673,143.02734375,2.0,0.0042542688606023,50.38671875,2.0
2026-05-29T10:31:22Z,2.0665288980734617,637.499999999997,0.3106796116504854,0.0157639707035179,65.95703125,2.0,5.133222234962825,4.885306376664191,0.0,0.0066612821976693,156.77734375,0.0,0.2666755585187951,24.0,0.0,0.0037028178358181,55.03515625,2.0,8.66679559674167,4.362403864984474,0.0,0.0076050322166832,87.25390625,2.0,0.0666755567408987,4.766667407456793,0.0,0.005818546525053,82.7578125,3.0,0.0666755567408987,4.533339259654348,0.0,0.0029767908007171,88.0234375,2.0,11.06636448355445,1.8945237561448045,0.0,0.0086313268501038,53.7265625,2.0,2.666720011852089,4.837622967646711,0.0,0.0073542421734539,83.74609375,2.0,0.4000000035557926,0.4987503035058637,0.0,0.0037512189023628,54.66796875,2.0,1.3332444503699754,4.613329468144789,0.0,0.003640033046146,142.88671875,2.0,0.0042542688606023,50.38671875,2.0
2026-05-29T10:31:27Z,2.667022269635952,512.4999999999973,0.3232323232323232,0.0157639707035179,65.95703125,2.0,2.266555568296158,4.99091176330945,0.0,0.031915196591064,187.625,0.0,0.2666755585187951,24.0,0.0,0.0037028178358181,55.03515625,2.0,8.66679559674167,4.362403864984474,0.0,0.0078477263408651,87.54296875,2.0,0.2666888909631802,4.800000000000001,0.0,0.0057261475583665,82.625,3.0,0.2666888909631802,4.6,0.0,0.0029767908007171,88.0234375,2.0,24.134080109040596,2.0406943121230308,0.0,0.0086313268501038,53.7265625,2.0,2.666720011852089,4.837622967646711,0.0,0.0073542421734539,83.74609375,2.0,1.3334577979283757,2.5333407410699715,0.0,0.0029483955369421,54.66796875,2.0,1.3332444503699754,4.613329468144789,0.0,0.003640033046146,142.88671875,2.0,0.0045540467542143,50.65234375,2.0
2026-05-29T10:31:32Z,2.667022269635952,512.4999999999973,0.3232323232323232,0.0157639707035179,65.95703125,2.0,2.26678223229681,10.249829624581484,0.0,0.0371378637253755,187.625,0.0,0.2666666678518518,46.87499999999999,0.0,0.0038657487643625,54.92578125,2.0,11.000671160002982,4.421787385238498,0.0,0.0079064591700139,87.54296875,2.0,0.333337779259279,4.800000000000001,0.0,0.0058285066873007,82.625,3.0,0.333337779259279,4.649989999111032,0.0,0.0029767908007171,88.0234375,2.0,29.335244574823307,2.0192090617163867,0.0,0.0087541216486601,53.6953125,2.0,3.6002400160010666,4.8,0.0,0.0073542421734539,83.74609375,2.0,1.600133352891141,3.14998138743044,0.0,0.0036644772142767,55.671875,2.0,2.866951142522272,4.618596775944139,0.0,0.0036740900874037,142.9140625,2.0,0.004730851121909,50.65234375,2.0
2026-05-29T10:31:37Z,2.667022269635952,512.4999999999973,0.3232323232323232,0.0160318035341937,65.8203125,2.0,4.533600020149333,9.267549296809795,0.0,0.0363667430148123,191.33203125,0.0,0.2666666678518518,46.87499999999999,0.0,0.0038657487643625,54.92578125,2.0,11.667004471112612,4.427273023750606,0.0,0.0078099004412971,87.3515625,2.0,0.333337779259279,4.800000000000001,0.0,0.0058285066873007,82.625,3.0,0.333337779259279,4.649989999111032,0.0,0.0029767908007171,88.0234375,2.0,29.668462344896867,2.107369220689935,0.0,0.0087541216486601,53.6953125,2.0,3.9334577860746274,4.8,0.0,0.0056449017936131,83.74609375,2.0,1.600133352891141,3.14998138743044,0.0,0.0033924975548012,55.671875,2.0,2.866951142522272,4.618596775944139,0.0,0.0036740900874037,142.9140625,2.0,0.004730851121909,50.65234375,2.0
2026-05-29T10:31:42Z,2.2666666666666666,92.4999999999998,0.2761904761904762,0.0160318035341937,65.8203125,2.0,4.533600020149333,9.121712182370178,0.0,0.0409385020506985,191.33203125,0.0,0.2666666678518518,46.87499999999999,0.0,0.0039426858178773,54.90625,2.0,11.667004471112612,4.427273023750606,0.0,0.0078099004412971,87.3515625,2.0,0.2666577783703309,4.8,0.0,0.005722260187048,82.57421875,3.0,0.2666577783703309,4.599995555358016,0.0,0.0020812814173222,88.0234375,2.0,27.800746719410725,1.8800178432896737,0.0,0.0090947083155034,53.6953125,2.0,3.9334577860746274,4.8,0.0,0.0048425380727483,83.74609375,2.0,1.466675558518558,2.850010555907418,0.0,0.0033924975548012,55.671875,2.0,2.866951142522272,4.618596775944139,0.0,0.0037092653995241,142.9140625,2.0,0.0045028972367854,50.40625,2.0
2026-05-29T10:31:47Z,2.2666666666666666,92.4999999999998,0.2761904761904762,0.0160318035341937,65.8203125,2.0,5.067040032003556,9.309305451939633,0.0,0.0455102610865847,191.33203125,0.0,0.2667022281492545,46.25,0.0,0.0039426858178773,54.90625,2.0,13.600600054228682,4.473368302018794,0.0,0.0065088771474662,87.3515625,2.0,0.2666933386677335,4.8,0.0,0.005722260187048,82.57421875,3.0,0.2666933386677335,4.640007111427174,0.0,0.0024949560388709,87.640625,2.0,29.33428007378483,1.9812416078059232,0.0,0.0090947083155034,53.6953125,2.0,4.1334711202969086,4.8,0.0,0.009090144312975,83.7265625,2.0,1.6000889019282176,2.499966663703436,0.0,0.0033677097859074,55.66796875,2.0,3.266777785185679,4.633962264150942,0.0,0.0037226200723017,143.1953125,2.0,0.0045028972367854,50.40625,2.0
2026-05-29T10:31:52Z,2.2666666666666666,92.4999999999998,0.2761904761904762,0.0171849648533198,65.91015625,2.0,5.13386673008249,9.120161221388347,0.0,0.0548611084306346,191.33203125,0.0,0.2667022281492545,46.25,0.0,0.0039426858178773,54.90625,2.0,15.33492018580178,4.414275401881977,0.0,0.0064289444463804,87.3515625,2.0,0.2666933386677335,4.8,0.0,0.0055058601016988,82.57421875,3.0,0.2666933386677335,4.640007111427174,0.0,0.0024949560388709,87.640625,2.0,28.801151212158835,2.038816341731051,0.0,0.009684070984847,53.59765625,2.0,3.6003422586709144,4.8,0.0,0.009090144312975,83.7265625,2.0,1.6000889019282176,2.499966663703436,0.0,0.0033677097859074,55.66796875,2.0,3.266777785185679,4.633962264150942,0.0,0.0036181370778399,143.1953125,2.0,0.0046019222448854,50.40625,2.0
2026-05-29T10:31:57Z,2.133617815708761,77.49999999999966,0.0,0.0200166542009471,65.91015625,2.0,5.13386673008249,8.969109484363479,0.0,0.0386624291291468,191.6015625,0.0,0.2667022281492545,46.25,0.0,0.0016396333333328,54.90625,2.0,15.33492018580178,4.414275401881977,0.0,0.0080171063651606,87.48046875,2.0,0.1333600053344002,4.8,0.0,0.0045499510237088,82.57421875,3.0,0.1333600053344002,4.60000444474076,0.0,0.0025122820626475,87.6796875,2.0,25.669249180776877,1.548426712294377,0.0,0.009245163849122,53.59765625,2.0,3.6003422586709144,4.8,0.0,0.0088380302417131,84.203125,2.0,1.0667911288918128,2.149914160467137,0.0,0.0033431503884917,55.67578125,2.0,3.266777785185679,4.633962264150942,0.0,0.0036181370778399,143.1953125,2.0,0.0045994513610463,50.8515625,2.0
2026-05-29T10:32:02Z,2.133617815708761,77.49999999999966,0.0,0.017337091425247,65.91015625,2.0,3.733831177490332,8.630382605884439,0.0,0.0386624291291468,191.6015625,0.0,0.0,47.187489582754594,0.0,0.0021670682070707,55.2890625,2.0,11.268169089211897,4.351195700298342,0.0,0.0080171063651606,87.48046875,2.0,0.0,4.8,0.0,0.0053186926627835,82.5546875,3.0,0.0,4.549988888148098,0.0,0.0024478075393947,87.6796875,2.0,20.469395919455927,0.4990882655676382,0.0,0.0114179526668139,53.59765625,2.0,2.867048939858648,4.8,0.0,0.0095257120459893,84.203125,2.0,0.6667555674089879,1.1333688896790224,0.0,0.0033431503884917,55.67578125,2.0,2.0669422589678623,4.612121212121212,0.0,0.0036181370778399,143.1953125,2.0,0.0045994513610463,50.8515625,2.0
2026-05-29T10:32:07Z,2.133617815708761,77.49999999999966,0.0,0.0196431852449243,66.11328125,2.0,3.066742254521344,6.780382343464785,0.0,0.0265342821709088,191.6015625,0.0,0.0,47.187489582754594,0.0,0.0024251016666667,55.2890625,2.0,10.067182290972127,4.334156980510743,0.0,0.0078401206147461,87.48046875,2.0,0.0,4.8,0.0,0.0052068409637135,82.5546875,3.0,0.0,4.549988888148098,0.0,0.0024478075393947,87.6796875,2.0,20.669307011008364,1.0101966771608346,0.0,0.0107010638510198,53.71875,2.0,3.0669600314110816,4.8245158478219095,0.0,0.0094528504771599,84.62109375,2.0,0.6667555674089879,1.1333688896790224,0.0,0.00240678465527,55.67578125,2.0,2.0669422589678623,4.612121212121212,0.0,0.0036660844504612,143.19921875,2.0,0.0034925372872044,50.8515625,2.0
2026-05-29T10:32:12Z,2.2666666666666666,550.000000000003,0.0,0.018887003841229,66.11328125,2.0,3.066742254521344,4.985587319953133,0.0,0.0265342821709088,191.6015625,0.0,0.0,47.187489582754594,0.0,0.0030964015151516,55.2890625,2.0,10.067182290972127,4.334156980510743,0.0,0.0082153846153833,87.5703125,2.0,0.0666711114074271,4.8,0.0,0.0052068409637135,82.5546875,3.0,0.0666666666666666,4.599995555358016,0.0,0.0024478075393947,87.6796875,2.0,21.26787570905699,1.2762442118663804,0.0,0.0107010638510198,53.71875,2.0,3.0669600314110816,4.8245158478219095,0.0,0.0094528504771599,84.62109375,2.0,1.0667200071120595,0.4925931718135464,0.0,0.0025864654300347,55.66796875,2.0,2.0669422589678623,4.612121212121212,0.0,0.0036660844504612,143.19921875,2.0,0.0042981732195845,50.65625,2.0
2026-05-29T10:32:17Z,2.2666666666666666,550.000000000003,0.0,0.018887003841229,66.11328125,2.0,3.999751128887783,4.857193033074928,0.0,0.020979109079411,191.6015625,0.0,0.1333333339259259,24.25,0.0,0.0030964015151516,55.2890625,2.0,15.532728930367684,4.294478447307952,0.0,0.0082153846153833,87.5703125,2.0,0.1333422228148543,4.799999999999999,0.0,0.0053504217287004,82.546875,3.0,0.1333377780740938,4.533339259522645,0.0,0.0024418181477104,87.78515625,2.0,22.866137829034688,1.8169101612275689,0.0,0.0101552633086916,53.71875,2.0,3.266680014518577,4.85170066854795,0.0,0.0058904556360043,84.62109375,2.0,1.1333200020740148,0.4841345919610231,0.0,0.0030871701219199,55.66796875,2.0,3.533217785480968,4.631884057971014,0.0,0.0036660844504612,143.19921875,2.0,0.0042981732195845,50.65625,2.0
2026-05-29T10:32:22Z,2.2666666666666666,550.000000000003,0.0,0.0190529765402528,66.4765625,2.0,4.866866722079468,4.832345505529403,0.0,0.0187679188985019,191.6015625,0.0,0.1333333339259259,24.25,0.0,0.002349549469697,55.2890625,2.0,18.33332897037035,4.262716545383629,0.0,0.0082153846153833,87.5703125,2.0,0.1333422228148543,4.799999999999999,0.0,0.0053504217287004,82.546875,3.0,0.1333377780740938,4.533339259522645,0.0,0.0019133502451964,87.78515625,2.0,22.866137829034688,1.9178291737035804,0.0,0.0098407214068714,53.59375,2.0,3.266680014518577,4.853521143513212,0.0,0.0052369499999997,84.62109375,2.0,1.1333200020740148,0.4841345919610231,0.0,0.0030205341979309,55.67578125,2.0,3.533217785480968,4.631884057971014,0.0,0.0036842601130573,143.203125,2.0,0.0042981732195845,50.65625,2.0
2026-05-29T10:32:27Z,2.666844456297086,950.000000000001,0.0,0.0190529765402528,66.4765625,2.0,4.866866722079468,4.831876378636982,0.0,0.0086489581086971,191.6015625,0.0,0.1333333339259259,24.25,0.0,0.002091516010101,55.2890625,2.0,18.33332897037035,4.262716545383629,0.0,0.0089276636786567,87.67578125,2.0,0.2000044447407604,4.799999999999999,0.0,0.0053028666503009,82.546875,3.0,0.2000133342222814,4.6,0.0,0.0024858927851668,87.78515625,2.0,27.26823588655347,2.018885070128672,0.0,0.0098407214068714,53.59375,2.0,3.266680014518577,4.853521143513212,0.0,0.0090992122776035,85.21484375,2.0,1.133408902816336,0.485106134484935,0.0,0.0030205341979309,55.67578125,2.0,3.533217785480968,4.631884057971014,0.0,0.0036842601130573,143.203125,2.0,0.0044123661456245,50.67578125,2.0
2026-05-29T10:32:32Z,2.666844456297086,950.000000000001,0.0,0.0190529765402528,66.4765625,2.0,5.400702314678916,4.81078522280556,0.0,0.0103028037383177,193.3046875,0.0,0.2666933362966519,24.25,0.0,0.0030633096790168,55.5625,2.0,17.40168462668814,4.251977527675143,0.0,0.0089276636786567,87.67578125,2.0,0.2666755561481876,4.8,0.0,0.0053028666503009,82.546875,3.0,0.2666844456297086,4.599991110518479,0.0,0.0024627593582884,88.19140625,2.0,31.60407164451493,1.9835458112909423,0.0,0.009241302615853,53.59375,2.0,3.867066712301867,4.853900713467684,0.0,0.0090992122776035,85.21484375,2.0,1.5335200237067856,0.475,0.0,0.0029147670175067,55.67578125,2.0,3.2003244808932942,4.616901408450704,0.0,0.0036508289526888,143.203125,2.0,0.0044123661456245,50.67578125,2.0
2026-05-29T10:32:37Z,2.666844456297086,950.000000000001,0.0,0.0213829586284783,66.77734375,2.0,5.600364491858095,4.787979973156823,0.0,0.0083869932647096,193.3046875,0.0,0.2666933362966519,24.25,0.0,0.0030633096790168,55.5625,2.0,16.534417920018807,4.244078206026876,0.0,0.0094634448574944,87.67578125,2.0,0.2666755561481876,4.8,0.0,0.0052366637738422,82.5546875,3.0,0.2666844456297086,4.599991110518479,0.0,0.0024627593582884,88.19140625,2.0,32.27062274792183,1.930519538412606,0.0,0.0107653754204824,53.73046875,2.0,4.5336178157087605,4.852413805153268,0.0,0.0090992122776035,85.21484375,2.0,1.5335200237067856,0.475,0.0,0.0023963918965932,55.67578125,2.0,3.2003244808932942,4.616901408450704,0.0,0.0038656395790385,143.2734375,2.0,0.0044123661456245,50.67578125,2.0
2026-05-29T10:32:42Z,3.000200013334222,937.5000000000013,0.0,0.0213829586284783,66.77734375,2.0,5.600364491858095,4.787701442000891,0.0,0.0085767811128908,194.00390625,0.0,0.2666933362966519,24.25,0.0,0.0034744627407201,55.5625,2.0,16.534417920018807,4.244078206026876,0.0,0.0092514840560513,87.7890625,2.0,0.2000133342222814,4.8,0.0,0.0053641496521043,82.5546875,3.0,0.2000133342222814,4.5333274071440215,0.0,0.0024627593582884,88.19140625,2.0,31.93416475884293,1.6667217504822551,0.0,0.0107653754204824,53.73046875,2.0,4.5336178157087605,4.852413805153268,0.0,0.0090992122776035,85.21484375,2.0,1.8000977896311312,0.475,0.0,0.0031163920056102,55.70703125,2.0,3.2003244808932942,4.616901408450704,0.0,0.0038656395790385,143.2734375,2.0,0.0043966529588986,50.68359375,2.0
2026-05-29T10:32:47Z,3.000200013334222,937.5000000000013,0.0,0.0213829586284783,66.77734375,2.0,5.400008889481521,4.788510210922778,0.0,0.0085767811128908,194.00390625,0.0,0.1333377780740938,24.25,0.0,0.0032734094541074,55.67578125,2.0,16.133346667555614,4.288659687053808,0.0,0.0092514840560513,87.7890625,2.0,0.1333422228148543,4.8,0.0,0.0053641496521043,82.5546875,3.0,0.1333422228148543,4.600004444641984,0.0,0.0024267571037792,88.19140625,2.0,30.93231562458807,1.6897524373258268,0.0,0.0107653754204824,53.73046875,2.0,4.4,4.848101299650424,0.0,0.0097538604201096,85.24609375,2.0,1.800008889481521,0.475,0.0,0.0031380463070987,55.70703125,2.0,2.933333333333333,4.636842105263158,0.0,0.0032329038957441,143.2734375,2.0,0.0043966529588986,50.68359375,2.0
2026-05-29T10:32:52Z,3.000200013334222,937.5000000000013,0.0,0.0209384787472046,66.62109375,2.0,5.066835566815565,4.784663172896739,0.0,0.0085767811128908,194.00390625,0.0,0.1333377780740938,24.25,0.0,0.0032734094541074,55.67578125,2.0,16.26778237009373,4.22266818458727,0.0,0.0092514840560513,87.7890625,2.0,0.1333422228148543,4.8,0.0,0.005360487292259,82.5546875,3.0,0.1333422228148543,4.600004444641984,0.0,0.0026390805029793,88.609375,2.0,30.13242229836632,1.5360063314944417,0.0,0.0097963671787489,53.73046875,2.0,3.600106673778252,4.82275423969583,0.0,0.0097538604201096,85.24609375,2.0,1.800008889481521,0.475,0.0,0.003217893828074,55.95703125,2.0,2.933333333333333,4.636842105263158,0.0,0.004052203077395,143.2734375,2.0,0.0043966529588986,50.68359375,2.0
2026-05-29T10:32:57Z,2.60017334488966,242.49999999999864,0.0,0.0209384787472046,66.62109375,2.0,5.066835566815565,4.784411955309065,0.0,0.0054990705728101,194.8359375,0.0,0.1333377780740938,24.25,0.0,0.0034264567452334,55.70703125,2.0,16.26778237009373,4.22266818458727,0.0,0.0076353098176478,87.7890625,2.0,0.2000222248892247,4.800000000000001,0.0,0.005360487292259,82.5546875,3.0,0.2000133342222814,4.6,0.0,0.0027533110173194,88.609375,2.0,28.73531581218185,1.4876124456192124,0.0,0.0112832748734552,53.984375,2.0,3.600106673778252,4.82275423969583,0.0,0.00976399113433,85.2578125,2.0,1.6001066802980743,0.475,0.0,0.0033100633610676,55.95703125,2.0,2.933333333333333,4.636842105263158,0.0,0.004052203077395,143.2734375,2.0,0.0044769544127828,50.4296875,2.0
2026-05-29T10:33:02Z,2.60017334488966,242.49999999999864,0.0,0.0209384787472046,66.62109375,2.0,5.267191169192139,4.785501410221899,0.0,0.0062570768960386,194.8359375,0.0,0.2666933362966519,24.25,0.0,0.0022543509291919,55.70703125,2.0,17.0689247443362,4.241420163106913,0.0,0.0095011006645131,88.3828125,2.0,0.2666933362966519,4.8,0.0,0.005220838755472,82.5546875,3.0,0.2666844456297086,4.640000000000001,0.0,0.0027533110173194,88.609375,2.0,28.203644922729925,1.2463932999923597,0.0,0.0112832748734552,53.984375,2.0,3.533697819264317,4.8,0.0,0.00976399113433,85.2578125,2.0,1.6001955804476844,0.481785735829169,0.0,0.0033100633610676,55.95703125,2.0,3.200426723563142,4.614088406004413,0.0,0.0039819311939864,143.2734375,2.0,0.0044769544127828,50.4296875,2.0
2026-05-29T10:33:07Z,2.60017334488966,242.49999999999864,0.0,0.0217930715387343,66.7890625,2.0,6.133697825191428,4.783260490412602,0.0,0.0064198482916821,195.25390625,0.0,0.2666933362966519,24.25,0.0,0.0025353947596185,55.70703125,2.0,17.80115570846475,4.239808148854724,0.0,0.0095011006645131,88.3828125,2.0,0.2666933362966519,4.8,0.0,0.005220838755472,82.5546875,3.0,0.2666844456297086,4.640000000000001,0.0,0.0025821450712959,88.796875,2.0,28.403658256952205,1.3324074823568746,0.0,0.0120676525677238,53.984375,2.0,3.733711153486598,4.8,0.0,0.0079195207735413,85.2578125,2.0,1.6001955804476844,0.481785735829169,0.0,0.0032963385575727,56.48046875,2.0,3.200426723563142,4.614088406004413,0.0,0.0040424110493922,143.2734375,2.0,0.0044769544127828,50.4296875,2.0
2026-05-29T10:33:12Z,3.0668711247416494,41.99999999999996,0.0,0.0217930715387343,66.7890625,2.0,6.133697825191428,4.783260490412602,0.0,0.0071157919527014,195.25390625,0.0,0.2666933362966519,24.25,0.0,0.00215125,55.70703125,2.0,17.80115570846475,4.239808148854724,0.0,0.009338689595226,88.578125,2.0,0.2000088894815209,4.8,0.0,0.0053345208680492,82.7265625,3.0,0.2000088894815209,4.600004444641984,0.0,0.0025821450712959,88.796875,2.0,26.002564726255788,1.1618189245953014,0.0,0.0120676525677238,53.984375,2.0,3.733711153486598,4.8,0.0,0.0096722881991965,84.62890625,2.0,1.6000489040012842,0.4813335660392465,0.0,0.0034283479080933,56.48046875,2.0,3.200426723563142,4.614088406004413,0.0,0.0040424110493922,143.2734375,2.0,0.0039161139067251,50.4296875,2.0
2026-05-29T10:33:17Z,3.0668711247416494,41.99999999999996,0.0,0.0217930715387343,66.7890625,2.0,6.000008889481521,4.78311132295934,0.0,0.0083513239322308,195.25390625,0.0,0.1333377780740938,24.25,0.0,0.0031088298892081,55.875,2.0,16.533342222814856,4.229319520978176,0.0,0.009338689595226,88.578125,2.0,0.1333377780740938,4.800000000000001,0.0,0.0054537519804116,82.7265625,3.0,0.1333377780740938,4.55000555580248,0.0,0.0026643754731269,88.796875,2.0,26.734231170966957,0.4998772481470351,0.0,0.0118327336187976,53.671875,2.0,3.800120008000533,4.821965317919075,0.0,0.0096722881991965,84.62890625,2.0,1.5332933371850077,0.4950706109936067,0.0,0.0034283479080933,56.48046875,2.0,3.0001022290374912,4.611760772521332,0.0,0.003412199166792,143.2734375,2.0,0.0045859623005014,50.4296875,2.0
2026-05-29T10:33:22Z,3.0668711247416494,41.99999999999996,0.0,0.015289780799142,66.7890625,2.0,5.667066719414401,4.780530760945763,0.0,0.0083369729446604,195.44140625,0.0,0.1333377780740938,24.25,0.0,0.0031088298892081,55.875,2.0,16.934595723281586,4.256399161638594,0.0,0.009338689595226,88.578125,2.0,0.1333377780740938,4.800000000000001,0.0,0.0054092409948547,83.1953125,3.0,0.1333377780740938,4.55000555580248,0.0,0.0027258931722408,86.62109375,2.0,27.467782319120573,1.2695988291605655,0.0,0.0111143630167283,53.671875,2.0,4.5336711561541545,4.821838572800308,0.0,0.0096722881991965,84.62890625,2.0,1.5332933371850077,0.4950706109936067,0.0,0.0023103249999998,56.48046875,2.0,3.0001022290374912,4.611760772521332,0.0,0.0038643435106273,142.9921875,2.0,0.0045859623005014,50.4296875,2.0
2026-05-29T10:33:27Z,3.2668844589639305,44.99999999999997,0.0,0.0136803471301131,66.7890625,2.0,5.667066719414401,4.780530760945763,0.0,0.0083369729446604,195.44140625,0.0,0.1333377780740938,24.25,0.0,0.0031088298892081,55.875,2.0,16.934595723281586,4.256399161638594,0.0,0.0102644903397733,88.6171875,2.0,0.2000133342222814,4.8,0.0,0.0054092409948547,83.1953125,3.0,0.2000133342222814,4.640002844583513,0.0,0.0027258931722408,86.62109375,2.0,36.00168457927125,1.2816492861514082,0.0,0.0111143630167283,53.671875,2.0,4.5336711561541545,4.821838572800308,0.0,0.0087207722981951,84.28125,2.0,1.6667911271132052,0.4962683604209973,0.0,0.0034999999999997,55.6171875,2.0,3.0001022290374912,4.611760772521332,0.0,0.0038643435106273,142.9921875,2.0,0.004593120317994,50.4296875,2.0
2026-05-29T10:33:32Z,3.2668844589639305,44.99999999999997,0.0,0.0233968914476832,66.7578125,2.0,6.734160110236921,4.781967392143917,0.0,0.006948418026418,195.44140625,0.0,0.5333688936302619,24.25,0.0,0.0036939453579663,56.18359375,2.0,20.535964795306043,4.299106744596179,0.0,0.0102644903397733,88.6171875,2.0,0.4000088894815209,4.799999999999999,0.0,0.0054092409948547,83.1953125,3.0,0.4000088894815209,4.699999999999999,0.0,0.0025278625706306,86.62109375,2.0,40.60400044390507,1.843181334918584,0.0,0.0122654534271614,53.734375,2.0,5.267368982531004,4.820652173913043,0.0,0.0101415794012573,84.28125,2.0,1.933520024892208,2.0000284466332467,0.0,0.0034999999999997,55.6171875,2.0,4.733804496598836,4.60253164556962,0.0,0.0038643435106273,142.9921875,2.0,0.0037221307396931,50.4296875,2.0
2026-05-29T10:33:37Z,3.2668844589639305,44.99999999999997,0.0,0.0256717372689291,66.7578125,2.0,7.267102280304041,4.783077278919611,0.0,0.0088387363394251,196.36328125,0.0,0.5333688936302619,24.25,0.0,0.0036939453579663,56.18359375,2.0,20.068044628172647,4.286216671817006,0.0,0.0102644903397733,88.6171875,2.0,0.4000088894815209,4.799999999999999,0.0,0.0053634680796904,83.7265625,3.0,0.4000088894815209,4.699999999999999,0.0,0.0020594285707714,86.62109375,2.0,40.27032928775092,2.0812361925706027,0.0,0.0130095222504159,53.734375,2.0,4.93369782637685,4.838974378962774,0.0,0.0105363017324804,82.47265625,2.0,1.933520024892208,2.0000284466332467,0.0,0.0034999999999997,55.6171875,2.0,4.733804496598836,4.60253164556962,0.0,0.0039175384739669,142.9375,2.0,0.0045372573575457,50.67578125,2.0
2026-05-29T10:33:42Z,3.1333333333333333,46.1111111111111,0.0,0.0256717372689291,66.7578125,2.0,7.267102280304041,4.783077278919611,0.0,0.008737008758714,196.36328125,0.0,0.5333688936302619,24.25,0.0,0.0036939453579663,56.18359375,2.0,20.068044628172647,4.286216671817006,0.0,0.008827184175621,88.640625,2.0,0.4666666666666667,4.8,0.0,0.0053634680796904,83.7265625,3.0,0.4666666666666667,4.650002916739584,0.0,0.0026135953116845,86.07421875,2.0,36.86787149485111,1.9691480766470684,0.0,0.0130095222504159,53.734375,2.0,4.93369782637685,4.838974378962774,0.0,0.0105363017324804,82.47265625,2.0,2.000071120593857,1.7201050698407,0.0,0.0028868084633345,55.6171875,2.0,4.733804496598836,4.60253164556962,0.0,0.0039175384739669,142.9375,2.0,0.0045047194331221,50.67578125,2.0
2026-05-29T10:33:47Z,3.1333333333333333,46.1111111111111,0.0,0.0256717372689291,66.7578125,2.0,5.599875565036484,4.782879196819334,0.0,0.008737008758714,196.36328125,0.0,0.1333333339259259,24.25,0.0,0.0035928388182388,56.18359375,2.0,15.199608916739002,4.274202947226158,0.0,0.0103501514624841,88.640625,2.0,0.2666711114074271,4.8,0.0,0.0053527173723337,82.52734375,3.0,0.2666711114074271,4.6285746939604815,0.0,0.0026135953116845,86.07421875,2.0,29.798177900436347,2.1736083981121106,0.0,0.0130095222504159,53.734375,2.0,3.8665555629624695,4.857575292296744,0.0,0.010984890864594,82.47265625,2.0,1.4666488912591802,1.880003200127997,0.0,0.0034496068895253,55.6171875,2.0,2.799906672888474,4.602464964168523,0.0,0.0039685816605972,142.9375,2.0,0.0045047194331221,50.67578125,2.0
2026-05-29T10:33:52Z,3.1333333333333333,46.1111111111111,0.0,0.0276373213524971,66.7578125,2.0,4.400026686222341,4.787148300748635,0.0,0.0069926406905679,196.36328125,0.0,0.1333333339259259,24.25,0.0,0.0037638450769944,56.953125,2.0,12.866715612740958,4.284496537247447,0.0,0.0103501514624841,88.640625,2.0,0.2666711114074271,4.8,0.0,0.0044811609836511,82.52734375,3.0,0.2666711114074271,4.6285746939604815,0.0,0.0028000468137396,86.07421875,2.0,29.264955685622027,2.0455647867322764,0.0,0.0125667901096013,50.41015625,2.0,3.333333348148148,4.859374560165637,0.0,0.009450789828182,82.47265625,2.0,1.4666488912591802,1.880003200127997,0.0,0.0035296932782248,55.6171875,2.0,2.799906672888474,4.602464964168523,0.0,0.0038098277608917,142.90234375,2.0,0.004397430352831,50.43359375,2.0
2026-05-29T10:33:57Z,2.3336444859314573,47.49999999999997,0.0,0.0276373213524971,66.7578125,2.0,4.400026686222341,4.787148300748635,0.0,0.0097953032666241,197.09375,0.0,0.1333333339259259,24.25,0.0,0.0043305483333817,56.953125,2.0,12.866715612740958,4.284496537247447,0.0,0.0100618402024595,88.98828125,2.0,0.1333466681483259,4.78181796142004,0.0,0.0052625125318119,82.52734375,3.0,0.1333466681483259,4.657140135881644,0.0,0.002629665392346,86.05859375,2.0,26.00120029514039,2.0960702842397607,0.0,0.0132485811915015,50.41015625,2.0,3.333333348148148,4.859374560165637,0.0,0.0106759513355299,82.4375,2.0,1.2000266720001185,2.0399367071175685,0.0,0.0033687269664104,55.62109375,2.0,2.799906672888474,4.602464964168523,0.0,0.0038098277608917,142.90234375,2.0,0.0043216055882273,50.43359375,2.0
2026-05-29T10:34:02Z,2.3336444859314573,47.49999999999997,0.0,0.0232883547283616,67.69921875,2.0,4.533635575705047,4.786831121564576,0.0,0.0097953032666241,197.09375,0.0,0.1333422228148543,24.25,0.0,0.0043305483333817,56.953125,2.0,14.467631175411691,4.267613731788136,0.0,0.0101846894711873,88.98828125,2.0,0.1333466681483259,4.78181796142004,0.0,0.0044535327928591,82.52734375,3.0,0.1333466681483259,4.657140135881644,0.0,0.002629665392346,86.05859375,2.0,26.335986963295,2.3467969364048105,0.0,0.0132485811915015,50.41015625,2.0,3.3335555703713577,4.839999995321378,0.0,0.0106759513355299,82.4375,2.0,1.266751116741116,2.119967108918373,0.0,0.0033687269664104,55.62109375,2.0,2.933528901926795,4.612048192771084,0.0,0.003768312809445,142.90234375,2.0,0.0043216055882273,50.43359375,2.0
2026-05-29T10:34:07Z,2.3336444859314573,47.49999999999997,0.0,0.0193560847487239,67.69921875,2.0,4.533635575705047,4.790717299578059,0.0,0.0093275017060611,197.95703125,0.0,0.1333422228148543,24.25,0.0,0.0036547972671916,57.2890625,2.0,14.734315621041402,4.261244019138756,0.0,0.0101846894711873,88.98828125,2.0,0.1333466681483259,4.78181796142004,0.0,0.0051146940583264,82.55078125,3.0,0.1333466681483259,4.657140135881644,0.0,0.0025316573033706,86.05859375,2.0,26.535875844775983,2.284898618936551,0.0,0.0108116702885897,50.41015625,2.0,3.5334444518523456,4.841530042036604,0.0,0.0106759513355299,82.4375,2.0,1.266751116741116,2.119967108918373,0.0,0.0031793976571934,55.62109375,2.0,2.933528901926795,4.612048192771084,0.0,0.0037528461503846,142.91796875,2.0,0.0043216055882273,50.43359375,2.0
2026-05-29T10:34:12Z,2.466502233184454,44.25000000000004,0.0,0.0193560847487239,67.69921875,2.0,4.533635575705047,4.790717299578059,0.0,0.0093275017060611,197.95703125,0.0,0.1333422228148543,24.25,0.0,0.0036547972671916,57.2890625,2.0,14.734315621041402,4.261244019138756,0.0,0.0092069511658598,89.09375,2.0,0.1333377780740938,4.777777777777778,0.0,0.0050726394322231,82.55078125,3.0,0.1333377780740938,4.666666666666667,0.0,0.0025163297669472,86.09375,2.0,27.60171566993355,2.459806798682579,0.0,0.0123918120549556,50.40234375,2.0,3.5334444518523456,4.841530042036604,0.0,0.0100609898717981,82.4453125,2.0,1.4000933395559705,2.2399999999999944,0.0,0.0031933460413156,55.8125,2.0,2.933528901926795,4.612048192771084,0.0,0.0037528461503846,142.91796875,2.0,0.0043177494178592,50.43359375,2.0
2026-05-29T10:34:17Z,2.466502233184454,44.24999999999996,0.0,0.021367214024897,66.99609375,2.0,5.533702246816454,4.790178474965368,0.0,0.0093275017060611,197.95703125,0.0,0.2666844456297086,24.25,0.0,0.0032477473820932,57.2890625,2.0,16.267751183412226,4.258455870038583,0.0,0.0092069511658598,89.09375,2.0,0.2000088894815209,4.771428934259944,0.0,0.0050726394322231,82.55078125,3.0,0.2000088894815209,4.600004444641984,0.0,0.0025163297669472,86.09375,2.0,31.86866680000889,1.9246772281434552,0.0,0.0113614814452396,50.40234375,2.0,4.1334844545191896,4.843428571428571,0.0,0.0100609898717981,82.4453125,2.0,2.000133342222815,0.4965905455949701,0.0,0.0031933460413156,55.8125,2.0,2.6667600062226366,4.605882352941176,0.0,0.0037528461503846,142.91796875,2.0,0.00424537468576,50.43359375,2.0
2026-05-29T10:34:22Z,2.466502233184454,44.24999999999996,0.0,0.021367214024897,66.99609375,2.0,6.467097806520434,4.7880731343113165,0.0,0.0087070735524256,197.95703125,0.0,0.2666844456297086,24.25,0.0,0.0034762089211453,57.4296875,2.0,18.73458230548703,4.258189171300392,0.0,0.0092069511658598,89.09375,2.0,0.2000088894815209,4.771428934259944,0.0,0.0050337752595122,82.5546875,3.0,0.2000088894815209,4.600004444641984,0.0,0.0023704401494239,86.09375,2.0,32.068942392310085,1.8602311299078464,0.0,0.0113614814452396,50.40234375,2.0,4.333760046820386,4.867059337816148,0.0,0.0100609898717981,82.4453125,2.0,2.000133342222815,0.4965905455949701,0.0,0.0031933460413156,55.8125,2.0,2.6667600062226366,4.605882352941176,0.0,0.0037860680906382,139.90625,2.0,0.00424537468576,50.43359375,2.0
2026-05-29T10:34:27Z,3.400680136027206,39.9999999999999,0.0,0.021367214024897,66.99609375,2.0,6.467097806520434,4.7880731343113165,0.0,0.0084649405015698,199.46875,0.0,0.2666844456297086,24.25,0.0,0.0034762089211453,57.4296875,2.0,18.73458230548703,4.258189171300392,0.0,0.0094386807157553,89.0859375,2.0,0.3333555570371358,4.771428571428571,0.0,0.0050337752595122,82.5546875,3.0,0.3333688930375507,4.599995555160458,0.0,0.002470915046229,86.14453125,2.0,36.46923574520028,1.7549251619704416,0.0,0.0119117070478294,50.3203125,2.0,4.333760046820386,4.867059337816148,0.0,0.0099341931859923,82.58984375,2.0,2.3334888992599505,0.4965902984154947,0.0,0.0028022414554274,55.6328125,2.0,2.6667600062226366,4.605882352941176,0.0,0.0037860680906382,139.90625,2.0,0.0044844032506703,50.7421875,2.0
2026-05-29T10:34:32Z,3.400680136027206,39.9999999999999,0.0,0.0179597196779075,66.99609375,2.0,6.267235617192455,4.78869576468075,0.0,0.0084649405015698,199.46875,0.0,0.4000266702226964,24.25,0.0,0.0031237708018161,57.4296875,2.0,18.335066856318814,4.288354836844016,0.0,0.0094386807157553,89.0859375,2.0,0.4000133342222814,4.77777744854016,0.0,0.0050337752595122,82.5546875,3.0,0.4000266702226964,4.666660740213945,0.0,0.002470915046229,86.14453125,2.0,36.20350260508248,1.683941186447675,0.0,0.0120575771147079,50.3203125,2.0,4.333911188158421,4.886857104250982,0.0,0.0099341931859923,82.58984375,2.0,2.2668400180761483,0.4947917155426121,0.0,0.0033284181344551,55.6328125,2.0,3.467128950526737,4.611271375864964,0.0,0.0037860680906382,139.90625,2.0,0.0044844032506703,50.7421875,2.0
2026-05-29T10:34:37Z,3.400680136027206,39.9999999999999,0.0,0.0233556433620989,64.32421875,2.0,5.800355602969285,4.786325085043688,0.0,0.0075945557424682,199.46875,0.0,0.4000266702226964,24.25,0.0,0.0032784313725492,57.515625,2.0,17.334444592612346,4.286646393181489,0.0,0.0094386807157553,89.0859375,2.0,0.4000133342222814,4.77777744854016,0.0,0.0050427012305432,82.55859375,3.0,0.4000266702226964,4.666660740213945,0.0,0.002470915046229,86.14453125,2.0,36.20322701278128,1.7121742099842727,0.0,0.0120575771147079,50.3203125,2.0,4.333635595857226,4.884444423592579,0.0,0.008582594531074,82.58984375,2.0,2.2668400180761483,0.4947917155426121,0.0,0.0032737081952394,54.140625,2.0,3.467128950526737,4.611271375864964,0.0,0.0032291929276619,139.90625,2.0,0.0046501488095241,50.7421875,2.0
2026-05-29T10:34:42Z,2.3998400106659554,47.75000000000002,0.0,0.0233556433620989,64.32421875,2.0,5.800355602969285,4.786325085043688,0.0,0.0075945557424682,199.46875,0.0,0.4000266702226964,24.25,0.0,0.0032784313725492,57.515625,2.0,17.334444592612346,4.286646393181489,0.0,0.0091813513331676,89.1328125,2.0,0.2666666666666666,4.8,0.0,0.0050427012305432,82.55859375,3.0,0.2666622225184988,4.633337037119343,0.0,0.0025311861710133,86.17578125,2.0,30.135298039738636,1.6554638471923144,0.0,0.0115177737742392,50.92578125,2.0,4.333635595857226,4.884444423592579,0.0,0.010234314804622,82.73046875,2.0,1.8000977908165534,0.4935067534532113,0.0,0.0032737081952394,54.140625,2.0,3.467128950526737,4.611271375864964,0.0,0.0038522727272727,140.02734375,2.0,0.0046501488095241,50.7421875,2.0
2026-05-29T10:34:47Z,2.3998400106659554,47.75000000000002,0.0,0.0233556433620989,64.32421875,2.0,4.733200008888296,4.801716736559989,0.0,0.0074556954657457,200.578125,0.0,0.0,24.25,0.0,0.0032784313725492,57.515625,2.0,13.799635579850232,4.324107227719608,0.0,0.0091813513331676,89.1328125,2.0,0.0666666666666666,4.8,0.0,0.0041933033786894,82.55859375,3.0,0.0666622225184987,4.600008889086423,0.0,0.0025311861710133,86.17578125,2.0,26.199248938959627,1.4814808778747155,0.0,0.0115177737742392,50.92578125,2.0,3.8665466746661337,4.8826086956521735,0.0,0.010234314804622,82.73046875,2.0,0.9333155567406616,0.4873377673836534,0.0,0.003389338365373,54.140625,2.0,3.1998888962958025,4.621917808219177,0.0,0.0038522727272727,140.02734375,2.0,0.0045896375060423,50.4921875,2.0
2026-05-29T10:34:52Z,2.3998400106659554,47.75000000000002,0.0,0.0227730283970403,64.54296875,2.0,4.133484491263724,4.803433171016264,0.0,0.0074556954657457,200.578125,0.0,0.0,24.25,0.0,0.0029526117800393,57.5390625,2.0,12.000071164444762,4.353363296448983,0.0,0.0091813513331676,89.1328125,2.0,0.0666666666666666,4.8,0.0,0.0052515023710148,80.78125,3.0,0.0666622225184987,4.600008889086423,0.0,0.0025311861710133,86.17578125,2.0,26.19952453126082,1.521976469708708,0.0,0.0092981634879523,50.92578125,2.0,3.866822266967329,4.882162211512126,0.0,0.0101471613768427,82.640625,2.0,0.9333155567406616,0.4873377673836534,0.0,0.0033202109867489,54.13671875,2.0,3.1998888962958025,4.621917808219177,0.0,0.0039042235369924,140.02734375,2.0,0.0047207996597203,50.4921875,2.0
2026-05-29T10:34:57Z,2.8670489398586483,48.74999999999993,0.0,0.0227730283970403,64.54296875,2.0,4.133484491263724,4.803433171016264,0.0,0.0076519197797059,200.578125,0.0,0.0,24.25,0.0,0.0034275237596347,57.5390625,2.0,12.000071164444762,4.353363296448983,0.0,0.0093144367216906,89.1484375,2.0,0.1333511134817975,4.8,0.0,0.0052515023710148,80.78125,3.0,0.1333511134817975,4.56,0.0,0.0026337394124298,83.4453125,2.0,32.535418205973,1.5469816830954888,0.0,0.0121226961558728,50.48046875,2.0,3.866822266967329,4.882162211512126,0.0,0.010234324274185,82.640625,2.0,1.0667555709647805,0.48766663476374,0.0,0.0033554654248663,54.13671875,2.0,3.1998888962958025,4.621917808219177,0.0,0.0040460094805067,139.98046875,2.0,0.0047122564235215,50.7265625,2.0
2026-05-29T10:35:02Z,2.8670489398586483,48.74999999999993,0.0,0.0226514568325985,64.52734375,2.0,5.534017869049206,4.80256410548629,0.0,0.0076519197797059,200.578125,0.0,0.4000266702226964,24.25,0.0,0.0029571246863229,57.5390625,2.0,15.068151280020585,4.324175731352067,0.0,0.0093144367216906,89.1484375,2.0,0.3333511134817976,4.800000000000001,0.0,0.0052515023710148,80.78125,3.0,0.3333511134817976,4.599995555259239,0.0,0.0026337394124298,83.4453125,2.0,38.338382895497176,2.014442412170818,0.0,0.0121226961558728,50.48046875,2.0,4.600613415122016,4.901604094532882,0.0,0.010234324274185,82.640625,2.0,1.933537805040672,0.4881943426305887,0.0,0.0033554654248663,54.13671875,2.0,3.6004800640085346,4.617280095174363,0.0,0.0040460094805067,139.98046875,2.0,0.0047122564235215,50.7265625,2.0
2026-05-29T10:35:07Z,2.8670489398586483,48.74999999999993,0.0,0.0226514568325985,64.52734375,2.0,7.06731118074894,4.800836821017414,0.0,0.0077275747508305,199.01953125,0.0,0.4000266702226964,24.25,0.0,0.0033107579917174,57.546875,2.0,17.80104902875939,4.351860726540194,0.0,0.0097491872160014,85.6328125,2.0,0.3333511134817976,4.800000000000001,0.0,0.0053118932038828,80.78515625,3.0,0.3333511134817976,4.599995555259239,0.0,0.0026337394124298,83.4453125,2.0,38.80460509223227,1.9084970852706744,0.0,0.0128273394495425,50.5625,2.0,5.066835611857107,4.89895875025956,0.0,0.010234324274185,82.640625,2.0,1.933537805040672,0.4881943426305887,0.0,0.0026975705038975,54.13671875,2.0,3.6004800640085346,4.617280095174363,0.0,0.0039971489467712,139.98046875,2.0,0.0047122564235215,50.7265625,2.0
2026-05-29T10:35:12Z,3.4666666666666663,399.999999999999,0.0,0.0226514568325985,64.52734375,2.0,7.06731118074894,4.800836821017414,0.0,0.0077275747508305,199.01953125,0.0,0.4000266702226964,24.25,0.0,0.0033107579917174,57.546875,2.0,17.80104902875939,4.351860726540194,0.0,0.0095735278818132,85.6328125,2.0,0.3333333333333333,4.8,0.0,0.0053118932038828,80.78515625,3.0,0.4666666666666667,4.633337037119343,0.0,0.0027621390791639,83.453125,2.0,36.00204475085342,1.8020987709318248,0.0,0.0125515430225504,50.5625,2.0,5.066835611857107,4.89895875025956,0.0,0.0103871832305567,82.73046875,2.0,2.06676445748322,0.4880137481524778,0.0,0.0017885249999999,54.13671875,2.0,3.6004800640085346,4.617280095174363,0.0,0.0039971489467712,139.98046875,2.0,0.0037628887483476,50.7265625,2.0
2026-05-29T10:35:17Z,3.4666666666666663,399.999999999999,0.0,0.0199753821763245,64.26953125,2.0,7.20029780118722,4.800836204755454,0.0,0.0077275747508305,199.01953125,0.0,0.4000266702226964,24.25,0.0,0.0033107579917174,57.546875,2.0,18.86673778726052,4.356481164809919,0.0,0.0095735278818132,85.6328125,2.0,0.3333600035560297,4.8,0.0,0.0053325571978126,80.78125,3.0,0.466693336889363,4.633344444691364,0.0,0.0027621390791639,83.453125,2.0,35.26654223940745,1.643923516104577,0.0,0.0127410648887222,50.58203125,2.0,5.066497789036287,4.879166666666666,0.0,0.0103871832305567,82.73046875,2.0,2.0000533404453926,0.4878379920630321,0.0,0.0035321186047491,54.14453125,2.0,3.733333333333333,4.619996199835326,0.0,0.0041400813617385,139.98828125,2.0,0.0046520561889257,47.7890625,2.0
2026-05-29T10:35:22Z,3.4666666666666663,399.999999999999,0.0,0.024279619094729,64.26953125,2.0,6.666720007112059,4.799999380666108,0.0,0.0077275747508305,199.01953125,0.0,0.4000266702226964,24.25,0.0,0.0033394299938822,57.57421875,2.0,18.067866826688004,4.36288726535055,0.0,0.0096154097729879,85.73828125,2.0,0.3333600035560297,4.8,0.0,0.005364058405091,80.78125,3.0,0.466693336889363,4.633344444691364,0.0,0.0027621390791639,83.453125,2.0,35.067177877056494,1.7032216251149208,0.0,0.0127410648887222,50.58203125,2.0,4.867133426685337,4.876767625069434,0.0,0.0103871832305567,82.73046875,2.0,2.0000533404453926,0.4878379920630321,0.0,0.0035321186047491,54.14453125,2.0,3.733333333333333,4.619996199835326,0.0,0.004363087929101,139.98828125,2.0,0.0046520561889257,47.7890625,2.0
2026-05-29T10:35:27Z,2.7336978263768503,41.99999999999992,0.0,0.024279619094729,64.26953125,2.0,6.666720007112059,4.799999380666108,0.0,0.0078039353478566,199.78125,0.0,0.4000266702226964,24.25,0.0,0.0033394299938822,57.57421875,2.0,18.067866826688004,4.36288726535055,0.0,0.0100046220772156,85.73828125,2.0,0.3333777837044939,4.8,0.0,0.005364058405091,80.78125,3.0,0.2667022269635951,4.6,0.0,0.002880078294911,83.671875,2.0,33.602502587017824,1.6394912852213506,0.0,0.0137779919678732,50.58203125,2.0,4.867133426685337,4.876767625069434,0.0,0.0089247693328598,82.73046875,2.0,1.866773344001185,0.4875000036616734,0.0,0.0036759133777694,54.14453125,2.0,3.733333333333333,4.619996199835326,0.0,0.004363087929101,139.98828125,2.0,0.0047541538957897,47.7890625,2.0
2026-05-29T10:35:32Z,2.7336978263768503,41.99999999999992,0.0,0.0200482210336087,64.26953125,2.0,5.133582255411833,4.785542285026974,0.0,0.0078039353478566,199.78125,0.0,0.1333422234075654,24.25,0.0,0.0033394299938822,57.57421875,2.0,15.935440280926343,4.329036617589033,0.0,0.0100046220772156,85.73828125,2.0,0.2000177801484642,4.8,0.0,0.0045897118738294,80.78125,3.0,0.1333422234075654,4.6285638088465,0.0,0.002880078294911,83.671875,2.0,26.60369385696493,1.5431831313714914,0.0,0.0116529663400282,50.58203125,2.0,3.800662341651777,4.877157360406091,0.0,0.0103441795755637,82.7890625,2.0,1.333440010667852,0.4810125026177022,0.0,0.0034825539672999,54.13671875,2.0,3.000400053340446,4.5948717948717945,0.0,0.004363087929101,139.98828125,2.0,0.0046221727360049,47.78515625,2.0
2026-05-29T10:35:37Z,2.7336978263768503,41.99999999999992,0.0,0.0233363984849175,64.55078125,2.0,4.33373782133845,4.783132849706896,0.0,0.0078039353478566,199.78125,0.0,0.1333422234075654,24.25,0.0,0.0036641272549972,57.57421875,2.0,14.801466829649188,4.281695387383602,0.0,0.0096451446280997,85.828125,2.0,0.2000177801484642,4.8,0.0,0.0033180999999999,80.78125,3.0,0.1333422234075654,4.6285638088465,0.0,0.002880078294911,83.671875,2.0,25.9364493265754,1.626632788897255,0.0,0.0105048003427055,50.58203125,2.0,3.133417811262243,4.878350542389998,0.0,0.0103441795755637,82.7890625,2.0,1.333440010667852,0.4810125026177022,0.0,0.0036059985332424,54.13671875,2.0,3.000400053340446,4.5948717948717945,0.0,0.0041281402921538,139.9921875,2.0,0.0046221727360049,47.78515625,2.0
2026-05-29T10:35:42Z,2.333333333333333,549.999999999998,0.0,0.0233363984849175,64.55078125,2.0,4.33373782133845,4.783132849706896,0.0,0.0078039353478566,100.7734375,0.0,0.1333422234075654,24.25,0.0,0.00350613193839,54.890625,2.0,14.801466829649188,4.281695387383602,0.0,0.0097831501831514,85.828125,2.0,0.1333288891851654,4.783333549389518,0.0,0.0036441488523355,80.78125,3.0,0.0666666666666666,4.6285676187936335,0.0,0.0027137622238117,83.89453125,2.0,24.266906897795323,1.6296105117749908,0.0,0.0120773923944821,50.5625,2.0,3.133417811262243,4.878350542389998,0.0,0.0103152022902378,82.59765625,2.0,1.2000533404453928,0.4871793067272683,0.0,0.0036059985332424,54.13671875,2.0,3.000400053340446,4.5948717948717945,0.0,0.0040372982793628,139.9921875,2.0,0.0046221727360049,47.78515625,2.0
2026-05-29T10:35:47Z,2.333333333333333,549.999999999998,0.0,0.0233363984849175,64.55078125,2.0,4.266822232593284,4.782683982683983,0.0,0.0070684272506326,101.3125,0.0,0.0,24.25,0.0,0.00350613193839,54.890625,2.0,13.86715558815032,4.296645543609038,0.0,0.0097831501831514,85.828125,2.0,0.0666622225184987,4.777777997264103,0.0,0.0053515108028387,80.78125,3.0,0.0,4.49999333288886,0.0,0.0027137622238117,83.89453125,2.0,24.66567117747706,1.4734402919241454,0.0,0.0120773923944821,50.5625,2.0,3.133222229629136,4.8626371841772364,0.0,0.0103152022902378,82.59765625,2.0,1.1333333333333333,0.4953572441078119,0.0,0.0035284607438013,54.13671875,2.0,2.533333333333333,4.611267605633802,0.0,0.0040372982793628,139.9921875,2.0,0.0044912416587233,47.7890625,2.0
2026-05-29T10:35:52Z,2.333333333333333,549.999999999998,0.0,0.0207332446165009,64.140625,2.0,3.6001111185190124,4.790521327014218,0.0,0.0070684272506326,101.3125,0.0,0.0,24.25,0.0,0.0034287274415049,54.890625,2.0,13.333333333333332,4.310339750922527,0.0,0.0082482554456665,85.828125,2.0,0.0666622225184987,4.777777997264103,0.0,0.0053689846372983,80.78125,3.0,0.0,4.49999333288886,0.0,0.0027137622238117,83.89453125,2.0,24.265951192591665,1.562567443844133,0.0,0.0120773923944821,50.5625,2.0,2.733502244743744,4.822891063658879,0.0,0.008080144181712,82.59765625,2.0,1.1333333333333333,0.4953572441078119,0.0,0.0025564417400822,54.13671875,2.0,2.533333333333333,4.611267605633802,0.0,0.0038621776149257,139.99609375,2.0,0.0044912416587233,47.7890625,2.0
2026-05-29T10:35:57Z,2.000266702226964,750.000000000005,0.0,0.0207332446165009,64.140625,2.0,3.6001111185190124,4.790521327014218,0.0,0.0070684272506326,101.3125,0.0,0.0,24.25,0.0,0.0031414244662588,54.890625,2.0,13.333333333333332,4.310339750922527,0.0,0.0090789040661363,85.9296875,2.0,0.0,4.76666567893918,0.0,0.005253013962541,80.78125,3.0,0.0,4.599991110320918,0.0,0.0025492603298759,83.89453125,2.0,23.66852469218118,1.9051258321772404,0.0,0.0110252843195921,50.8984375,2.0,2.733502244743744,4.822891063658879,0.0,0.0095246363975381,82.59765625,2.0,0.9333955638529582,1.8500016667592576,0.0,0.0032112908453396,54.13671875,2.0,2.533333333333333,4.611267605633802,0.0,0.0035696396347135,139.99609375,2.0,0.0036158611730744,47.7890625,2.0
2026-05-29T10:36:02Z,2.000266702226964,750.000000000005,0.0,0.0184819834530823,64.140625,2.0,3.933746714376238,4.789637530030804,0.0,0.0070684272506326,101.3125,0.0,0.0,24.25,0.0,0.0031414244662588,54.890625,2.0,14.00096012801707,4.285869260542395,0.0,0.0090789040661363,85.9296875,2.0,0.0,4.733332345620481,0.0,0.005253013962541,80.78125,3.0,0.0,3.999964441283668,0.0,0.0027654028436018,84.29296875,2.0,25.470062675023332,1.850032641092438,0.0,0.0110252843195921,50.8984375,2.0,3.0670756100813445,4.8,0.0,0.0095246363975381,82.59765625,2.0,1.0668089078543803,2.250007222685212,0.0,0.0032112908453396,54.13671875,2.0,2.866955587855744,4.605974137545006,0.0,0.0035696396347135,139.99609375,2.0,0.0042878995284964,48.03515625,2.0
2026-05-29T10:36:07Z,2.000266702226964,750.000000000005,0.0,0.0184819834530823,64.140625,2.0,4.533635595857225,4.791208993022739,0.0,0.0059017976149506,103.2421875,0.0,0.0,24.25,0.0,0.0028812567968726,54.890625,2.0,13.801400157352358,4.296185621169657,0.0,0.0084865548343607,85.97265625,2.0,0.0,4.733332345620481,0.0,0.0051968077800058,80.78125,3.0,0.0,3.999964441283668,0.0,0.0027654028436018,84.29296875,2.0,26.20322709694626,1.7942745588497184,0.0,0.0100699365715582,50.859375,2.0,3.8002400320042673,4.8,0.0,0.0094254513158856,82.59765625,2.0,1.0668089078543803,2.250007222685212,0.0,0.002576726393922,54.13671875,2.0,2.866955587855744,4.605974137545006,0.0,0.0036330235618241,140.15234375,2.0,0.0042878995284964,48.03515625,2.0
2026-05-29T10:36:12Z,2.6664889007399504,1237.4999999999989,0.0,0.0195168958242422,64.2890625,2.0,4.533635595857225,4.791208993022739,0.0,0.0071922708039492,103.2421875,0.0,0.0,24.25,0.0,0.0028054873921137,54.890625,2.0,13.801400157352358,4.296185621169657,0.0,0.0084865548343607,85.97265625,2.0,0.0,4.6,0.0,0.0051968077800058,80.78125,3.0,0.0,4.6,0.0,0.002743937578916,84.29296875,2.0,25.668204649508823,2.035177341430874,0.0,0.0100699365715582,50.859375,2.0,3.8002400320042673,4.8,0.0,0.0079613753502429,82.59765625,2.0,1.0667466773347558,2.600002222370379,0.0,0.0032499278205194,53.88671875,2.0,2.866955587855744,4.605974137545006,0.0,0.0036330235618241,140.15234375,2.0,0.0042878995284964,48.03515625,2.0
2026-05-29T10:36:17Z,2.6664889007399504,1237.4999999999989,0.0,0.0193171483182623,64.2890625,2.0,4.333195564740128,4.789999908638885,0.0,0.0071922708039492,103.2421875,0.0,0.0,0.0,0.0,0.0028054873921137,54.890625,2.0,12.266728943407683,4.3271685069193655,0.0,0.0084865548343607,85.97265625,2.0,0.0,0.475,0.0,0.003711674485424,80.78125,3.0,0.0,0.475,0.0,0.0025242247852333,84.59375,2.0,25.19926227140413,2.16666666666666,0.0,0.0071206873447428,50.859375,2.0,3.733217785480968,4.826388888888888,0.0,0.009335024154591,82.59765625,2.0,0.933302224296158,2.6999999999999997,0.0,0.0033283194185698,53.88671875,2.0,2.799906672888474,4.623529411764705,0.0,0.0036975891692532,140.38671875,2.0,0.0042911812601776,47.7890625,2.0
2026-05-29T10:36:22Z,2.6664889007399504,1237.4999999999989,0.0,0.0194962897829637,64.62890625,2.0,4.266822270523122,4.791061293543728,0.0,0.0096514211428233,102.02734375,0.0,0.0,0.0,0.0,0.0021166175464552,54.890625,2.0,12.000044497777974,4.389633273691711,0.0,0.008226528040327,86.21484375,2.0,0.0,0.475,0.0,0.0041474551301616,80.78125,3.0,0.0,0.475,0.0,0.0025242247852333,84.59375,2.0,25.066177860149292,2.19243996192131,0.0,0.0086571237424093,50.87109375,2.0,3.600133374226134,4.851700691996273,0.0,0.0075472114452509,82.59765625,2.0,0.933302224296158,2.6999999999999997,0.0,0.0033283194185698,53.88671875,2.0,2.799906672888474,4.623529411764705,0.0,0.0036975891692532,140.38671875,2.0,0.0042911812601776,47.7890625,2.0
2026-05-29T10:36:27Z,2.3336444859314573,1250.0,0.0,0.0194962897829637,64.62890625,2.0,4.266822270523122,4.791061293543728,0.0,0.0110801539777587,102.02734375,0.0,0.0,0.0,0.0,0.0025231954486189,54.890625,2.0,12.000044497777974,4.389633273691711,0.0,0.008226528040327,86.21484375,2.0,0.0666666666666666,4.800000000000001,0.0,0.0044594091077104,80.78125,3.0,0.0666711114074271,0.475,0.0,0.0026343778772583,84.59375,2.0,26.80136032892291,2.1012206432773923,0.0,0.0095754825668599,50.87109375,2.0,3.600133374226134,4.851700691996273,0.0,0.0095738089360666,82.59765625,2.0,1.4000933520020744,1.7999599973331488,0.0,0.0033193707016352,53.890625,2.0,2.799906672888474,4.623529411764705,0.0,0.0036975891692532,140.38671875,2.0,0.0042911812601776,47.7890625,2.0
2026-05-29T10:36:32Z,2.3336444859314573,1250.0,0.0,0.0194962897829637,64.62890625,2.0,4.934106801802197,4.791351427065349,0.0,0.0110801539777587,102.02734375,0.0,0.3333600053344002,24.25,0.0,0.0025231954486189,54.890625,2.0,14.335222543764258,4.363165973961918,0.0,0.0084861808371899,86.421875,2.0,0.2,4.8,0.0,0.0051718784652915,80.78125,3.0,0.2666711114074271,4.800000000000001,0.0,0.0026831227768922,84.296875,2.0,30.4049386256324,2.146988112460509,0.0,0.0110203058934073,50.87109375,2.0,4.00067567409557,4.85,0.0,0.0095431197140906,82.59765625,2.0,2.000271157045117,1.333339259654335,0.0,0.0032978264917929,53.890625,2.0,2.800466747570077,4.621215913938956,0.0,0.0036975891692532,140.38671875,2.0,0.0043746720778482,47.79296875,2.0
2026-05-29T10:36:37Z,2.3336444859314573,1250.0,0.0,0.0209949354351858,64.62890625,2.0,5.533813429352537,4.785714557841127,0.0,0.0099145488657683,102.4609375,0.0,0.3333600053344002,24.25,0.0,0.0021411345955643,54.890625,2.0,16.268133626725344,4.347700719106904,0.0,0.0066740660015637,86.421875,2.0,0.2,4.8,0.0,0.0051961277298588,80.7734375,3.0,0.2666711114074271,4.800000000000001,0.0,0.0026831227768922,84.296875,2.0,30.671214157479195,1.9771887209547776,0.0,0.0089910390109796,50.87109375,2.0,4.266951205942364,4.846913618861091,0.0,0.0095431197140906,82.59765625,2.0,2.000271157045117,1.333339259654335,0.0,0.0032978264917929,53.890625,2.0,2.800466747570077,4.621215913938956,0.0,0.003778506480514,140.5078125,2.0,0.0043746720778482,47.79296875,2.0
2026-05-29T10:36:42Z,3.0666666666666664,41.87499999999987,0.0082644628099173,0.0221372766429266,60.59765625,2.0,5.533813429352537,4.785714557841127,0.0,0.0099145488657683,102.4609375,0.0,0.3333600053344002,24.25,0.0,0.0029952297954317,55.13671875,2.0,16.268133626725344,4.347700719106904,0.0,0.0082919097203304,86.421875,2.0,0.2666755561481876,4.8,0.0,0.0051961277298588,80.7734375,3.0,0.4,4.666670617430276,0.0,0.0024484074877093,84.296875,2.0,35.60269835537225,1.9814204636661945,0.0,0.011982777054669,50.80859375,2.0,4.266951205942364,4.846913618861091,0.0,0.0099586215570375,82.74609375,2.0,1.9334222554130185,0.4898443272931397,0.0,0.0032978264917929,53.890625,2.0,2.800466747570077,4.621215913938956,0.0,0.003778506480514,140.5078125,2.0,0.0043746720778482,47.79296875,2.0
2026-05-29T10:36:47Z,3.0666666666666664,41.87499999999987,0.0082644628099173,0.0221372766429266,60.59765625,2.0,5.466515569184751,4.786792332578253,0.0,0.0101484597074252,102.9296875,0.0,0.2000000017778963,24.25,0.0,0.0029952297954317,55.13671875,2.0,16.666173375109512,4.34901526617112,0.0,0.0069957920987126,86.421875,2.0,0.2000177795557531,4.8,0.0,0.0052866051499194,80.7734375,3.0,0.2666755567408987,4.7200028445329405,0.0,0.0026819775024458,84.328125,2.0,35.0656356314033,2.0467846667693226,0.0,0.011982777054669,50.80859375,2.0,4.133057796146924,4.8439306358381495,0.0,0.0099586215570375,82.74609375,2.0,1.733244453925768,0.4953570523753224,0.0,0.001386366666666,53.890625,2.0,2.7998133457769483,4.6231884057971016,0.0,0.003778506480514,140.5078125,2.0,0.0036498106515245,47.79296875,2.0
2026-05-29T10:36:52Z,3.0666666666666664,41.87499999999987,0.0082644628099173,0.0192723128160857,60.6796875,2.0,6.000071139556109,4.785840443771587,0.0,0.0101484597074252,102.9296875,0.0,0.2000000017778963,24.25,0.0,0.0029952297954317,55.13671875,2.0,19.13427134372755,4.330722799942544,0.0,0.0063047996220184,86.421875,2.0,0.2000177795557531,4.8,0.0,0.0052866051499194,80.7734375,3.0,0.2666755567408987,4.7200028445329405,0.0,0.0026819775024458,84.328125,2.0,35.266088996742795,1.9543350039868868,0.0,0.0124694641589793,50.9453125,2.0,4.33351116148642,4.840860185762006,0.0,0.0099586215570375,82.74609375,2.0,1.733244453925768,0.4953570523753224,0.0,0.001386366666666,53.890625,2.0,2.7998133457769483,4.6231884057971016,0.0,0.0037613998845584,140.5078125,2.0,0.0045113071909117,47.83984375,2.0
2026-05-29T10:36:57Z,3.000200013334222,40.41666666666669,0.0079365079365079,0.0235752553196673,60.6796875,2.0,6.000071139556109,4.785840443771587,0.0,0.0101484597074252,102.9296875,0.0,0.2000000017778963,24.25,0.0,0.003806265038963,54.7890625,2.0,19.13427134372755,4.330722799942544,0.0,0.0059583131615852,86.421875,2.0,0.2666888909631802,4.8,0.0,0.0054499580654174,80.66015625,3.0,0.2667155647424991,4.633330863996325,0.0,0.0026819775024458,84.328125,2.0,36.00202712182614,1.670378305583327,0.0,0.013235212277994,50.9453125,2.0,4.33351116148642,4.840860185762006,0.0,0.0102632767086169,82.74609375,2.0,2.20014669600326,0.4928119755013103,0.0,0.001386366666666,53.890625,2.0,2.7998133457769483,4.6231884057971016,0.0,0.0038167496530896,140.55859375,2.0,0.0045113071909117,47.83984375,2.0
2026-05-29T10:37:02Z,3.000200013334222,40.41666666666669,0.0079365079365079,0.0235752553196673,60.6796875,2.0,6.800631180452702,4.787551987751469,0.0,0.0097232443229604,103.1171875,0.0,0.4000266702226964,24.25,0.0,0.003806265038963,54.7890625,2.0,22.06950260034672,4.368244564266086,0.0,0.0101784610132185,86.62890625,2.0,0.4000133342222814,4.8,0.0,0.0054499580654174,80.66015625,3.0,0.4000400080016003,4.688885047707473,0.0,0.0029547205594741,84.328125,2.0,38.47171622883051,1.8104126723262224,0.0,0.013235212277994,50.9453125,2.0,4.667288971862916,4.819587408964865,0.0,0.0103689017598567,82.765625,2.0,2.400266702226964,1.3599992897533892,0.0,0.0035270700982196,53.8984375,2.0,3.8671822909721296,4.637841089419936,0.0,0.0038167496530896,140.55859375,2.0,0.0045986657642853,47.83984375,2.0
2026-05-29T10:37:07Z,3.000200013334222,40.41666666666669,0.0079365079365079,0.0199029508958868,60.6796875,2.0,6.267075610081344,4.786290773452103,0.0,0.0076616770052451,103.1171875,0.0,0.4000266702226964,24.25,0.0,0.0035941961913576,54.79296875,2.0,20.13473796506201,4.310266536694475,0.0,0.0109758375527977,86.62890625,2.0,0.4000133342222814,4.8,0.0,0.0054499580654174,80.66015625,3.0,0.4000400080016003,4.688885047707473,0.0,0.0023475008618309,84.328125,2.0,37.87140507623239,1.9030099779291685,0.0,0.0130499801387969,50.9453125,2.0,4.066977819264791,4.8,0.0,0.0105598303016197,82.765625,2.0,2.400266702226964,1.3599992897533892,0.0,0.0035270700982196,53.8984375,2.0,3.8671822909721296,4.637841089419936,0.0,0.003808674685283,140.55859375,2.0,0.0045797931250659,48.2109375,2.0
2026-05-29T10:37:12Z,2.933528901926795,43.21428571428567,0.0074074074074074,0.0237555631051466,60.734375,2.0,6.267075610081344,4.786290773452103,0.0,0.0076616770052451,103.1171875,0.0,0.4000266702226964,24.25,0.0,0.0039243989334288,54.79296875,2.0,20.13473796506201,4.310266536694475,0.0,0.0104083368944485,86.6796875,2.0,0.2666711114074271,4.8,0.0,0.0045933154901682,80.66015625,3.0,0.2666666666666666,4.688886968331378,0.0,0.0021012741485413,84.328125,2.0,31.3346003422563,1.9333921011797977,0.0,0.0130499801387969,50.9453125,2.0,4.066977819264791,4.8,0.0,0.0105598303016197,82.765625,2.0,1.7334222340756549,1.4800752021310333,0.0,0.0036171655613312,53.8984375,2.0,3.8671822909721296,4.637841089419936,0.0,0.0037746126837395,140.5625,2.0,0.0045797931250659,48.2109375,2.0
2026-05-29T10:37:17Z,2.933528901926795,43.21428571428567,0.0074074074074074,0.0237555631051466,60.734375,2.0,5.466675556148188,4.801606422548536,0.0,0.0062709336517402,103.1171875,0.0,0.1333377780740938,24.25,0.0,0.0039243989334288,54.79296875,2.0,16.800017778963042,4.2991403463940125,0.0,0.0104083368944485,86.6796875,2.0,0.1333422228148543,4.8,0.0,0.0056663588263589,80.66015625,3.0,0.1333377780740938,4.675000000000001,0.0,0.0028584416786193,84.3671875,2.0,27.66581339199621,1.8319130022379653,0.0,0.0130499801387969,50.9453125,2.0,3.666666666666667,4.819587628865979,0.0,0.0101006223858774,83.02734375,2.0,1.400008889481521,0.4984571955744867,0.0,0.0035695224037136,53.88671875,2.0,2.8000844500744497,4.623996683712322,0.0,0.0030705700674645,140.5625,2.0,0.00459533808732,48.2109375,2.0
2026-05-29T10:37:22Z,2.933528901926795,43.21428571428567,0.0074074074074074,0.0235418651917527,60.734375,2.0,5.26702226904324,4.81935457739632,0.0,0.0074583314106409,103.53125,0.0,0.1333377780740938,24.25,0.0,0.003537641541805,54.796875,2.0,16.000551147854303,4.308465131450954,0.0,0.0107368905243773,86.74609375,2.0,0.1333422228148543,4.8,0.0,0.0056663588263589,80.66015625,3.0,0.1333377780740938,4.675000000000001,0.0,0.0028584416786193,84.3671875,2.0,27.99928451229312,1.908349973956826,0.0,0.0105170600541551,50.9453125,2.0,4.000137786963576,4.881721377208821,0.0,0.0101006223858774,83.02734375,2.0,1.400008889481521,0.4984571955744867,0.0,0.0035695224037136,53.88671875,2.0,2.8000844500744497,4.623996683712322,0.0,0.0038162888002335,140.5625,2.0,0.00459533808732,48.2109375,2.0
2026-05-29T10:37:27Z,2.8001866791119405,549.999999999999,0.0,0.0228625008268469,61.17578125,2.0,5.26702226904324,4.81935457739632,0.0,0.0074583314106409,103.53125,0.0,0.1333377780740938,24.25,0.0,0.003537641541805,54.796875,2.0,16.000551147854303,4.308465131450954,0.0,0.0107368905243773,86.74609375,2.0,0.0666711114074271,4.8,0.0,0.0058123259601742,80.66015625,3.0,0.0666711114074271,4.685714285714285,0.0,0.0028584416786193,84.3671875,2.0,29.13442673956041,1.6908951423031489,0.0,0.0123658186397972,50.9453125,2.0,4.000137786963576,4.881721377208821,0.0,0.009891246138001,83.02734375,2.0,1.2000711200011458,1.1499444393822529,0.0,0.0022211301129739,53.88671875,2.0,2.8000844500744497,4.623996683712322,0.0,0.0041474538893343,140.56640625,2.0,0.0045118281519079,48.14453125,2.0
2026-05-29T10:37:32Z,2.8001866791119405,549.999999999999,0.0,0.0228625008268469,61.17578125,2.0,4.733964528603814,4.820168237502644,0.0,0.0074583314106409,103.53125,0.0,0.0,24.25,0.0,0.0033822921900294,54.796875,2.0,14.734764599722038,4.3022074045944905,0.0,0.006450453416659,86.74609375,2.0,0.0,4.8,0.0,0.0058123259601742,80.66015625,3.0,0.0,4.6399943107824,0.0,0.0026849993926876,84.31640625,2.0,27.002520264030405,1.7294731469788722,0.0,0.0106971888123415,50.9453125,2.0,3.733693372152712,4.928813599756315,0.0,0.009891246138001,83.02734375,2.0,0.8001066808907855,0.4893930670093026,0.0,0.0025112122758562,53.88671875,2.0,3.4668800284482377,4.63544606334111,0.0,0.0041474538893343,140.56640625,2.0,0.0044459629710778,48.14453125,2.0
2026-05-29T10:37:37Z,2.8001866791119405,549.999999999999,0.0,0.0223476381329088,60.80078125,2.0,4.400284482375428,4.82477897235043,0.0,0.0073020797611603,105.328125,0.0,0.0,24.25,0.0,0.0033822921900294,54.796875,2.0,13.53423123083078,4.30456024295005,0.0,0.0056985749999995,86.74609375,2.0,0.0,4.8,0.0,0.005354978914962,80.66015625,3.0,0.0,4.6399943107824,0.0,0.0026849993926876,84.31640625,2.0,26.40248026136356,1.8299306729471352,0.0,0.0117818633368974,50.9921875,2.0,3.1336533694858675,4.937349287262293,0.0,0.0074544140113277,83.02734375,2.0,0.8001066808907855,0.4893930670093026,0.0,0.0020900999999999,53.88671875,2.0,3.4668800284482377,4.63544606334111,0.0,0.0042509691356198,140.56640625,2.0,0.0044459629710778,48.14453125,2.0
2026-05-29T10:37:42Z,2.0,724.9999999999985,0.0,0.0213061561829859,60.80078125,2.0,4.400284482375428,4.82477897235043,0.0,0.0073020797611603,105.328125,0.0,0.0,24.25,0.0,0.00271563345792,54.796875,2.0,13.53423123083078,4.30456024295005,0.0,0.0076327183476655,86.83984375,2.0,0.0666666666666666,4.8,0.0,0.005354978914962,80.66015625,3.0,0.0666711114074271,4.699999999999999,0.0,0.0026849993926876,84.31640625,2.0,24.26900469632589,2.086429194867782,0.0,0.0111074676342784,50.9921875,2.0,3.1336533694858675,4.937349287262293,0.0,0.0059806636065561,83.02734375,2.0,0.8000444503711606,0.4916660103713747,0.0,0.0024797093529672,53.88671875,2.0,3.4668800284482377,4.63544606334111,0.0,0.0042509691356198,140.56640625,2.0,0.0044459629710778,48.14453125,2.0
2026-05-29T10:37:47Z,2.0,724.9999999999985,0.0,0.0213061561829859,60.80078125,2.0,4.466684446815131,4.827184454288558,0.0,0.0068823381415632,105.328125,0.0,0.1333422234075654,24.25,0.0,0.0027808933093552,54.796875,2.0,14.866702226963596,4.243528682969856,0.0,0.0090842863736613,86.83984375,2.0,0.1333422234075654,4.8,0.0,0.005353277711562,80.66015625,3.0,0.1333466681483259,4.600008889086424,0.0,0.0012800333333331,84.31640625,2.0,24.667591174522983,1.9454878192265916,0.0,0.0111074676342784,50.9921875,2.0,3.133431117630064,4.949999999999999,0.0,0.009046328173093,82.8203125,2.0,1.1333511134817975,0.475,0.0,0.003408465911595,53.890625,2.0,2.7333333333333334,4.619447943329481,0.0,0.0041581848625667,140.578125,2.0,0.004359936266266,48.28125,2.0
2026-05-29T10:37:52Z,2.0,724.9999999999985,0.0,0.0142578749999984,60.80078125,2.0,4.533662266079922,4.831526951870349,0.0,0.0068823381415632,105.328125,0.0,0.1333422234075654,24.25,0.0,0.0027808933093552,54.796875,2.0,16.20166255236201,4.252962090375429,0.0,0.0092601024134659,87.19140625,2.0,0.1333422234075654,4.8,0.0,0.005353277711562,80.66015625,3.0,0.1333466681483259,4.600008889086424,0.0,0.0012800333333331,84.31640625,2.0,25.2009600657824,1.6486176575536695,0.0,0.0110453674260561,50.9921875,2.0,3.6668000088894814,4.953020077170552,0.0,0.009046328173093,82.8203125,2.0,1.1333511134817975,0.475,0.0,0.003408465911595,53.890625,2.0,2.7333333333333334,4.619447943329481,0.0,0.0041581848625667,140.578125,2.0,0.0042814241408007,48.28125,2.0
2026-05-29T10:37:57Z,2.5336711561541536,849.9999999999965,0.0,0.0201527744571702,60.6171875,2.0,4.533662266079922,4.831526951870349,0.0,0.0053756796167393,105.328125,0.0,0.1333422234075654,24.25,0.0,0.0027567548007333,54.796875,2.0,16.20166255236201,4.252962090375429,0.0,0.0092601024134659,87.19140625,2.0,0.0666755567408987,4.800000000000001,0.0,0.0042504291760236,80.66015625,3.0,0.0666755567408987,4.600004444641984,0.0,0.0028604417670679,83.97265625,2.0,25.735164679734485,1.608508953355737,0.0,0.0110453674260561,50.9921875,2.0,3.6668000088894814,4.953020077170552,0.0,0.009046328173093,82.8203125,2.0,1.2000533380745482,0.475,0.0,0.003408465911595,53.890625,2.0,2.7333333333333334,4.619447943329481,0.0,0.0043370564190685,140.578125,2.0,0.0042814241408007,48.28125,2.0
2026-05-29T10:38:02Z,2.5336711561541536,849.9999999999965,0.0,0.0201527744571702,60.6171875,2.0,4.4004489395617,4.812935469265305,0.0,0.0065462969957946,105.11328125,0.0,0.0,24.25,0.0,0.0027567548007333,54.796875,2.0,13.935347017844578,4.279138921181447,0.0,0.0094298873551435,87.19140625,2.0,0.0,4.799999999999999,0.0,0.0055271845932134,80.59765625,3.0,0.0,4.399999999999999,0.0,0.0028604417670679,83.97265625,2.0,25.335858057514987,1.6903749798674537,0.0,0.0106012836008909,51.03125,2.0,3.733582238815921,4.925000000000001,0.0,0.0094274707645556,83.046875,2.0,0.8000533368891258,0.4857954654504496,0.0,0.0032610539067233,53.890625,2.0,3.26699114696725,4.633769582433821,0.0,0.0043370564190685,140.578125,2.0,0.004303393504435,48.34375,2.0
2026-05-29T10:38:07Z,2.5336711561541536,849.9999999999965,0.0,0.0202424584155613,60.625,2.0,3.800137786963576,4.795811566084222,0.0,0.0065462969957946,105.11328125,0.0,0.0,24.25,0.0,0.0026575497131267,54.80078125,2.0,11.33335116148156,4.295657436715263,0.0,0.0074874615306416,87.19140625,2.0,0.0,4.799999999999999,0.0,0.0055271845932134,80.59765625,3.0,0.0,4.399999999999999,0.0,0.0028604417670679,83.97265625,2.0,25.269058048625507,1.701324445701209,0.0,0.0102294543213817,51.03125,2.0,3.666782229926439,4.850331688797405,0.0,0.0094274707645556,83.046875,2.0,0.8000533368891258,0.4857954654504496,0.0,0.0032610539067233,53.890625,2.0,3.26699114696725,4.633769582433821,0.0,0.0041947194138159,140.703125,2.0,0.004271007866413,48.34375,2.0
2026-05-29T10:38:12Z,2.7998133457769487,48.7499999999998,0.0,0.0197642953733223,60.625,2.0,3.800137786963576,4.795811566084222,0.0,0.0067818233564177,105.36328125,0.0,0.0,24.25,0.0,0.0026575497131267,54.80078125,2.0,11.33335116148156,4.295657436715263,0.0,0.0090883981337492,87.359375,2.0,0.1333244450369975,4.8,0.0,0.0055271845932134,80.59765625,3.0,0.2,4.399999999999999,0.0,0.0027917389918167,83.94921875,2.0,29.934053381336533,1.8974271396127824,0.0,0.0102294543213817,51.03125,2.0,3.666782229926439,4.850331688797405,0.0,0.0094274707645556,83.046875,2.0,1.000017778963042,0.4860467970814571,0.0,0.0032610539067233,53.890625,2.0,3.26699114696725,4.633769582433821,0.0,0.0039479390324716,140.703125,2.0,0.004271007866413,48.34375,2.0
2026-05-29T10:38:17Z,2.7998133457769487,48.7499999999998,0.0,0.0197642953733223,60.625,2.0,5.133368891259417,4.796019860893454,0.0,0.0067818233564177,105.36328125,0.0,0.5333511122963752,24.25,0.0,0.0026575497131267,54.80078125,2.0,15.333026695406046,4.314866894978455,0.0,0.0090883981337492,87.359375,2.0,0.4000088906667061,4.799999999999999,0.0,0.0049055961197136,80.59765625,3.0,0.4666844456297086,4.720001777856794,0.0,0.0028254017158837,83.94921875,2.0,36.46671111407427,1.878964680634948,0.0,0.0102294543213817,51.03125,2.0,4.466666666666667,4.824050375821406,0.0,0.0076668400389845,83.046875,2.0,2.000035557926084,0.4929243779826162,0.0,0.0022099143195315,53.88671875,2.0,3.5334533413338667,4.626308796111099,0.0,0.0039479390324716,140.703125,2.0,0.004271007866413,48.34375,2.0
2026-05-29T10:38:22Z,2.7998133457769487,48.75000000000004,0.0,0.0165077983056445,60.625,2.0,6.667137838230125,4.791044469178527,0.0,0.0068798696816587,105.36328125,0.0,0.5333511122963752,24.25,0.0,0.0033056019529747,54.8046875,2.0,19.53469351054187,4.298004479765491,0.0,0.0095550246561914,87.359375,2.0,0.4000088906667061,4.799999999999999,0.0,0.0058900726850868,80.59765625,3.0,0.4666844456297086,4.720001777856794,0.0,0.0028254017158837,83.94921875,2.0,36.40029336948611,1.966630932853592,0.0,0.0114348041534328,50.99609375,2.0,4.400248922078499,4.84550896386787,0.0,0.0085569203230667,83.046875,2.0,2.000035557926084,0.4929243779826162,0.0,0.0024770767653754,53.88671875,2.0,3.5334533413338667,4.6263087961111,0.0,0.0039479390324716,140.703125,2.0,0.0033007238584945,48.34375,2.0
2026-05-29T10:38:27Z,2.400480096019204,47.2916666666666,0.0,0.0208049271412102,60.62109375,2.0,6.667137838230125,4.791044469178527,0.0,0.0066744803184431,105.14453125,0.0,0.5333511122963752,24.25,0.0,0.0033056019529747,54.8046875,2.0,19.53469351054187,4.298004479765491,0.0,0.0095550246561914,87.359375,2.0,0.4000355591115062,4.8,0.0,0.0058900726850868,80.59765625,3.0,0.3333644482969087,4.639996444128366,0.0,0.0027787146763903,84.015625,2.0,34.267964547564645,1.8809140166146328,0.0,0.0114348041534328,50.99609375,2.0,4.400248922078499,4.84550896386787,0.0,0.0106809634089862,83.046875,2.0,2.0001333487426374,0.4911012097240463,0.0,0.0032059493501267,53.88671875,2.0,3.5334533413338667,4.6263087961111,0.0,0.0037715740164088,140.94140625,2.0,0.0022151666666654,48.34375,2.0
2026-05-29T10:38:32Z,2.400480096019204,47.2916666666666,0.0,0.0208049271412102,60.62109375,2.0,5.000666755567409,4.791176354277868,0.0,0.0066744803184431,105.14453125,0.0,0.0,24.25,0.0,0.0034896609568055,54.8046875,2.0,16.06880917455661,4.30354791758058,0.0,0.0090826116812254,87.46875,2.0,0.1333511134817975,4.8,0.0,0.005040380616324,80.59765625,3.0,0.0666800026672001,4.599991110320918,0.0,0.0018791459936802,84.015625,2.0,26.669218050994928,1.8325586563537175,0.0,0.0114348041534328,50.99609375,2.0,3.33377783704494,4.843181818181818,0.0,0.0100238745448524,83.046875,2.0,1.1334844645952793,0.4987500703737066,0.0,0.0025871476930631,53.88671875,2.0,2.466915583410766,4.618663136877702,0.0,0.0037715740164088,140.94140625,2.0,0.0043432437407951,48.375,2.0
2026-05-29T10:38:37Z,2.400480096019204,47.2916666666666,0.0,0.0177333810812851,60.65625,2.0,4.066897808596702,4.78883261958862,0.0,0.0049740268091113,105.13671875,0.0,0.0,24.25,0.0,0.0028332411905764,54.8046875,2.0,13.934177890385383,4.310891310503901,0.0,0.0090826116812254,87.46875,2.0,0.1333511134817975,4.8,0.0,0.0059170405927155,80.59765625,3.0,0.0666800026672001,4.599991110320918,0.0,0.0020968514009836,84.015625,2.0,26.602302462249764,1.7547541587330855,0.0,0.011463611503176,51.05859375,2.0,3.2668622482997733,4.842937839629559,0.0,0.0100238745448524,83.046875,2.0,1.1334844645952793,0.4987500703737066,0.0,0.0023199852472192,53.88671875,2.0,2.466915583410766,4.618663136877702,0.0,0.0037715740164088,140.94140625,2.0,0.0043432437407951,48.375,2.0
2026-05-29T10:38:42Z,2.19941348973607,47.65624999999995,0.0,0.0215882657718786,60.65625,2.0,4.066897808596702,4.78883261958862,0.0,0.0055271163929559,105.13671875,0.0,0.0,24.25,0.0,0.0033043332080771,54.9296875,2.0,13.934177890385383,4.310891310503901,0.0,0.0088663011695881,87.46875,2.0,0.0666666666666666,4.8,0.0,0.0059170405927155,80.59765625,3.0,0.0666622225184987,4.549999999999999,0.0,0.0025521763085404,84.07421875,2.0,25.40222245691607,1.7170950847129118,0.0,0.011463611503176,51.05859375,2.0,3.2668622482997733,4.842937839629559,0.0,0.0100238745448524,83.046875,2.0,1.0667200071120595,0.4979842005049759,0.0,0.0032658275280613,53.88671875,2.0,2.466915583410766,4.618663136877702,0.0,0.0037029662051731,140.9375,2.0,0.0043432437407951,48.375,2.0
2026-05-29T10:38:47Z,2.19941348973607,47.65624999999995,0.0,0.0215882657718786,60.65625,2.0,5.066684445629709,4.788888903854326,0.0,0.0066370750061346,105.13671875,0.0,0.2666755561481876,24.25,0.0,0.0038022318849394,54.9296875,2.0,17.200040002666846,4.262832364372638,0.0,0.0092402942937796,87.83984375,2.0,0.2000088894815209,4.8,0.0,0.0056553863257361,80.58984375,3.0,0.200004445333353,4.633337037201654,0.0,0.0025521763085404,84.07421875,2.0,29.13428895259684,1.542856161550744,0.0,0.011463611503176,51.05859375,2.0,3.733333333333333,4.844186046511628,0.0,0.0184022052624556,88.2890625,2.0,1.6666844456297083,0.4965908218494491,0.0,0.0033281999776812,53.88671875,2.0,2.933435562370825,4.61689780840261,0.0,0.0036007514053,140.9375,2.0,0.0043338885738599,48.375,2.0
2026-05-29T10:38:52Z,2.19941348973607,47.65624999999995,0.0,0.0179021293587353,60.65625,2.0,5.20018223437118,4.788625470220789,0.0,0.006593155208646,105.14453125,0.0,0.2666755561481876,24.25,0.0,0.003574632565675,54.95703125,2.0,19.00066671111407,4.213678117440317,0.0,0.0091544026679571,87.83984375,2.0,0.2000088894815209,4.8,0.0,0.0056553863257361,80.58984375,3.0,0.200004445333353,4.633337037201654,0.0,0.0025521763085404,84.07421875,2.0,29.201204541342005,1.3973115521975272,0.0,0.0116228917868708,51.3359375,2.0,3.8002489220785,4.934119669185702,0.0,0.0184022052624556,88.2890625,2.0,1.6666844456297083,0.4965908218494491,0.0,0.0032718751139801,53.890625,2.0,2.933435562370825,4.61689780840261,0.0,0.0036007514053,140.9375,2.0,0.0043338885738599,48.375,2.0
2026-05-29T10:38:57Z,3.134378126042014,724.9999999999985,0.0,0.0218616282642073,60.8359375,2.0,5.20018223437118,4.788625470220789,0.0,0.006593155208646,105.14453125,0.0,0.2666755561481876,24.25,0.0,0.003574632565675,54.95703125,2.0,19.00066671111407,4.213678117440317,0.0,0.0091544026679571,87.83984375,2.0,0.2666933362966519,4.779999733311998,0.0,0.0056553863257361,80.58984375,3.0,0.2666844456297086,4.6,0.0,0.0024270679089685,83.9609375,2.0,29.734573432601422,1.2704015949592289,0.0,0.0116228917868708,51.3359375,2.0,3.8002489220785,4.934119669185702,0.0,0.0184022052624556,88.2890625,2.0,2.1334266728893034,0.4947913612240626,0.0,0.0032718751139801,53.890625,2.0,2.933435562370825,4.61689780840261,0.0,0.0036007514053,140.9375,2.0,0.0042081798730222,48.40234375,2.0
2026-05-29T10:39:02Z,3.134378126042014,724.9999999999985,0.0,0.0218616282642073,60.8359375,2.0,4.600297797630953,4.787999991999639,0.0,0.0054659814068233,105.14453125,0.0,0.1333377780740938,24.25,0.0,0.0033546717811391,55.0,2.0,18.201204524746093,4.169832572302104,0.0,0.0091544026679571,87.83984375,2.0,0.2000177801484642,4.771428027176329,0.0,0.0047299119755268,80.58984375,3.0,0.2000088894815209,4.399991110518478,0.0,0.0024270679089685,83.9609375,2.0,26.068524584900462,1.1757675735210025,0.0,0.0087244294619977,51.3359375,2.0,3.333680039708564,61.81804085178593,0.0,0.0783809575460434,87.9140625,2.0,1.8001111185190122,0.4962686990440683,0.0,0.0032484571075911,53.890625,2.0,2.60008889481521,4.6238839693663945,0.0,0.0036015118992071,140.94140625,2.0,0.0040850288174415,48.40234375,2.0
2026-05-29T10:39:07Z,3.134378126042014,724.9999999999985,0.0,0.0171074105193307,60.70703125,2.0,4.200133342222816,4.789796149762443,0.0,0.0059739558892538,105.08984375,0.0,0.1333377780740938,24.25,0.0,0.002843318631541,55.0,2.0,16.46724448296553,4.155695374452225,0.0,0.0092059960026635,87.9375,2.0,0.2000177801484642,4.771428027176329,0.0,0.0052969596347405,80.6015625,3.0,0.2000088894815209,4.399991110518478,0.0,0.0024270679089685,83.9609375,2.0,25.66817789156227,1.428545432276068,0.0,0.0104740881628992,51.27734375,2.0,2.9333333463703704,77.05872702339853,0.0,0.0783809575460434,87.9140625,2.0,1.8001111185190122,0.4962686990440683,0.0,0.0032484571075911,53.890625,2.0,2.60008889481521,4.6238839693663945,0.0,0.0035771373075498,140.94140625,2.0,0.0040850288174415,48.40234375,2.0
2026-05-29T10:39:12Z,2.533164455702953,1100.000000000001,0.0,0.0202732469787942,60.70703125,2.0,4.200133342222816,4.789796149762443,0.0,0.0059626648613409,105.08984375,0.0,0.1333377780740938,24.25,0.0,0.002843318631541,55.0,2.0,16.46724448296553,4.155695374452225,0.0,0.0097513279198974,87.9375,2.0,0.0666666666666666,4.76,0.0,0.0052969596347405,80.6015625,3.0,0.0666666666666666,4.600008888888889,0.0,0.002308743111262,84.23046875,2.0,23.733053438517278,1.5972258817240794,0.0,0.0104740881628992,51.27734375,2.0,2.9333333463703704,77.05872702339853,0.0,0.0783809575460434,87.9140625,2.0,1.0667288930373136,1.8500236122917213,0.0,0.0031132887542486,53.890625,2.0,2.60008889481521,4.6238839693663945,0.0,0.0035771373075498,140.94140625,2.0,0.0040850288174415,48.40234375,2.0
2026-05-29T10:39:17Z,2.533164455702953,1100.000000000001,0.0,0.0202732469787942,60.70703125,2.0,4.666666666666667,4.790099022972457,0.0,0.0051608851929859,105.08984375,0.0,0.0,24.25,0.0,0.0023646854304576,55.0,2.0,16.6,4.169473363844521,0.0,0.0097513279198974,87.9375,2.0,0.0,4.760000533361779,0.0,0.0051265412070089,80.6015625,3.0,0.0,4.600013333333333,0.0,0.002308743111262,84.23046875,2.0,26.46573783969957,2.014999111051844,0.0,0.0104740881628992,51.27734375,2.0,3.33323556207364,84.88636363636361,0.0,0.1425226881893002,87.921875,2.0,0.9333600017778962,3.199978411638141,0.0,0.0019841922473982,53.890625,2.0,3.4667822299264395,4.651945231794558,0.0,0.0038008783081014,141.04296875,2.0,0.0039658274975617,48.65625,2.0
2026-05-29T10:39:22Z,2.533164455702953,1100.000000000001,0.0,0.0167745913814288,60.70703125,2.0,5.066995599413255,4.788349255651923,0.0,0.0046639964545409,105.08984375,0.0,0.0,24.25,0.0,0.0015090499999999,55.0,2.0,18.53461350402276,4.157499899533454,0.0,0.0078755787334391,87.9375,2.0,0.0,4.760000533361779,0.0,0.0050505322532765,80.6015625,3.0,0.0,4.600013333333333,0.0,0.002308743111262,84.23046875,2.0,26.599382306074176,2.415244626526042,0.0,0.0085428106581267,51.27734375,2.0,3.4668800284482377,89.6154109149964,0.0,0.1425226881893002,87.921875,2.0,0.9333600017778962,3.199978411638141,0.0,0.0022164181526272,53.88671875,2.0,3.4667822299264395,4.651945231794558,0.0,0.0038008783081014,141.04296875,2.0,0.0039658274975617,48.65625,2.0
2026-05-29T10:39:27Z,1.933720077348803,1087.4999999999986,0.0,0.0196154721736664,60.71484375,2.0,5.066995599413255,4.788349255651923,0.0,0.0060226581636962,105.59375,0.0,0.0,24.25,0.0,0.0017307787397792,55.0,2.0,18.53461350402276,4.157499899533454,0.0,0.0070629680734477,87.9375,2.0,0.0,4.749999166597216,0.0,0.0050505322532765,80.6015625,3.0,0.0666755567408987,4.666666666666666,0.0,0.0022291542090218,84.23046875,2.0,24.468947108530923,2.579146457322865,0.0,0.0101183327098394,51.5234375,2.0,3.4668800284482377,89.6154109149964,0.0,0.1425226881893002,87.921875,2.0,0.8666888903704691,3.28568199351707,0.0,0.0024541963917939,53.88671875,2.0,3.4667822299264395,4.651945231794558,0.0,0.0039168351302791,141.04296875,2.0,0.0039468132470287,48.4140625,2.0
2026-05-29T10:39:32Z,1.933720077348803,1087.4999999999986,0.0,0.0196154721736664,60.71484375,2.0,4.867297861937148,4.788118806652707,0.0,0.0060226581636962,105.59375,0.0,0.1333422234075654,24.25,0.0,0.002619692066294,55.015625,2.0,17.73567142285638,4.176842029667289,0.0,0.0091849217294534,88.15234375,2.0,0.0666666666666666,4.733331357878361,0.0,0.0050505322532765,80.6015625,3.0,0.1333422234075654,4.599995555259239,0.0,0.0017448518808268,84.23046875,2.0,23.60381842470641,2.839622767301188,0.0,0.0101183327098394,51.5234375,2.0,3.33377783704494,92.56944444444444,0.0,0.1665665246318378,87.921875,2.0,0.9334177875567606,3.166669629761322,0.0,0.0028533388700005,53.88671875,2.0,3.0004000533404453,4.699999999999999,0.0,0.0039168351302791,141.04296875,2.0,0.0027203978212153,48.4140625,2.0
2026-05-29T10:39:37Z,1.933720077348803,1087.4999999999986,0.0,0.0153785055843402,60.71484375,2.0,5.066968929190559,4.78526333198862,0.0,0.0058474228014559,105.59375,0.0,0.1333422234075654,24.25,0.0,0.002619692066294,55.015625,2.0,17.134391252166957,4.20518719445122,0.0,0.0091849217294534,88.15234375,2.0,0.0666666666666666,4.733331357878361,0.0,0.0048640823230898,80.6015625,3.0,0.1333422234075654,4.599995555259239,0.0,0.0015590890300749,84.23046875,2.0,24.00360506292484,3.0655225340882706,0.0,0.0101546862647497,51.5234375,2.0,3.733564475263369,93.57954924259258,0.0,0.2043495182555789,88.16796875,2.0,0.9334177875567606,3.166669629761322,0.0,0.002952661021495,53.890625,2.0,3.0004000533404453,4.699999999999999,0.0,0.0030306511820534,141.04296875,2.0,0.0030380899642978,48.4140625,2.0
2026-05-29T10:39:42Z,3.0,1235.7142857142826,0.0,0.020551743775487,60.7109375,2.0,5.066968929190559,4.78526333198862,0.0,0.0061910899621566,106.17578125,0.0,0.1333422234075654,24.25,0.0,0.0025614626109626,55.015625,2.0,17.134391252166957,4.20518719445122,0.0,0.0098476981330132,88.06640625,2.0,0.2,4.8,0.0,0.0048932307192019,80.59765625,3.0,0.2000088894815209,4.599995555259239,0.0,0.0023175776397516,84.73046875,2.0,30.468204649508824,3.117067932400152,0.0,0.0101546862647497,51.5234375,2.0,3.733564475263369,93.57954924259258,0.0,0.2043495182555789,88.16796875,2.0,1.5333955638529582,3.4571527442663736,0.0,0.0029365884891749,53.890625,2.0,3.0004000533404453,4.699999999999999,0.0,0.0038226205637113,141.0625,2.0,0.0038123057169899,48.4140625,2.0
2026-05-29T10:39:47Z,3.0,1235.7142857142826,0.0,0.020551743775487,60.7109375,2.0,5.466684445629708,4.785858595382052,0.0,0.0061910899621566,106.17578125,0.0,0.2666755561481876,24.25,0.0,0.0026927074096409,54.859375,2.0,18.20003555792608,4.274999997427811,0.0,0.01005650743519,88.06640625,2.0,0.2666755561481876,4.800000000000001,0.0,0.0049280527870569,80.59765625,3.0,0.2666844456297086,4.666666666666666,0.0,0.0023175776397516,84.73046875,2.0,32.93336000177789,3.2437862114962748,0.0,0.011507265546758,51.5390625,2.0,4.0,93.97959752899072,0.0,0.1961732694236985,86.0,2.0,1.8000177789630418,3.879997333155542,0.0,0.0029365884891749,53.890625,2.0,3.066666666666667,4.717644558089919,0.0,0.0038226205637113,141.0625,2.0,0.0038859354782113,48.41796875,2.0
2026-05-29T10:39:52Z,3.0,1235.7142857142826,0.0,0.020551743775487,60.7109375,2.0,5.600204458074982,4.785781830288386,0.0,0.0065524040300981,106.17578125,0.0,0.2666755561481876,24.25,0.0,0.0027269589152359,54.859375,2.0,17.06775125335214,4.278692794318137,0.0,0.01005650743519,88.06640625,2.0,0.2666755561481876,4.800000000000001,0.0,0.0049280527870569,80.59765625,3.0,0.2666844456297086,4.666666666666666,0.0,0.0023175776397516,84.73046875,2.0,33.20032893096845,3.24639480077332,0.0,0.0119549608016215,51.5390625,2.0,4.26696892919056,94.10376587108568,0.0,0.1961732694236985,86.0,2.0,1.8000177789630418,3.879997333155542,0.0,0.0030062864077672,53.890625,2.0,3.066666666666667,4.717644558089919,0.0,0.0038785111439639,141.05859375,2.0,0.0038859354782113,48.41796875,2.0
2026-05-29T10:39:57Z,3.466897793186212,487.4999999999992,0.0,0.0235842516117072,60.828125,2.0,5.600204458074982,4.785781830288386,0.0,0.0067486219739292,106.28125,0.0,0.2666755561481876,24.25,0.0,0.0027269589152359,54.859375,2.0,17.06775125335214,4.278692794318137,0.0,0.0097068057585667,88.125,2.0,0.3333555570371358,4.799999999999999,0.0,0.0049280527870569,80.59765625,3.0,0.2666844456297086,4.533327406880611,0.0,0.0023550234378775,84.41796875,2.0,35.33492457067777,3.0685955424599074,0.0,0.0119549608016215,51.5390625,2.0,4.26696892919056,94.10376587108568,0.0,0.1961732694236985,86.0,2.0,2.066844466965887,3.622206363865334,0.0,0.0030062864077672,53.890625,2.0,3.066666666666667,4.717644558089919,0.0,0.0038785111439639,141.05859375,2.0,0.0039586678052939,48.41796875,2.0
2026-05-29T10:40:02Z,3.466897793186212,487.4999999999992,0.0,0.0235842516117072,60.828125,2.0,5.800368913483121,4.785388098199439,0.0,0.0067486219739292,106.28125,0.0,0.2666755561481876,24.25,0.0,0.0021759719855763,54.90625,2.0,16.668280177502638,4.278133973973208,0.0,0.0097068057585667,88.125,2.0,0.3333466675556148,4.8,0.0,0.0049255549337816,80.59765625,3.0,0.2666755561481876,4.639989332385101,0.0,0.0023550234378775,84.41796875,2.0,35.202484630237294,2.9261467538873056,0.0,0.0119414671083767,51.5390625,2.0,4.400444494228228,92.45001502338404,0.0,0.1310937790353915,85.98828125,2.0,2.0001955792622623,3.057143219965011,0.0,0.0031459058351285,53.890625,2.0,3.666911127408494,4.703703703703704,0.0,0.0037000109505037,141.05859375,2.0,0.0040908143582465,48.41796875,2.0
2026-05-29T10:40:07Z,3.466897793186212,487.4999999999992,0.0,0.0198683586723615,60.7890625,2.0,5.733515567704513,4.781250373280553,0.0,0.0070040526549327,106.28125,0.0,0.2666755561481876,24.25,0.0,0.0024384266175593,54.90625,2.0,17.200564482076583,4.28402345524025,0.0,0.0075021372363238,88.19921875,2.0,0.3333466675556148,4.8,0.0,0.0049336230950855,80.59765625,3.0,0.2666755561481876,4.639989332385101,0.0,0.0023550234378775,84.41796875,2.0,35.135369044157194,2.781926258137115,0.0,0.0130761694535975,51.5390625,2.0,4.333328908148128,90.43479668198134,0.0,0.1310937790353915,85.98828125,2.0,2.0001955792622623,3.057143219965011,0.0,0.0031459058351285,53.890625,2.0,3.666911127408494,4.703703703703704,0.0,0.0038452013683388,141.2109375,2.0,0.0040908143582465,48.41796875,2.0
2026-05-29T10:40:12Z,2.6,474.999999999996,0.0,0.0240278457472795,60.7890625,2.0,5.733515567704513,4.781250373280553,0.0,0.0070040526549327,106.28125,0.0,0.2666755561481876,24.25,0.0,0.0031494555837961,54.90625,2.0,17.200564482076583,4.28402345524025,0.0,0.0083367311907261,88.19921875,2.0,0.4,4.784615384615385,0.0,0.0051783511815028,80.6015625,3.0,0.3999822234073283,4.479999999999999,0.0,0.0018087302671049,84.37109375,2.0,31.73410673778121,2.6430008791889303,0.0,0.0132227314390466,51.54296875,2.0,4.333328908148128,90.43479668198134,0.0,0.1310937790353915,85.98828125,2.0,1.8000355579260838,2.7714473479843567,0.0,0.0032496407258552,53.890625,2.0,3.666911127408494,4.703703703703704,0.0,0.0038452013683388,141.2109375,2.0,0.0040908143582465,48.41796875,2.0
2026-05-29T10:40:17Z,2.6,474.999999999996,0.0,0.0240278457472795,60.7890625,2.0,6.333377780740938,4.7827160778348805,0.0,0.0055374332125425,106.28125,0.0,0.6666888903704691,24.25,0.0,0.0037670378251075,54.90625,2.0,17.466742227259594,4.317294416680129,0.0,0.0100151274528277,88.19921875,2.0,0.6000222237038024,4.788235432530475,0.0,0.0051783511815028,80.6015625,3.0,0.6000044471111309,4.6222261729273,0.0,0.0020544232432458,84.37109375,2.0,34.79990667999959,2.437287344597605,0.0,0.0132227314390466,51.54296875,2.0,4.733186676443792,86.875,0.0,0.0554092499999996,85.98828125,2.0,2.6000444474076048,2.724978749173572,0.0,0.002775382742256,53.890625,2.0,2.8,4.655813953488371,0.0,0.0024059000000001,141.2109375,2.0,0.0042228767689057,48.421875,2.0
2026-05-29T10:40:22Z,2.6,474.999999999996,0.0,0.0243758637846207,60.796875,2.0,7.133848954675241,4.782100796394827,0.0,0.0049537621579648,106.28125,0.0,0.6666888903704691,24.25,0.0,0.0037670378251075,54.90625,2.0,18.4006978242994,4.306656261121338,0.0,0.0101427443861236,88.29296875,2.0,0.6000222237038024,4.788235432530475,0.0,0.0043581414027439,80.6015625,3.0,0.6000044471111309,4.6222261729273,0.0,0.0023001162193867,84.37109375,2.0,34.800493424906726,2.104787176552094,0.0,0.0132227314390466,51.54296875,2.0,4.733773421350937,79.4790561275041,0.0,0.0614332351041849,85.98828125,2.0,2.6000444474076048,2.724978749173577,0.0,0.0033322652100043,53.89453125,2.0,2.8,4.655813953488371,0.0,0.0031109893094684,141.14453125,2.0,0.0042228767689057,48.421875,2.0
2026-05-29T10:40:27Z,2.933528901926795,195.62499999999972,0.0,0.0239743146882492,60.796875,2.0,7.133848954675241,4.782100796394827,0.0,0.0043958100551914,106.28125,0.0,0.6666888903704691,24.25,0.0,0.0037670378251075,54.90625,2.0,18.4006978242994,4.306656261121338,0.0,0.0101427443861236,88.29296875,2.0,0.4667066705189334,4.787499843741101,0.0,0.0053652907757961,80.6015625,3.0,0.4667066705189334,4.622222222222222,0.0,0.0023880232529172,84.37890625,2.0,38.401769065504986,1.9519977932511825,0.0,0.0089538750000002,51.54296875,2.0,4.733773421350937,79.4790561275041,0.0,0.0547977941126275,85.98828125,2.0,2.8667955641487213,2.199933964117643,0.0,0.0033322652100043,53.89453125,2.0,2.8,4.655813953488371,0.0,0.0037642801251962,141.14453125,2.0,0.0043299446703554,48.421875,2.0
2026-05-29T10:40:32Z,2.933528901926795,195.62499999999972,0.0,0.0239743146882492,60.796875,2.0,6.000791216013948,4.781960759159853,0.0,0.0077014503833004,106.55859375,0.0,0.1333466681483259,24.25,0.0,0.004120380567792,54.90625,2.0,15.668124596758243,4.283105146177551,0.0,0.0095259046584419,88.29296875,2.0,0.2000222248892247,4.786666508633078,0.0,0.0053652907757961,80.6015625,3.0,0.2000222248892247,4.6,0.0,0.0027590902326505,84.37890625,2.0,34.73683152153638,1.275663252240237,0.0,0.0125781564021253,51.48046875,2.0,4.3340579037263645,58.125321781903146,0.0,0.0464291439862794,85.9921875,2.0,2.200200020446756,0.4947916254320519,0.0,0.0033322652100043,53.89453125,2.0,2.6669333629665197,4.624327964618193,0.0,0.0037642801251962,141.14453125,2.0,0.0034411152781482,48.421875,2.0
2026-05-29T10:40:37Z,2.933528901926795,195.62499999999972,0.0,0.0237355620473277,60.6328125,2.0,4.866826719412267,4.780080104425355,0.0,0.0077014503833004,106.55859375,0.0,0.1333466681483259,24.25,0.0,0.0035973931787506,54.91015625,2.0,14.534715702831985,4.342605400067068,0.0,0.0096524637578926,88.40234375,2.0,0.2000222248892247,4.786666508633078,0.0,0.0053485058451487,80.6015625,3.0,0.2000222248892247,4.6,0.0,0.0023832408298473,84.37890625,2.0,34.402933664036745,0.4998979945395465,0.0,0.0125781564021253,51.48046875,2.0,4.000160046226727,4.917527487469664,0.0,0.010156928453454,85.9921875,2.0,2.200200020446756,0.4947916254320519,0.0,0.0034980136561143,53.89453125,2.0,2.6669333629665197,4.624327964618193,0.0,0.003133198562207,141.14453125,2.0,0.0030802865556185,48.421875,2.0
2026-05-29T10:40:42Z,2.1333333333333333,43.50000000000003,0.0,0.0221978352941197,60.6328125,2.0,4.866826719412267,4.780080104425355,0.0,0.0078891581789176,106.55859375,0.0,0.1333466681483259,24.25,0.0,0.0035973931787506,54.91015625,2.0,14.534715702831985,4.342605400067068,0.0,0.009934843812843,88.40234375,2.0,0.1333377780740938,4.769230769230769,0.0,0.0046519419765305,80.6015625,3.0,0.1333377780740938,4.62500388897531,0.0,0.002718713303137,84.4140625,2.0,26.469071406552917,1.1146815712998972,0.0,0.0118286849134487,51.48828125,2.0,4.000160046226727,4.917527487469664,0.0,0.0097348927875243,86.23828125,2.0,1.7334489037056398,0.4952131840895792,0.0,0.0035493739384604,53.88671875,2.0,2.6669333629665197,4.624327964618193,0.0,0.0035838279253127,141.140625,2.0,0.0044281216296148,48.4296875,2.0
2026-05-29T10:40:47Z,2.1333333333333333,43.50000000000003,0.0,0.0221978352941197,60.6328125,2.0,4.33318223348081,4.779574730777568,0.0,0.0078891581789176,106.55859375,0.0,0.1333377780740938,24.25,0.0,0.0037583982800323,54.91015625,2.0,18.33390670489144,4.279611499660117,0.0,0.009934843812843,88.40234375,2.0,0.1333377780740938,4.766667098788638,0.0,0.0055399131038383,80.6015625,3.0,0.1333377780740938,4.600008889086424,0.0,0.002718713303137,84.4140625,2.0,21.5339778373362,0.4981099360261468,0.0,0.0118034647412986,51.48828125,2.0,2.999875563851299,4.820429887840905,0.0,0.0098735195128853,86.23828125,2.0,1.5333422228148543,0.4903227051311868,0.0,0.0035493739384604,53.88671875,2.0,2.2,4.630306515744989,0.0,0.0035838279253127,141.140625,2.0,0.0044634163906098,48.4296875,2.0
2026-05-29T10:40:52Z,2.1333333333333333,43.50000000000003,0.0,0.0215238756196481,60.88671875,2.0,4.267142316166858,4.784888545600623,0.0,0.0078891581789176,106.55859375,0.0,0.1333377780740938,24.25,0.0,0.0037185854025581,54.9140625,2.0,18.93394670755828,4.25293611208097,0.0,0.0098405431720971,89.20703125,2.0,0.1333377780740938,4.766667098788638,0.0,0.0047532300544457,80.6015625,3.0,0.1333377780740938,4.600008889086424,0.0,0.002718713303137,84.4140625,2.0,21.3343245253407,0.4971263476909952,0.0,0.0118034647412986,51.48828125,2.0,2.800222251855803,4.8,0.0,0.0098735195128853,86.23828125,2.0,1.5333422228148543,0.4903227051311868,0.0,0.00343976829167,53.890625,2.0,2.2,4.630306515744989,0.0,0.0033495505778288,141.140625,2.0,0.0044634163906098,48.4296875,2.0
2026-05-29T10:40:57Z,2.8670489398586483,49.64285714285715,0.0,0.0227237046869276,60.88671875,2.0,4.267142316166858,4.784888545600623,0.0,0.0078891581789176,106.55859375,0.0,0.1333377780740938,24.25,0.0,0.0037185854025581,54.9140625,2.0,18.93394670755828,4.25293611208097,0.0,0.0099783432593393,89.20703125,2.0,0.1333466681483259,4.779999688863306,0.0,0.0056422977432879,81.3359375,3.0,0.1333466681483259,4.657139682257471,0.0,0.0024814511356909,84.4296875,2.0,22.00103563941497,0.4977253913085631,0.0,0.0114813275797782,51.578125,2.0,2.800222251855803,4.8,0.0,0.0096290056699823,85.99609375,2.0,1.6001244604465386,0.4901593486754987,0.0,0.00343976829167,53.890625,2.0,2.2,4.630306515744989,0.0,0.0037144249512673,141.3671875,2.0,0.0043982401618906,48.43359375,2.0
2026-05-29T10:41:02Z,2.8670489398586483,49.64285714285715,0.0,0.0227237046869276,60.88671875,2.0,4.867293437352715,4.783962070809167,0.0,0.0066772234120992,106.72265625,0.0,0.1333377780740938,24.25,0.0,0.0030643007730149,54.9140625,2.0,17.86784896770896,4.228282792910704,0.0,0.0099783432593393,89.20703125,2.0,0.1333422234075654,4.76666592587654,0.0,0.0055780155273634,81.3359375,3.0,0.1333422234075654,4.466651850534863,0.0,0.0024814511356909,84.4296875,2.0,24.868431243566363,0.4990457172365032,0.0,0.0107996515269237,51.578125,2.0,3.400337815115576,4.822618781316072,0.0,0.0061569692723583,85.99609375,2.0,1.600155573631862,0.485919556965582,0.0,0.0027955381536899,53.890625,2.0,3.0669733674114967,4.641269841269841,0.0,0.0037144249512673,141.3671875,2.0,0.0044237831535998,48.43359375,2.0
2026-05-29T10:41:07Z,2.8670489398586483,49.64285714285715,0.0,0.0176982146884673,60.88671875,2.0,4.866671132148168,4.786666965797876,0.0,0.0066772234120992,106.72265625,0.0,0.1333377780740938,24.25,0.0,0.0029427207637235,55.02734375,2.0,17.467262261928575,4.21762182002249,0.0,0.0095426422910668,88.5546875,2.0,0.1333422234075654,4.76666592587654,0.0,0.0055780155273634,81.3359375,3.0,0.1333422234075654,4.466651850534863,0.0,0.0024814511356909,84.4296875,2.0,24.66820899171056,0.4997477290710355,0.0,0.0107996515269237,51.578125,2.0,3.2001155632597724,4.824675858796692,0.0,0.0068863556550669,85.99609375,2.0,1.600155573631862,0.485919556965582,0.0,0.0033376664624877,53.88671875,2.0,3.0669733674114967,4.641269841269841,0.0,0.0039758226411799,141.3671875,2.0,0.0044237831535998,48.43359375,2.0
2026-05-29T10:41:12Z,2.5333333333333337,749.999999999995,0.0,0.0213667297147541,60.53125,2.0,4.866671132148168,4.786666965797876,0.0,0.0074300494599777,107.1328125,0.0,0.1333377780740938,24.25,0.0,0.0029427207637235,55.02734375,2.0,17.467262261928575,4.21762182002249,0.0,0.0095426422910668,88.5546875,2.0,0.266653334222163,4.766667037049382,0.0,0.0046719902752259,81.3359375,3.0,0.2666666666666666,4.533333333333333,0.0,0.001999285516699,84.4296875,2.0,28.000751161188525,1.3218858962902706,0.0,0.0063388000000003,51.578125,2.0,3.2001155632597724,4.824675858796692,0.0,0.0087526365925035,85.99609375,2.0,1.6000400026668444,0.4880138610630194,0.0,0.0033376664624877,53.88671875,2.0,3.0669733674114967,4.641269841269841,0.0,0.0040081598700755,141.36328125,2.0,0.0044237831535998,48.43359375,2.0
2026-05-29T10:41:17Z,2.5333333333333337,749.999999999995,0.0,0.0213667297147541,60.53125,2.0,5.600088919112217,4.786916054974308,0.0,0.0074300494599777,107.1328125,0.0,0.4000400044449779,43.75,0.0,0.0026455151214866,55.02734375,2.0,18.200706720893454,4.206091546245119,0.0,0.0095426422910668,88.5546875,2.0,0.4000133377781927,4.775000694471451,0.0,0.0055735470221932,80.85546875,3.0,0.4000266702226964,4.640003555713586,0.0,0.0026320924412468,84.39453125,2.0,32.40108896682072,1.4363520780070111,0.0,0.0108773345580201,51.66796875,2.0,3.73348445451919,4.850667229648396,0.0,0.0091380317571887,85.9921875,2.0,1.866760009778904,0.4815972018591306,0.0,0.0033376664624877,53.88671875,2.0,3.333448896593106,4.63076923076923,0.0,0.0040081598700755,141.36328125,2.0,0.0033763246953645,48.6796875,2.0
2026-05-29T10:41:22Z,2.5333333333333337,749.999999999995,0.0,0.0204713155715482,60.53125,2.0,6.267311184305206,4.787962695455142,0.0,0.0074300494599777,107.1328125,0.0,0.4000400044449779,43.75,0.0,0.0037375627668278,55.00390625,2.0,20.734768991711505,4.161194236789953,0.0,0.0061203250000005,88.5546875,2.0,0.4000133377781927,4.775000694471451,0.0,0.0055735470221932,80.85546875,3.0,0.4000266702226964,4.640003555713586,0.0,0.0026320924412468,84.39453125,2.0,33.001226753784294,1.3218827294354136,0.0,0.0108773345580201,51.66796875,2.0,4.333622241482765,4.8759997185028805,0.0,0.0091380317571887,85.9921875,2.0,1.866760009778904,0.4815972018591306,0.0,0.0027180435459648,53.89453125,2.0,3.333448896593106,4.63076923076923,0.0,0.0042722972366094,141.36328125,2.0,0.004443092752307,48.6796875,2.0
2026-05-29T10:41:27Z,2.933724496599547,46.56249999999999,0.0,0.0204713155715482,60.53125,2.0,6.267311184305206,4.787962695455142,0.0,0.0071979016807607,106.75390625,0.0,0.4000400044449779,43.75,0.0,0.0037375627668278,55.00390625,2.0,20.734768991711505,4.161194236789953,0.0,0.0103268957060595,88.76953125,2.0,0.3333777837044939,4.781818181818181,0.0,0.0055998761953549,80.6015625,3.0,0.3333688930375507,4.6,0.0,0.0027314905314607,84.39453125,2.0,31.669742555891244,1.2184347628676266,0.0,0.0108437593799102,51.7734375,2.0,4.333622241482765,4.8759997185028805,0.0,0.0091539445330163,85.94140625,2.0,1.800146680001363,0.4811687421478582,0.0,0.0032517128528708,53.89453125,2.0,3.333448896593106,4.63076923076923,0.0,0.0042722972366094,141.36328125,2.0,0.004443092752307,48.6796875,2.0
2026-05-29T10:41:32Z,2.933724496599547,46.56249999999999,0.0,0.0216792473713346,60.953125,2.0,5.60071120593857,4.788444417052215,0.0,0.0054111963548059,106.75390625,0.0,0.2666844468151309,42.5,0.0,0.0037375627668278,55.00390625,2.0,18.668382402391156,4.228048545943723,0.0,0.0103268957060595,88.76953125,2.0,0.2666844468151309,4.783333148137859,0.0,0.0055998761953549,80.6015625,3.0,0.2666755561481876,4.628568163057971,0.0,0.0022506571482392,84.39453125,2.0,27.60351601517178,1.6135397104730371,0.0,0.0113209642408311,51.7734375,2.0,3.867044485634509,4.873077162521261,0.0,0.0093816899806663,85.94140625,2.0,1.533448900742084,0.4812501169680763,0.0,0.0032517128528708,53.89453125,2.0,3.0004000533404453,4.611594202898552,0.0,0.0033442296681485,141.36328125,2.0,0.0036265448688653,48.6796875,2.0
2026-05-29T10:41:37Z,2.933724496599547,46.56249999999999,0.0,0.0224227719170646,60.953125,2.0,5.400311152598125,4.788793470590784,0.0,0.0060543565750254,106.75390625,0.0,0.2666844468151309,42.5,0.0,0.0033988393977418,54.92578125,2.0,14.200986798239766,4.275243528472817,0.0,0.0106437144853995,88.76953125,2.0,0.2666844468151309,4.783333148137859,0.0,0.0045586138009424,80.6015625,3.0,0.2666755561481876,4.628568163057971,0.0,0.0027078931250961,84.14453125,2.0,27.536711561541537,1.7641070013062794,0.0,0.0113209642408311,51.7734375,2.0,3.8002400320042673,4.869091718686423,0.0,0.0092898203377009,85.9453125,2.0,1.533448900742084,0.4812501169680763,0.0,0.002789852204799,53.89453125,2.0,3.0004000533404453,4.611594202898552,0.0,0.002988204898431,141.36328125,2.0,0.0032562871395064,48.6796875,2.0
2026-05-29T10:41:42Z,2.2666666666666666,48.75000000000003,0.0,0.0224227719170646,60.953125,2.0,5.400311152598125,4.788793470590784,0.0,0.0065227058473892,106.75390625,0.0,0.2666844468151309,42.5,0.0,0.0033988393977418,54.92578125,2.0,14.200986798239766,4.275243528472817,0.0,0.0098236849008252,89.1640625,2.0,0.1333333333333333,4.780000266674963,0.0,0.0044679267009087,80.6015625,3.0,0.1333333333333333,4.685716462640321,0.0,0.0027329675466876,84.14453125,2.0,25.86819575943459,1.779780313478188,0.0,0.0114534748373851,51.66796875,2.0,3.8002400320042673,4.869091718686423,0.0,0.008139400990106,85.9453125,2.0,1.1333955638529585,0.4820898273738037,0.0,0.0032750606934618,53.890625,2.0,3.0004000533404453,4.611594202898552,0.0,0.002492200938792,141.36328125,2.0,0.0044625095965192,48.6953125,2.0
2026-05-29T10:41:47Z,2.2666666666666666,48.75000000000003,0.0,0.0224227719170646,60.953125,2.0,4.866528898073462,4.788546409126477,0.0,0.0058795456271697,106.75390625,0.0,0.0,43.75,0.0,0.0033988393977418,54.92578125,2.0,13.132888918516544,4.2786781672034255,0.0,0.0098236849008252,89.1640625,2.0,0.0,4.777778600865723,0.0,0.0052787155547302,80.6015625,3.0,0.0,4.666674074320996,0.0,0.0027329675466876,84.14453125,2.0,24.932617825478303,1.9024297385811983,0.0,0.0114534748373851,51.66796875,2.0,3.733217785480968,4.845508985063906,0.0,0.0093917068319188,85.9453125,2.0,0.93329778014799,0.4908333978333826,0.0,0.0032750606934618,53.890625,2.0,3.0665688954069728,4.618666666666666,0.0,0.00402456644433,141.6171875,2.0,0.0044625095965192,48.6953125,2.0
2026-05-29T10:41:52Z,2.2666666666666666,48.75000000000003,0.0,0.022382284946237,60.90625,2.0,4.400173384004919,4.79004503464482,0.0,0.0052363854069502,106.75390625,0.0,0.0,43.75,0.0,0.0030218347181273,54.92578125,2.0,13.19999116977774,4.316037883403618,0.0,0.0101097262408189,89.1640625,2.0,0.0,4.777778600865723,0.0,0.0052787155547302,80.6015625,3.0,0.0,4.666674074320996,0.0,0.0027329675466876,84.14453125,2.0,24.866208970964365,1.9976551749463536,0.0,0.011454742005813,51.66796875,2.0,3.666808930967033,4.843930616086615,0.0,0.0094427269413043,85.9609375,2.0,0.93329778014799,0.4908333978333826,0.0,0.0033368408357702,53.890625,2.0,3.0665688954069728,4.618666666666666,0.0,0.00402456644433,141.6171875,2.0,0.0044625095965192,48.6953125,2.0
2026-05-29T10:41:57Z,2.6668444562970866,425.0000000000015,0.0,0.022382284946237,60.90625,2.0,4.400173384004919,4.79004503464482,0.0,0.0072889099526066,106.796875,0.0,0.0,43.75,0.0,0.0027091448673277,54.92578125,2.0,13.19999116977774,4.316037883403618,0.0,0.0101097262408189,89.1640625,2.0,0.0,4.775000347248266,0.0,0.0043734344081908,80.6015625,3.0,0.0,4.700001851982176,0.0,0.0020241202711708,84.14453125,2.0,30.335231507302545,1.7999452334301032,0.0,0.0090152397329372,51.66796875,2.0,3.666808930967033,4.843930616086615,0.0,0.0078513397331752,85.9609375,2.0,1.4000800177796744,0.4898434665098313,0.0,0.003242126267717,53.890625,2.0,3.0665688954069728,4.618666666666666,0.0,0.0038460442544857,141.37890625,2.0,0.0043552569457045,48.6953125,2.0
2026-05-29T10:42:02Z,2.6668444562970866,425.0000000000015,0.0,0.022300860751347,60.6484375,2.0,5.200502276450825,4.789908022316699,0.0,0.0067979649302444,106.796875,0.0,0.0,24.25,0.0,0.0031502075755906,54.94921875,2.0,14.000933395559704,4.333023255813952,0.0,0.0097406082942577,89.015625,2.0,0.0,4.75999964442548,0.0,0.0050839734820578,80.60546875,3.0,0.0,4.599997036861442,0.0,0.0025640555058186,84.21875,2.0,34.93696930553249,1.9158571477707835,0.0,0.0096605997723893,51.66796875,2.0,4.267080044746015,4.864772471002816,0.0,0.0096603462321774,85.9609375,2.0,1.9335200201505187,1.5999611085183407,0.0,0.003242126267717,53.890625,2.0,2.60017334488966,4.618915112160495,0.0,0.0038460442544857,141.37890625,2.0,0.0044113518729715,48.45703125,2.0
2026-05-29T10:42:07Z,2.6668444562970866,425.0000000000015,0.0,0.022300860751347,60.6484375,2.0,5.6666711362963165,4.791628005627884,0.0,0.0067979649302444,106.796875,0.0,0.0,24.25,0.0,0.0024569455303626,54.94921875,2.0,16.467764517634507,4.35868544600939,0.0,0.0086461213571719,89.015625,2.0,0.0,4.75999964442548,0.0,0.0050839734820578,80.60546875,3.0,0.0,4.599997036861442,0.0,0.0025640555058186,84.21875,2.0,35.203231503156886,1.9843738400940023,0.0,0.0112722516166948,51.60546875,2.0,4.533342242370409,4.842938343688149,0.0,0.0096603462321774,85.9609375,2.0,1.9335200201505187,1.5999611085183407,0.0,0.0031318114643274,53.890625,2.0,2.60017334488966,4.618915112160495,0.0,0.0038460442544857,141.37890625,2.0,0.0044113518729715,48.45703125,2.0
2026-05-29T10:42:12Z,3.0,750.0,0.0,0.0176259651913496,60.6484375,2.0,5.6666711362963165,4.791628005627884,0.0,0.0068696638296916,106.87109375,0.0,0.0,24.25,0.0,0.0024569455303626,54.94921875,2.0,16.467764517634507,4.35868544600939,0.0,0.0086461213571719,89.015625,2.0,0.0666711114074271,4.8,0.0,0.0050839734820578,80.60546875,3.0,0.0666666666666666,4.699999999999999,0.0,0.0025118136853715,84.24609375,2.0,33.46648014873991,2.054963439727933,0.0,0.0112722516166948,51.60546875,2.0,4.533342242370409,4.842938343688149,0.0,0.0096603462321774,85.9609375,2.0,1.9334044491855007,2.4399999999999986,0.0,0.0032076151273477,53.890625,2.0,2.60017334488966,4.618915112160495,0.0,0.0014132666666673,141.37890625,2.0,0.0045248020082028,48.9296875,2.0
2026-05-29T10:42:17Z,3.0,750.0,0.0,0.0213465443316348,60.66015625,2.0,5.066631133629471,4.791549299301519,0.0,0.0068696638296916,106.87109375,0.0,0.1333422228148543,24.25,0.0,0.0024569455303626,54.94921875,2.0,17.801186745783053,4.387151882111224,0.0,0.0096058439133665,85.52734375,2.0,0.1333422228148543,4.8,0.0,0.0051980952006139,80.2265625,3.0,0.1333377780740938,4.600004444641984,0.0,0.0024286337130086,84.24609375,2.0,29.53288457570171,1.986666469122627,0.0,0.0114270545128241,51.60546875,2.0,3.933302239703565,4.842458100558659,0.0,0.0083327856056155,85.9609375,2.0,1.4667066693335111,1.7999788879690892,0.0,0.0032076151273477,53.890625,2.0,3.266773340444918,4.62972972972973,0.0,0.0014132666666673,141.37890625,2.0,0.003436984590094,48.9296875,2.0
2026-05-29T10:42:22Z,3.0,750.0,0.0,0.0213465443316348,60.66015625,2.0,4.200408933338588,4.78971939129967,0.0,0.0068696638296916,106.87109375,0.0,0.1333422228148543,24.25,0.0,0.0024193981293209,54.94921875,2.0,15.934395626375093,4.394512804541875,0.0,0.0096058439133665,85.52734375,2.0,0.1333422228148543,4.8,0.0,0.0051980952006139,80.2265625,3.0,0.1333377780740938,4.600004444641984,0.0,0.0024273832373635,84.2734375,2.0,29.06659570785462,1.853505088410846,0.0,0.0094087510094965,51.60546875,2.0,3.467013371856474,4.843180858543208,0.0,0.0094796867703589,85.9609375,2.0,1.4667066693335111,1.7999788879690892,0.0,0.0032010896483409,53.890625,2.0,3.266773340444918,4.62972972972973,0.0,0.0014132666666673,141.37890625,2.0,0.0038274511855774,48.9296875,2.0
2026-05-29T10:42:27Z,2.000266702226964,41.87500000000029,0.0,0.0213465443316348,60.66015625,2.0,4.200408933338588,4.78971939129967,0.0,0.0041131211691026,106.87109375,0.0,0.1333422228148543,24.25,0.0,0.0027010991058121,54.94921875,2.0,15.934395626375093,4.394512804541875,0.0,0.0102387157951754,85.52734375,2.0,0.0666711114074271,4.8,0.0,0.0053014692091284,80.2265625,3.0,0.0666711114074271,4.6,0.0,0.0024273832373635,84.2734375,2.0,24.802546955590703,1.7975444409071275,0.0,0.0111765269941786,51.6171875,2.0,3.467013371856474,4.843180858543208,0.0,0.0096207474518686,85.9609375,2.0,1.0667377825188344,1.7999622201233394,0.0,0.0031492645086752,53.89453125,2.0,3.266773340444918,4.62972972972973,0.0,0.003627535003094,141.40234375,2.0,0.00447032781929,48.453125,2.0
2026-05-29T10:42:32Z,2.000266702226964,41.87500000000029,0.0,0.0146649499999966,60.66015625,2.0,4.067066710523734,4.789767437629855,0.0,0.0046336705798604,106.87109375,0.0,0.0,24.25,0.0,0.0027010991058121,54.94921875,2.0,13.000866724448295,4.403636484851177,0.0,0.009632019857274,85.27734375,2.0,0.0,4.800000000000001,0.0,0.0051034377852142,80.23046875,3.0,0.0,4.599991110518479,0.0,0.0024273832373635,84.2734375,2.0,25.13590251262784,1.759036358773158,0.0,0.0111765269941786,51.6171875,2.0,3.600355594671329,4.864406779661017,0.0,0.0096207474518686,85.9609375,2.0,1.0000666711114072,0.497619079533802,0.0,0.0031492645086752,53.89453125,2.0,2.933528901926795,4.597019236350549,0.0,0.003627535003094,141.40234375,2.0,0.00447032781929,48.453125,2.0
2026-05-29T10:42:37Z,2.000266702226964,41.87500000000029,0.0,0.0162054467720794,60.66015625,2.0,4.200142231704335,4.789767676664313,0.0,0.0051542199906182,106.87109375,0.0,0.0,24.25,0.0,0.0029392231007215,54.94921875,2.0,10.66705780385359,4.428322010417361,0.0,0.009632019857274,85.27734375,2.0,0.0,4.800000000000001,0.0,0.0051034377852142,80.23046875,3.0,0.0,4.599991110518479,0.0,0.0013776249999999,84.2734375,2.0,25.002338037364467,1.9522490889852424,0.0,0.0106497846861211,51.6484375,2.0,3.4667911194079606,4.865897375851659,0.0,0.0095855200608478,85.9921875,2.0,1.0000666711114072,0.497619079533802,0.0,0.0031492645086752,53.89453125,2.0,2.933528901926795,4.597019236350549,0.0,0.003627535003094,141.40234375,2.0,0.00447032781929,48.453125,2.0
2026-05-29T10:42:42Z,2.2,24.789325842696627,0.0,0.0143952272984216,60.66015625,2.0,4.200142231704335,4.7897676766643125,0.0,0.0062500604648094,106.20703125,0.0,0.0,24.25,0.0,0.0032439456150267,54.94921875,2.0,10.66705780385359,4.428322010417361,0.0,0.0099750787389515,85.27734375,2.0,0.1333333333333333,4.7333333333333325,0.0,0.0051034377852142,80.23046875,3.0,0.1333422228148543,4.599995555358016,0.0,0.0021719072654475,84.19140625,2.0,26.000782274373847,1.986242999439312,0.0,0.0104566104287966,51.6484375,2.0,3.4667911194079606,4.865897375851659,0.0,0.0095855200608478,85.9921875,2.0,1.2667022245927506,0.4987501583402534,0.0,0.0031925517365082,53.89453125,2.0,2.933528901926795,4.597019236350549,0.0,0.0035890722512327,141.390625,2.0,0.0036737520180415,48.70703125,2.0
2026-05-29T10:42:47Z,2.2,24.789325842696627,0.0,0.0199666285589842,60.80859375,2.0,4.000035560296928,4.788889016091323,0.0,0.0062500604648094,106.20703125,0.0,0.2666844468151309,24.25,0.0,0.0032439456150267,54.94921875,2.0,11.000071120593857,4.390954664212752,0.0,0.0096370117657344,85.28125,2.0,0.2666844468151309,4.760001066709335,0.0,0.0052217971901527,80.234375,3.0,0.2666933362966519,4.733334814880662,0.0,0.0025749261184148,84.19140625,2.0,23.80005334044539,2.0271796032338014,0.0,0.0104566104287966,51.6484375,2.0,3.0,4.824050917063563,0.0,0.0095855200608478,85.9921875,2.0,1.333368893630262,0.4837961768357682,0.0,0.0031925517365082,53.89453125,2.0,2.200071115852168,4.596774193548388,0.0,0.0036314839133285,141.390625,2.0,0.0043773792551457,48.70703125,2.0
2026-05-29T10:42:52Z,2.2,24.789325842696627,0.0,0.0193512434539601,60.80859375,2.0,4.066986709339023,4.789130190594703,0.0,0.0062500604648094,106.20703125,0.0,0.2666844468151309,24.25,0.0,0.0032439456150267,54.94921875,2.0,14.534515713206206,4.397934512832743,0.0,0.0096370117657344,85.28125,2.0,0.2666844468151309,4.760001066709335,0.0,0.0052217971901527,80.234375,3.0,0.2666933362966519,4.733334814880662,0.0,0.0022198867221207,84.19140625,2.0,23.466888918522468,1.9359530835247327,0.0,0.009734765875562,51.6484375,2.0,2.6668355780770767,4.8255027851218735,0.0,0.0074851283800842,85.9921875,2.0,1.333368893630262,0.4837961768357682,0.0,0.0031925517365082,53.89453125,2.0,2.200071115852168,4.596774193548388,0.0,0.0035530181194382,141.390625,2.0,0.0043393730961968,48.453125,2.0
2026-05-29T10:42:57Z,1.6668889185224698,700.000000000007,0.0,0.0193512434539601,60.80859375,2.0,4.066986709339023,4.789130190594703,0.0,0.0060641381645783,106.33984375,0.0,0.2666844468151309,24.25,0.0,0.0030419331781609,54.9765625,2.0,14.534515713206206,4.397934512832743,0.0,0.0096370117657344,85.28125,2.0,0.2000266702226963,4.750000833375002,0.0,0.0052217971901527,80.234375,3.0,0.2000222248892247,4.666666666666666,0.0,0.002638876708004,84.3515625,2.0,22.46844468151309,2.2480678127934177,0.0,0.010234180268554,51.65625,2.0,2.6668355780770767,4.8255027851218735,0.0,0.0067273900782509,85.9921875,2.0,1.2001155709650175,0.475,0.0,0.0032154325831973,53.38671875,2.0,2.200071115852168,4.596774193548388,0.0,0.0020362276785715,141.390625,2.0,0.0043393730961968,48.453125,2.0
2026-05-29T10:43:02Z,1.6668889185224698,700.000000000007,0.0,0.0182792940255516,60.80859375,2.0,4.46722674134329,4.788950139213453,0.0,0.0060641381645783,106.33984375,0.0,0.2666844468151309,24.25,0.0,0.0022025212111845,54.9765625,2.0,17.60229363915189,4.348351751537583,0.0,0.0089148605039724,85.34765625,2.0,0.2000088900742321,4.76,0.0,0.0040992997257971,80.234375,3.0,0.2000044447407604,4.699997777629619,0.0,0.0027223919973618,84.3515625,2.0,24.00316486642664,2.329097483705012,0.0,0.010234180268554,51.65625,2.0,2.8670489398586483,4.880280747794783,0.0,0.0089446924069693,85.96484375,2.0,1.4668266880028449,0.475,0.0,0.0032154325831973,53.38671875,2.0,2.6002578062256205,4.60983606557377,0.0,0.0023166998106061,141.390625,2.0,0.0041587953799505,48.453125,2.0
2026-05-29T10:43:07Z,1.6668889185224698,700.000000000007,0.0,0.0182792940255516,60.80859375,2.0,4.733448936300484,4.789887865178303,0.0,0.0060641381645783,106.33984375,0.0,0.2666844468151309,24.25,0.0,0.0029004163668721,55.203125,2.0,18.733884644166363,4.298314018617492,0.0,0.0089148605039724,85.34765625,2.0,0.2000088900742321,4.76,0.0,0.0052315999999994,80.21484375,3.0,0.2000044447407604,4.699997777629619,0.0,0.0027223919973618,84.3515625,2.0,24.73632928834956,2.4341107235408224,0.0,0.0101572847682117,51.65625,2.0,3.600213361781571,4.93868647334093,0.0,0.0089446924069693,85.96484375,2.0,1.4668266880028449,0.475,0.0,0.0031511671303521,53.390625,2.0,2.6002578062256205,4.60983606557377,0.0,0.0020732500000001,141.390625,2.0,0.0033856175577707,48.453125,2.0
2026-05-29T10:43:12Z,2.933333333333333,1059.9999999999975,0.0,0.0191425954198504,60.67578125,2.0,4.733448936300484,4.789887865178303,0.0,0.0052006504952775,106.33984375,0.0,0.2666844468151309,24.25,0.0,0.0032096797539437,55.203125,2.0,18.733884644166363,4.298314018617492,0.0,0.0089148605039724,85.34765625,2.0,0.2666755561481876,4.742856417192093,0.0,0.0052315999999994,80.21484375,3.0,0.2666666666666666,4.549999999999999,0.0,0.0027724076958701,84.0859375,2.0,26.134773525358938,2.388110868153248,0.0,0.0102224474598707,51.78125,2.0,3.600213361781571,4.93868647334093,0.0,0.0089515635315997,85.96875,2.0,1.6668000142238817,0.475,0.0,0.0031905205828959,53.390625,2.0,2.6002578062256205,4.60983606557377,0.0,0.0034102229877567,141.39453125,2.0,0.0043631077216389,48.70703125,2.0
2026-05-29T10:43:17Z,2.933333333333333,1059.9999999999975,0.0,0.0200225228492707,60.67578125,2.0,4.733191124147753,4.790270410524396,0.0,0.0063134024015983,106.21875,0.0,0.1333422234075654,24.25,0.0,0.00371116064486,55.203125,2.0,17.399386711108622,4.251140516204622,0.0,0.0091304775092692,85.3515625,2.0,0.2000177795557531,4.750000694496531,0.0,0.0055149908895147,80.21484375,3.0,0.2000088900742321,4.600008889283968,0.0,0.0027724076958701,84.0859375,2.0,25.53334222340757,1.9918905704531067,0.0,0.0102224474598707,51.78125,2.0,3.6,4.909352517985612,0.0,0.0089515635315997,85.96875,2.0,1.6667377837042567,0.475,0.0,0.0031905205828959,53.390625,2.0,2.333333333333333,4.616949152542373,0.0,0.0034102229877567,141.39453125,2.0,0.0043631077216389,48.70703125,2.0
2026-05-29T10:43:22Z,2.933333333333333,1059.9999999999975,0.0,0.0200225228492707,60.67578125,2.0,4.733831209501002,4.786021204743729,0.0,0.0063134024015983,106.21875,0.0,0.1333422234075654,24.25,0.0,0.0033173326758587,55.26953125,2.0,16.334471262835045,4.139993357922451,0.0,0.0091304775092692,85.3515625,2.0,0.2000177795557531,4.750000694496531,0.0,0.0043853599014412,80.21484375,3.0,0.2000088900742321,4.600008889283968,0.0,0.0026845828120488,84.12109375,2.0,25.266906698670933,1.6212302534681151,0.0,0.0102224474598707,51.78125,2.0,3.3335644752633686,4.907801367466404,0.0,0.0087644587246673,85.96875,2.0,1.6667377837042567,0.475,0.0,0.0027536674146401,53.390625,2.0,2.333333333333333,4.616949152542373,0.0,0.0034102229877567,141.39453125,2.0,0.004397918936178,48.70703125,2.0
2026-05-29T10:43:27Z,2.4001600106673777,924.9999999999964,0.0,0.0205273422119275,60.94140625,2.0,4.733831209501002,4.786021204743729,0.0,0.0063388543410667,106.21875,0.0,0.1333422234075654,24.25,0.0,0.0031225452070778,55.26953125,2.0,16.334471262835045,4.139993357922451,0.0,0.0091304775092692,85.3515625,2.0,0.1333466681483259,4.775,0.0,0.0039257773273149,80.21484375,3.0,0.2000266702226963,4.633336419970295,0.0,0.0026845828120488,84.12109375,2.0,25.068622482997736,1.678745251322152,0.0,0.0105721248361728,52.05078125,2.0,3.3335644752633686,4.907801367466404,0.0,0.0087644587246673,85.96875,2.0,2.06676445214882,0.475,0.0,0.0034155524354679,53.39453125,2.0,2.333333333333333,4.616949152542373,0.0,0.0033005937342093,141.39453125,2.0,0.004455428130873,48.70703125,2.0
2026-05-29T10:43:32Z,2.4001600106673777,924.9999999999964,0.0,0.0205273422119275,60.94140625,2.0,5.134124581950662,4.786868651496478,0.0,0.0067300039401103,106.2578125,0.0,0.4000266702226964,24.25,0.0,0.0034274170656473,55.3359375,2.0,17.268880295150463,4.1956580738294775,0.0,0.0092709206009253,85.3515625,2.0,0.2666711114074271,4.777777119292788,0.0,0.0054916435164435,80.046875,3.0,0.3333511134817976,4.657140135881644,0.0,0.0026845828120488,84.12109375,2.0,28.137022714139665,1.146665590074809,0.0,0.0105721248361728,52.05078125,2.0,3.800506734231231,4.92751677852349,0.0,0.0089214804630174,85.96484375,2.0,2.466862242965373,1.4399580418337097,0.0,0.0034155524354679,53.39453125,2.0,2.4669955994132557,4.6210563211695455,0.0,0.0033005937342093,141.39453125,2.0,0.004455428130873,48.70703125,2.0
2026-05-29T10:43:37Z,2.4001600106673777,924.9999999999964,0.0,0.0208357054339264,60.69140625,2.0,5.266977819264791,4.787677984689009,0.0,0.0067300039401103,106.2578125,0.0,0.4000266702226964,24.25,0.0,0.0034274170656473,55.3359375,2.0,16.468266846243914,4.16364924606872,0.0,0.009611297757638,85.6171875,2.0,0.2666711114074271,4.777777119292788,0.0,0.0054916435164435,80.046875,3.0,0.3333511134817976,4.657140135881644,0.0,0.0026544256120524,84.171875,2.0,28.270124905542964,1.2580344994200372,0.0,0.0085715630870558,52.05078125,2.0,3.933608925634529,4.92418354045919,0.0,0.0072232063307164,85.96484375,2.0,2.466862242965373,1.4399580418337097,0.0,0.0034155524354679,53.39453125,2.0,2.4669955994132557,4.6210563211695455,0.0,0.0033005937342093,141.39453125,2.0,0.0044402375513936,48.4609375,2.0
2026-05-29T10:43:42Z,3.0,625.00000000001,0.0,0.0208357054339264,60.69140625,2.0,5.266977819264791,4.787677984689009,0.0,0.0068845164260759,106.2578125,0.0,0.4000266702226964,24.25,0.0,0.0037758067414574,55.3359375,2.0,16.468266846243914,4.16364924606872,0.0,0.009611297757638,85.6171875,2.0,0.4666844456297086,4.763635922840079,0.0,0.0054916435164435,80.046875,3.0,0.3999866675554963,4.657145578300401,0.0,0.0025979943923813,84.171875,2.0,32.201742454549496,1.1692640230851783,0.0,0.010892609650066,51.8125,2.0,3.933608925634529,4.92418354045919,0.0,0.0091320286111652,85.96484375,2.0,2.333448904298351,1.4400344910349914,0.0,0.0033724493365357,53.390625,2.0,2.4669955994132557,4.6210563211695455,0.0,0.0035115382261123,141.39453125,2.0,0.004500011410055,48.4609375,2.0
2026-05-29T10:43:47Z,3.0,625.00000000001,0.0,0.0154624903030823,60.69140625,2.0,5.2666933351112295,4.788073411517163,0.0,0.0068845164260759,106.2578125,0.0,0.4000133342222814,24.25,0.0,0.0031752122374683,55.3359375,2.0,15.60053781363202,4.1608696130046265,0.0,0.0095436277853567,85.6171875,2.0,0.4666977798519901,4.766666666666666,0.0,0.0055432380952384,80.30078125,3.0,0.4000000017777778,4.675004861246146,0.0,0.0025979943923813,84.171875,2.0,31.200017778963044,1.2840583948564692,0.0,0.010892609650066,51.8125,2.0,3.8666666666666663,4.893827160493827,0.0,0.0094076177315202,85.984375,2.0,1.933360001777896,1.4000195566854947,0.0,0.0033724493365357,53.390625,2.0,3.2666666666666666,4.603225806451612,0.0,0.0035115382261123,141.39453125,2.0,0.004500011410055,48.4609375,2.0
2026-05-29T10:43:52Z,3.0,625.00000000001,0.0,0.018143933214151,60.67578125,2.0,6.266928906371536,4.785585262357435,0.0,0.0055717252000785,106.2578125,0.0,0.4000133342222814,24.25,0.0,0.0028605616756802,55.3359375,2.0,16.867288930373135,4.190362452385568,0.0,0.0094742723163365,85.38671875,2.0,0.4666977798519901,4.766666666666666,0.0,0.0055432380952384,80.30078125,3.0,0.4000000017777778,4.675004861246146,0.0,0.002608637885525,84.07421875,2.0,31.60032004148693,1.1853173307450748,0.0,0.010892609650066,51.8125,2.0,4.26696892919056,4.842457120083631,0.0,0.0094076177315202,85.984375,2.0,1.933360001777896,1.4000195566854947,0.0,0.0033790924543637,53.38671875,2.0,3.2666666666666666,4.603225806451612,0.0,0.0029380497523539,141.39453125,2.0,0.0027285750000004,48.4609375,2.0
2026-05-29T10:43:57Z,2.800373383117749,450.000000000001,0.0,0.0228145062612228,60.67578125,2.0,6.266928906371536,4.785585262357435,0.0,0.005362778719963,106.2578125,0.0,0.4000133342222814,24.25,0.0,0.0021995158450706,55.3359375,2.0,16.867288930373135,4.190362452385568,0.0,0.0094742723163365,85.38671875,2.0,0.4000266684445629,4.769230769230769,0.0,0.0055432380952384,80.30078125,3.0,0.4000400044449779,4.666666666666666,0.0,0.0025985752114923,84.07421875,2.0,28.13454232297237,1.2542796917624526,0.0,0.0110880439781855,52.078125,2.0,4.26696892919056,4.842457120083631,0.0,0.0094076177315202,85.984375,2.0,1.6667466720003556,1.2400209789898928,0.0,0.0035142357583345,53.38671875,2.0,3.2666666666666666,4.603225806451612,0.0,0.0035148452162896,141.390625,2.0,0.0045387587133624,48.4609375,2.0
2026-05-29T10:44:02Z,2.800373383117749,450.000000000001,0.0,0.0228145062612228,60.67578125,2.0,5.800368913483121,4.785387908401566,0.0,0.0071851341895582,106.203125,0.0,0.2666755561481876,24.25,0.0,0.0033739192274582,55.359375,2.0,15.86770673600462,4.215700950060356,0.0,0.0098233395563733,85.38671875,2.0,0.3333466675556148,4.771427845770432,0.0,0.0055432380952384,80.30078125,3.0,0.3333600035560297,4.6799957330868,0.0,0.0025985752114923,84.07421875,2.0,26.001875700753107,1.3342954258146649,0.0,0.0110880439781855,52.078125,2.0,3.933746714376238,4.843181311083469,0.0,0.0093575698477966,85.96484375,2.0,1.3334044491855013,2.0333479025478605,0.0,0.0035142357583345,53.38671875,2.0,3.200213347556504,4.6,0.0,0.0035148452162896,141.390625,2.0,0.0045387587133624,48.4609375,2.0
2026-05-29T10:44:07Z,2.800373383117749,450.000000000001,0.0,0.0184409020373179,60.67578125,2.0,5.800368913483121,4.786733661770235,0.0,0.0071851341895582,106.203125,0.0,0.2666755561481876,24.25,0.0,0.0037810328590697,55.359375,2.0,12.133782252150144,4.255842687716184,0.0,0.0078800783392152,85.38671875,2.0,0.3333466675556148,4.771427845770432,0.0,0.0043503452295409,81.7265625,3.0,0.3333600035560297,4.6799957330868,0.0,0.0025985752114923,84.07421875,2.0,24.601515664303037,1.2617452300822287,0.0,0.0110880439781855,52.078125,2.0,2.533386677926163,4.846342480711208,0.0,0.0093575698477966,85.96484375,2.0,1.3334044491855013,2.0333479025478605,0.0,0.002099725,53.38671875,2.0,3.200213347556504,4.6,0.0,0.0035148452162896,141.390625,2.0,0.0045387587133624,48.4609375,2.0
2026-05-29T10:44:12Z,1.666555562962469,250.000000000005,0.0803571428571428,0.0184040847308887,61.9765625,2.0,5.800368913483121,4.787561428205035,0.0,0.0071851341895582,106.203125,0.0,0.2666755561481876,24.25,0.0,0.0037810328590697,55.359375,2.0,12.133782252150144,4.255842687716184,0.0,0.0070614667095175,85.38671875,2.0,0.1333333333333333,4.769230348439859,0.0,0.0055451080790158,81.7265625,3.0,0.1333333333333333,4.666666666666666,0.0,0.0026926469674691,84.75,2.0,16.800626716150934,1.462719365601436,0.0,0.0114933652724803,52.078125,2.0,2.533386677926163,4.846342480711208,0.0,0.0094204992105329,85.96484375,2.0,0.8666844456297086,2.4333708655876176,0.0,0.0033371317461397,54.71484375,2.0,3.200213347556504,4.6,0.0,0.0036535090861331,143.03515625,2.0,0.0045422880096849,48.4609375,2.0
2026-05-29T10:44:17Z,1.666555562962469,250.000000000005,0.0803571428571428,0.0184040847308887,61.9765625,2.0,5.800386692446163,4.757216584087569,0.0,0.0069923307769256,164.390625,0.0,0.2666844456297086,23.977272727272727,0.0,0.0037810328590697,55.359375,2.0,7.466822232593284,4.255294117647058,0.0,0.0078249838222604,86.31640625,2.0,0.0,4.76,0.0,0.0055451080790158,81.7265625,3.0,0.0,4.600003703799729,0.0,0.0026926469674691,84.75,2.0,9.466813350815466,2.1459655893983705,0.0,0.0094464552276951,53.81640625,2.0,1.1332933383701926,4.826389218761454,0.0,0.0074575419396182,85.96484375,2.0,0.6000177789630419,0.4829167692937344,0.0,0.0033371317461397,54.71484375,2.0,0.1333422228148543,4.592592592592592,0.0,0.0036535090861331,143.03515625,2.0,0.0044407665505229,49.23828125,2.0
2026-05-29T10:44:22Z,1.666555562962469,250.000000000005,0.0803571428571428,0.0168328708489771,62.9765625,2.0,5.800386692446163,4.753030566006022,0.0,0.0069923307769256,164.390625,0.0,0.2666844456297086,23.977272727272727,0.0,0.0034763320043493,55.359375,2.0,4.53378227170961,4.340736202530116,0.0,0.0078249838222604,86.31640625,2.0,0.0,4.76,0.0,0.005790600980336,81.7265625,3.0,0.0,4.600003703799729,0.0,0.0027497616044788,84.75,2.0,8.933582241779476,2.0145223980845754,0.0,0.0094464552276951,53.81640625,2.0,0.6000622293342026,4.832203056254956,0.0,0.0066725003387404,85.96484375,2.0,0.6000177789630419,0.4829167692937344,0.0,0.0032249496244734,55.7109375,2.0,0.1333422228148543,4.592592592592592,0.0,0.0036535090861331,143.03515625,2.0,0.0044571062411897,49.23828125,2.0
2026-05-29T10:44:27Z,2.2002933724496603,34.9999999999996,0.34,0.0156415412615964,62.9765625,2.0,5.800386692446163,4.752577939809491,0.0,0.0069923307769256,164.390625,0.0,0.2666844456297086,23.977272727272727,0.0,0.0032125231567249,56.37109375,2.0,4.53378227170961,4.340736202530116,0.0,0.0075826237522905,87.3203125,2.0,0.0,4.774999652757522,0.0,0.005790600980336,81.7265625,3.0,0.0,4.6666617279926506,0.0,0.0027410305266148,85.5703125,2.0,8.667266709632889,2.275002803999556,0.0,0.0080989228251987,53.80859375,2.0,0.6000622293342026,4.832203056254956,0.0,0.0058874587378627,85.96484375,2.0,0.4000355591115062,0.4844998944385799,0.0,0.0032089272964521,55.7109375,2.0,0.1333422228148543,4.592592592592592,0.0,0.00330745952489,143.0078125,2.0,0.0047215896584154,50.25390625,2.0
2026-05-29T10:44:32Z,2.2002933724496603,34.9999999999996,0.34,0.0156415412615964,62.9765625,2.0,5.600115580444959,4.904577710532458,0.0,0.0069923307769256,164.390625,0.0,0.1333333339259259,23.821427891132707,0.0,0.0029367184539603,56.37109375,2.0,8.333235621929402,4.392537122243168,0.0,0.0075826237522905,87.3203125,2.0,0.0666711114074271,4.766666296275719,0.0,0.0058041752745462,81.7265625,3.0,0.0666711114074271,4.599993332814774,0.0,0.0027410305266148,85.5703125,2.0,14.933115626369997,2.326647330267849,0.0,0.0080989228251987,53.80859375,2.0,1.733284456592968,4.799999999999999,0.0,0.007667215664746,85.953125,2.0,0.5333422263706469,0.4863091887009084,0.0,0.0032089272964521,55.7109375,2.0,2.399991121777738,4.614277671421481,0.0,0.00330745952489,143.0078125,2.0,0.0047215896584154,50.25390625,2.0
2026-05-29T10:44:37Z,2.2002933724496603,34.9999999999996,0.34,0.0119395279779794,62.9765625,2.0,2.0665466758513187,5.12503194550926,0.0,0.0255985156209905,179.46875,0.0,0.1333333339259259,23.821427891132707,0.0,0.0029367184539603,56.37109375,2.0,12.19960891614641,4.419103958065392,0.0,0.007514744700155,87.6015625,2.0,0.0666711114074271,4.766666296275719,0.0,0.0057739048060932,81.72265625,3.0,0.0666711114074271,4.599993332814774,0.0,0.0027967912791771,85.5703125,2.0,16.39961785066497,2.409806858432076,0.0,0.0086726987334459,53.80859375,2.0,3.199786680887941,4.8,0.0,0.007667215664746,85.953125,2.0,0.5333422263706469,0.4863091887009084,0.0,0.0032307305659069,55.71484375,2.0,2.399991121777738,4.614277671421481,0.0,0.00330745952489,143.0078125,2.0,0.0037883577045856,50.50390625,2.0
2026-05-29T10:44:42Z,2.2001466764450965,59.9999999999996,0.3736263736263736,0.0146520275010557,62.77734375,2.0,3.999880009184652,7.243344576384627,0.0,0.0293616197181592,179.46875,0.0,0.1333333339259259,23.821427891132707,0.0,0.0030099435843269,56.37109375,2.0,12.19960891614641,4.419103958065392,0.0,0.007514744700155,87.6015625,2.0,0.1333333339259259,4.8,0.0,0.0057739048060932,81.72265625,3.0,0.1333333339259259,4.733334814847737,0.0,0.0026979024316171,85.59765625,2.0,23.19926671614489,2.403503792594022,0.0,0.0078073481867615,53.80859375,2.0,3.199786680887941,4.8,0.0,0.0081133433642237,85.953125,2.0,0.7999911128888494,0.4908331104870592,0.0,0.0031886893998106,55.71484375,2.0,2.399991121777738,4.614277671421481,0.0,0.0032417733508508,143.0078125,2.0,0.0041910089542935,50.50390625,2.0
2026-05-29T10:44:47Z,2.2001466764450965,59.9999999999996,0.3736263736263736,0.0146520275010557,62.77734375,2.0,4.400164455408138,7.128902923092851,0.0,0.033124723815328,179.46875,0.0,0.0,22.75,0.0,0.0030099435843269,56.37109375,2.0,13.333817810076228,4.453983562801488,0.0,0.007514744700155,87.6015625,2.0,0.0666622225184987,4.8,0.0,0.0060050309128367,81.72265625,3.0,0.0666622225184987,4.600008889086424,0.0,0.0026979024316171,85.59765625,2.0,26.00068895081788,2.882854369145488,0.0,0.0086736860872848,53.80859375,2.0,3.7333422388148554,4.840860634888243,0.0,0.007896306374626,85.953125,2.0,0.9333688912594172,0.4919640568227842,0.0,0.0031886893998106,55.71484375,2.0,3.4001111185190123,4.619043597704871,0.0,0.0034555273060105,143.2421875,2.0,0.0042219325702711,50.50390625,2.0
2026-05-29T10:44:52Z,2.2001466764450965,59.9999999999996,0.3736263736263736,0.0149819410072363,62.890625,2.0,4.400164455408138,6.843709612059639,0.0,0.0421717029124967,179.46875,0.0,0.0,22.75,0.0,0.0030099435843269,56.37109375,2.0,14.400960064004266,4.45332488928978,0.0,0.0064233774140864,87.3671875,2.0,0.0666622225184987,4.8,0.0,0.0057393752656177,81.890625,3.0,0.0666622225184987,4.600008889086424,0.0,0.0025270067335175,85.625,2.0,25.86780900949841,2.8514345292851973,0.0,0.0086736860872848,53.80859375,2.0,3.6004622974953904,4.836537196676913,0.0,0.007896306374626,85.953125,2.0,0.9333688912594172,0.4919640568227842,0.0,0.0025587793431785,55.71875,2.0,3.4001111185190123,4.619043597704871,0.0,0.0034555273060105,143.2421875,2.0,0.0046704558568956,50.25390625,2.0
2026-05-29T10:44:57Z,3.0668711247416494,49.166666666666615,0.2232142857142857,0.0177262035074624,62.890625,2.0,5.067004466964464,5.287588549814614,0.0,0.0338359504896929,179.46875,0.0,0.0,22.75,0.0,0.0030099435843269,56.37109375,2.0,14.400960064004266,4.45332488928978,0.0,0.0071260258094286,87.3671875,2.0,0.0,4.800000000000001,0.0,0.0057393752656177,81.890625,3.0,0.0,4.599995555160458,0.0,0.0025270067335175,85.625,2.0,28.403089269088586,2.6056680138005,0.0,0.0083368407328183,53.80859375,2.0,3.6004622974953904,4.836537196676913,0.0,0.007896306374626,85.953125,2.0,1.0667377825188344,0.4913789086896382,0.0,0.0030506551093516,55.71875,2.0,3.4001111185190123,4.619043597704871,0.0,0.0034530360398262,143.2421875,2.0,0.0041417098664892,50.25390625,2.0
2026-05-29T10:45:02Z,3.0668711247416494,49.166666666666615,0.2232142857142857,0.0177262035074624,62.890625,2.0,4.73379116059842,4.990302565386232,0.0,0.0411781847526394,187.41015625,0.0,0.0,24.25,0.0,0.002131695800865,56.375,2.0,13.934715708166385,4.426225796893064,0.0,0.0072005065393349,87.3671875,2.0,0.0,4.800000000000001,0.0,0.0057437898363474,82.0390625,3.0,0.0,4.599995555160458,0.0,0.0025270067335175,85.625,2.0,26.67033384451705,2.3605431821352774,0.0,0.0086035473783658,53.80859375,2.0,3.2672134284615737,4.831404335726398,0.0,0.0069585355488073,86.05859375,2.0,1.0000977884457087,1.6999644420739153,0.0,0.0030506551093516,55.71875,2.0,2.600346712895053,4.628121359353096,0.0,0.0034530360398262,143.2421875,2.0,0.0048025790231333,50.2265625,2.0
2026-05-29T10:45:07Z,3.0668711247416494,49.166666666666615,0.2232142857142857,0.0191381380301939,62.7421875,2.0,4.73379116059842,4.982842897445296,0.0,0.0411781847526394,187.41015625,0.0,0.0,24.25,0.0,0.0023681476081564,56.375,2.0,14.601426822240654,4.3657755042788935,0.0,0.0086859632801084,87.3671875,2.0,0.0,4.800000000000001,0.0,0.0055116523304657,82.0390625,3.0,0.0,4.599995555160458,0.0,0.002432687177663,85.6015625,2.0,27.00320045339201,2.5874694425753386,0.0,0.0077514494692684,53.80859375,2.0,3.600080037336534,4.851351405326099,0.0,0.00776361876968,86.05859375,2.0,1.0000977884457087,1.6999644420739153,0.0,0.0024352786555016,55.71875,2.0,2.600346712895053,4.628121359353096,0.0,0.0036483542591885,142.8203125,2.0,0.0048025790231333,50.2265625,2.0
2026-05-29T10:45:12Z,2.1333333333333333,850.0000000000009,0.0,0.0213922409751527,62.7421875,2.0,4.467106714968711,4.969916364013445,0.0,0.0339921103171444,188.4609375,0.0,0.0,24.25,0.0,0.0027553242246795,56.38671875,2.0,14.601426822240654,4.3657755042788935,0.0,0.0086859632801084,87.3671875,2.0,0.0,4.8,0.0,0.0055116523304657,82.0390625,3.0,0.0,4.600004444641984,0.0,0.0023082349955583,85.6015625,2.0,26.801253527135174,2.182491194899169,0.0,0.0104218016172893,53.75,2.0,3.600080037336534,4.851351405326099,0.0,0.0096609986504715,86.05859375,2.0,1.066768899853136,0.498749973609381,0.0,0.0022961356932603,55.71875,2.0,2.600346712895053,4.628121359353096,0.0,0.0039523353428369,142.8203125,2.0,0.0048025790231333,50.2265625,2.0
2026-05-29T10:45:17Z,2.1333333333333333,850.0000000000009,0.0,0.0213922409751527,62.7421875,2.0,4.000266684445629,4.86016995889866,0.0,0.0283136615159741,188.4609375,0.0,0.0,0.0,0.0,0.0027553242246795,56.38671875,2.0,12.600840056003731,4.391009227362559,0.0,0.0092326210440918,87.3671875,2.0,0.0,4.8,0.0,0.0046490175001663,82.0390625,3.0,0.0,0.475,0.0,0.0023082349955583,85.6015625,2.0,26.000506718224475,2.124427317857361,0.0,0.0110371015771475,53.75,2.0,3.4666311265183607,4.923379304701872,0.0,0.0094573607533814,86.5,2.0,1.0000666711114077,2.066734817843757,0.0,0.0032105928477211,55.7109375,2.0,2.5334088939262616,4.608579572259539,0.0,0.0039523353428369,142.8203125,2.0,0.004472003593539,50.2265625,2.0
2026-05-29T10:45:22Z,2.1333333333333333,850.0000000000009,0.0,0.0141902749999985,62.7421875,2.0,4.000266684445629,4.858968698493912,0.0,0.0234963995401093,189.14453125,0.0,0.0,0.0,0.0,0.0027553242246795,56.38671875,2.0,9.933995599706646,4.418361449296305,0.0,0.0090297383446005,87.3828125,2.0,0.0,4.8,0.0,0.0033821250000002,82.0390625,3.0,0.0,0.475,0.0,0.0024214845414296,85.5859375,2.0,25.26739115941063,2.148834752304201,0.0,0.0110371015771475,53.75,2.0,2.7335155677045133,4.931945303778981,0.0,0.0094573607533814,86.5,2.0,1.0000666711114077,2.066734817843757,0.0,0.0031778115501522,55.7109375,2.0,2.5334088939262616,4.608579572259539,0.0,0.0037644595946499,142.82421875,2.0,0.004472003593539,50.2265625,2.0
2026-05-29T10:45:27Z,1.6667777851856789,49.58333333333331,0.0,0.0198596176957402,62.73828125,2.0,2.933528901926795,4.7959549044458765,0.0,0.0234963995401093,189.14453125,0.0,0.0,0.0,0.0,0.002634323196716,56.3828125,2.0,9.933995599706646,4.418361449296305,0.0,0.0090179191005316,87.3828125,2.0,0.0,0.0,0.0,0.0053875247408338,82.0625,3.0,0.0,0.0,0.0,0.002407721280603,85.5859375,2.0,20.335320216618253,2.2891481428128446,0.0,0.0102354836078964,53.79296875,2.0,2.7335155677045133,4.931945303778981,0.0,0.0094573607533814,86.5,2.0,0.7333822254816988,2.1333659280989066,0.0,0.0031778115501522,55.7109375,2.0,2.5334088939262616,4.608579572259539,0.0,0.0037133610356402,142.82421875,2.0,0.0043625418223555,50.2265625,2.0
2026-05-29T10:45:32Z,1.6667777851856789,49.58333333333331,0.0,0.0198596176957402,62.73828125,2.0,3.26687556948241,4.795230296943644,0.0,0.0234963995401093,189.14453125,0.0,0.0666666666666666,0.0,0.0,0.002634323196716,56.3828125,2.0,11.600764495410804,4.393517832561527,0.0,0.0090179191005316,87.3828125,2.0,0.0666666666666666,0.0,0.0,0.0053875247408338,82.0625,3.0,0.0666666666666666,0.0,0.0,0.002407721280603,85.5859375,2.0,20.602000217507204,2.056746054746872,0.0,0.0102354836078964,53.79296875,2.0,2.800186679111941,4.96642465801868,0.0,0.0094673309282508,86.5,2.0,0.8000444474076049,2.200032594765571,0.0,0.0031778115501522,55.7109375,2.0,2.866951142522272,4.61875,0.0,0.0037133610356402,142.82421875,2.0,0.0035637967691973,50.2265625,2.0
2026-05-29T10:45:37Z,1.6667777851856789,49.58333333333331,0.0,0.0198596176957402,62.73828125,2.0,3.26687556948241,4.794751834320897,0.0,0.00519425,189.14453125,0.0,0.0666666666666666,0.0,0.0,0.0028277186708918,56.39453125,2.0,14.000422250372248,4.403305132408725,0.0,0.0088118616427771,87.4375,2.0,0.0666666666666666,0.0,0.0,0.0054907885837955,82.0625,3.0,0.0666666666666666,0.0,0.0,0.0023659526452766,85.7890625,2.0,20.86868466313691,2.212782450805003,0.0,0.0097663634000525,53.79296875,2.0,3.0668711247416494,4.998510397431896,0.0,0.009459692004167,86.88671875,2.0,0.8000444474076049,2.200032594765571,0.0,0.0032733738213205,55.7109375,2.0,2.866951142522272,4.61875,0.0,0.0037133610356402,142.82421875,2.0,0.0044638683574053,50.1953125,2.0
2026-05-29T10:45:42Z,2.533333333333333,262.49999999999727,0.0,0.0196186816905912,62.9921875,2.0,4.600124452741294,4.79213742442713,0.0,0.0074314779510516,190.5703125,0.0,0.0666666666666666,0.0,0.0,0.0024987168216371,56.39453125,2.0,14.000422250372248,4.403305132408725,0.0,0.0088118616427771,87.4375,2.0,0.1333288891851654,4.8,0.0,0.0054524111943776,82.0625,3.0,0.1333333333333333,0.475,0.0,0.0023815881939566,85.7890625,2.0,23.46661788177756,2.2734664679146706,0.0,0.0099760186001167,53.65234375,2.0,3.0668711247416494,4.998510397431896,0.0,0.0092635071614248,86.88671875,2.0,1.0666888903704692,2.2000651880824305,0.0,0.002388799102339,55.7109375,2.0,2.866951142522272,4.61875,0.0,0.003814821532211,142.81640625,2.0,0.0044638683574053,50.1953125,2.0
2026-05-29T10:45:47Z,2.533333333333333,262.49999999999727,0.0,0.0196186816905912,62.9921875,2.0,5.133164455702953,4.792090308089346,0.0,0.0086398302036117,190.5703125,0.0,0.0666622225184987,24.25,0.0,0.0029332156915977,56.39453125,2.0,17.332680043552653,4.358007036254612,0.0,0.0092015562030041,87.76953125,2.0,0.0666622225184987,4.800000000000001,0.0,0.0054524111943776,82.0625,3.0,0.0666666666666666,4.600004444543211,0.0,0.0023815881939566,85.7890625,2.0,25.66516011406738,2.218181760459192,0.0,0.0069375249766663,53.65234375,2.0,3.2666533478517925,5.035714285714263,0.0,0.0092635071614248,86.88671875,2.0,1.199960002666489,0.4987496833234811,0.0,0.0032007194374648,55.7109375,2.0,2.9998000133324445,4.615625,0.0,0.003709735543604,142.81640625,2.0,0.0044638683574053,50.1953125,2.0
2026-05-29T10:45:52Z,2.533333333333333,262.49999999999727,0.0,0.0181659027925819,62.9921875,2.0,5.133164455702953,4.792090308089346,0.0,0.0086398302036117,190.5703125,0.0,0.0666622225184987,24.25,0.0,0.0031114573651888,56.80859375,2.0,19.73334230992597,4.326082449411334,0.0,0.0092028600100337,87.76953125,2.0,0.0666622225184987,4.800000000000001,0.0,0.0055406339131483,82.078125,3.0,0.0666666666666666,4.600004444543212,0.0,0.0026846147056227,85.953125,2.0,25.86528902695992,2.027808973506948,0.0,0.0077217717042261,53.65234375,2.0,3.4667822607443366,4.972723259652547,0.0,0.0092635071614248,86.88671875,2.0,1.199960002666489,0.4987496833234811,0.0,0.0031406925692398,55.7109375,2.0,2.9998000133324445,4.615625,0.0,0.0037813123860771,142.8515625,2.0,0.0044653654802915,50.19140625,2.0
2026-05-29T10:45:57Z,2.867048939858648,49.249999999999964,0.0,0.0181659027925819,62.9921875,2.0,5.000160055116209,4.787982564358634,0.0,0.0088019141121627,192.39453125,0.0,0.0666622225184987,24.25,0.0,0.0031114573651888,56.80859375,2.0,19.73334230992597,4.326082449411334,0.0,0.0092028600100337,87.76953125,2.0,0.1333511134817975,4.8,0.0,0.0055406339131483,82.078125,3.0,0.1333422228148543,4.199999999999999,0.0,0.0026846147056227,85.953125,2.0,28.801427017813875,2.148622034876824,0.0,0.0079626922989325,53.65234375,2.0,3.4667822607443366,4.972723259652547,0.0,0.0094809872762413,87.74609375,2.0,1.4667422402981731,0.4981701288675852,0.0,0.0031406925692398,55.7109375,2.0,2.9998000133324445,4.615625,0.0,0.0037813123860771,142.8515625,2.0,0.0044653654802915,50.19140625,2.0
2026-05-29T10:46:02Z,2.867048939858648,49.249999999999964,0.0,0.0181659027925819,62.9921875,2.0,5.067288971862915,4.788584968427781,0.0,0.0085353772499194,192.39453125,0.0,0.4000266702226964,24.25,0.0,0.003298242177937,56.80859375,2.0,20.535275770396076,4.229378531073446,0.0,0.0096719509540737,87.58984375,2.0,0.3333511134817976,4.8,0.0,0.0039122311265452,82.078125,3.0,0.3333422228148543,4.65,0.0,0.0026846147056227,85.953125,2.0,28.87040938791839,1.767642417636973,0.0,0.0071784455713727,53.65234375,2.0,3.4004533937858383,4.910947690259268,0.0,0.009667359181447,87.74609375,2.0,1.800186691558875,0.4841345255948308,0.0,0.0031406925692398,55.7109375,2.0,2.6669378082999904,4.609677419354838,0.0,0.0037813123860771,142.8515625,2.0,0.0045579341404934,50.19140625,2.0
2026-05-29T10:46:07Z,2.867048939858648,49.249999999999964,0.0,0.0147428071355366,62.9921875,2.0,5.067288971862915,4.788492272714297,0.0,0.0082648006121323,193.65234375,0.0,0.4000266702226964,24.25,0.0,0.0028424067853784,56.80859375,2.0,19.00184020802525,4.129885057471264,0.0,0.0088356208493768,87.58984375,2.0,0.3333511134817976,4.8,0.0,0.0044021191377829,82.46484375,3.0,0.3333422228148543,4.65,0.0,0.0026516150364752,86.015625,2.0,29.00351157932169,1.5969025134170538,0.0,0.0063941988438129,53.65234375,2.0,3.5335555851891365,4.932866785968768,0.0,0.0097367512099127,87.90234375,2.0,1.800186691558875,0.4841345255948308,0.0,0.0032261236235734,56.1875,2.0,2.6669378082999904,4.609677419354838,0.0,0.0032446381683811,142.8515625,2.0,0.004504423563568,50.20703125,2.0
2026-05-29T10:46:12Z,2.4001600106673777,812.4999999999964,0.0,0.0208692974500657,62.67578125,2.0,4.866960039116327,4.790175965452677,0.0,0.0085535698388676,193.65234375,0.0,0.4000266702226964,24.25,0.0,0.0027708290850334,56.80859375,2.0,19.00184020802525,4.129885057471264,0.0,0.0101577995400654,87.58984375,2.0,0.2666666666666666,4.800000000000001,0.0,0.0048784015026613,82.46484375,3.0,0.2666711114074271,4.6,0.0,0.0026516150364752,86.015625,2.0,26.20151131261946,1.3723537181478385,0.0,0.0062583459950885,53.65234375,2.0,3.5335555851891365,4.932866785968768,0.0,0.0097367512099127,87.90234375,2.0,1.4667377872605236,0.4830508474576271,0.0,0.0032261236235734,56.1875,2.0,2.6669378082999904,4.609677419354838,0.0,0.0040061499829756,143.40234375,2.0,0.004504423563568,50.20703125,2.0
2026-05-29T10:46:17Z,2.4001600106673777,812.4999999999964,0.0,0.0208692974500657,62.67578125,2.0,4.266666666666667,4.790441130713809,0.0,0.0085535698388676,193.65234375,0.0,0.0,24.25,0.0,0.0033126827705004,57.1015625,2.0,13.867226704002489,4.1362572595862215,0.0,0.0095173723182089,87.59375,2.0,0.0666666666666666,4.8,0.0,0.005715388378541,82.46484375,3.0,0.0666711114074271,4.600004444641984,0.0,0.0026516150364752,86.015625,2.0,24.4,1.4209145804482868,0.0,0.0105798693463143,53.73046875,2.0,3.533333333333333,4.902702702702703,0.0,0.0079205833600161,87.90234375,2.0,0.9333333333333332,0.475,0.0,0.0022825801207914,56.78125,2.0,2.866768895704158,4.619999999999999,0.0,0.0040061499829756,143.40234375,2.0,0.0044891599329165,50.20703125,2.0
2026-05-29T10:46:22Z,2.4001600106673777,812.4999999999964,0.0,0.0208692974500657,62.67578125,2.0,4.266666666666667,4.790356383230941,0.0,0.0068322032230442,194.97265625,0.0,0.0,24.25,0.0,0.0033126827705004,57.1015625,2.0,11.867093361779672,4.140971507160399,0.0,0.0097939483431786,87.59375,2.0,0.0666666666666666,4.8,0.0,0.0057611791433478,83.265625,3.0,0.0666711114074271,4.600004444641984,0.0,0.0027836127266503,86.046875,2.0,24.133440007111584,1.473550047322982,0.0,0.0105798693463143,53.73046875,2.0,3.266773340444918,4.876509488936348,0.0,0.0098033301426878,88.171875,2.0,0.9333333333333332,0.475,0.0,0.0025573166923669,56.78125,2.0,2.866768895704158,4.619999999999999,0.0,0.0033926574681953,143.40234375,2.0,0.0044891599329165,50.20703125,2.0
2026-05-29T10:46:27Z,2.2668177878525237,1112.4999999999968,0.0,0.021323963165542,62.67578125,2.0,4.400320042672357,4.791327187571769,0.0,0.0082447595561035,194.97265625,0.0,0.0,24.25,0.0,0.0033684710351376,56.9921875,2.0,11.867093361779672,4.140971507160399,0.0,0.0097939483431786,87.59375,2.0,0.0666755567408987,4.8,0.0,0.0058658247469679,83.265625,3.0,0.0666711114074271,4.6,0.0,0.0027836127266503,86.046875,2.0,26.13438673689357,1.492708110226873,0.0,0.0109111958952767,53.73828125,2.0,3.266773340444918,4.876509488936348,0.0,0.0098033301426878,88.171875,2.0,0.9333688912594174,0.475,0.0,0.003296838858905,56.78125,2.0,2.866768895704158,4.619999999999999,0.0,0.0039292731258963,143.15234375,2.0,0.0046302905204676,49.58984375,2.0
2026-05-29T10:46:32Z,2.2668177878525237,1112.4999999999968,0.0,0.0209059756019361,61.2578125,2.0,4.667271191714451,4.791327241259527,0.0,0.0082447595561035,194.97265625,0.0,0.1333422234075654,24.25,0.0,0.0033684710351376,56.9921875,2.0,13.401297922387757,4.1979020500649895,0.0,0.0079313570116025,87.59375,2.0,0.1333422234075654,4.8,0.0,0.0058658247469679,83.265625,3.0,0.1333377780740938,4.599991110518479,0.0,0.0027836127266503,86.046875,2.0,28.06930250344022,1.9488043310222296,0.0,0.0109111958952767,53.73828125,2.0,3.4003467057825194,4.873548633155828,0.0,0.0098033301426878,88.171875,2.0,1.0000800082972443,0.4826614441079934,0.0,0.003296838858905,56.78125,2.0,3.266995592300722,4.611597953999451,0.0,0.0039292731258963,143.15234375,2.0,0.0046302905204676,49.58984375,2.0
2026-05-29T10:46:37Z,2.2668177878525237,1112.4999999999968,0.0,0.0209059756019361,61.2578125,2.0,4.667271191714451,4.791242025665842,0.0,0.008160932256518,195.95703125,0.0,0.1333422234075654,24.25,0.0,0.0033049999999998,56.9921875,2.0,14.46704014934661,4.249230653595972,0.0,0.0091410384576144,87.62109375,2.0,0.1333422234075654,4.8,0.0,0.0058658247469679,83.265625,3.0,0.1333377780740938,4.599991110518479,0.0,0.0026538612633102,85.92578125,2.0,28.0025291629953,1.872513347572607,0.0,0.0109111958952767,53.73828125,2.0,3.3335733653376005,4.873549125257004,0.0,0.0076195932098756,88.18359375,2.0,1.0000800082972443,0.4826614441079934,0.0,0.0032667316180857,56.82421875,2.0,3.266995592300722,4.611597953999451,0.0,0.0038950192768575,143.16015625,2.0,0.0045857323765297,49.33203125,2.0
2026-05-29T10:46:42Z,2.466666666666667,1199.999999999997,0.0,0.0132294344621349,61.328125,2.0,4.533466714671053,4.794117843148149,0.0,0.0077453624774167,195.95703125,0.0,0.1333422234075654,24.25,0.0,0.0026384916666665,56.9921875,2.0,14.46704014934661,4.249230653595972,0.0,0.0091410384576144,87.62109375,2.0,0.1333333333333333,4.8,0.0,0.0057659154570926,82.859375,3.0,0.1333333333333333,4.699997777679008,0.0,0.0026538612633102,85.92578125,2.0,26.602435823439333,1.9375402804374964,0.0,0.0066654961205185,53.75,2.0,3.3335733653376005,4.873549125257004,0.0,0.0095112154407918,88.18359375,2.0,1.133377783704494,0.4834824862035001,0.0,0.0032667316180857,56.82421875,2.0,3.266995592300722,4.611597953999451,0.0,0.0038646682922729,143.16015625,2.0,0.0045857323765297,49.33203125,2.0
2026-05-29T10:46:47Z,2.466666666666667,1199.999999999997,0.0,0.0149184134303371,61.328125,2.0,4.999928914965492,4.81333358861031,0.0,0.0077453624774167,195.95703125,0.0,0.4000400080016003,24.25,0.0,0.0031533865731983,56.98828125,2.0,14.999622279409996,4.2963009498614735,0.0,0.0083466200397097,87.62109375,2.0,0.266706674668267,4.8,0.0,0.0057659154570926,82.859375,3.0,0.266706674668267,4.700004444641984,0.0,0.0026538612633102,85.92578125,2.0,28.40093340622921,2.1414569367566463,0.0,0.0076114127498885,53.75,2.0,3.666666666666667,4.876000281490864,0.0,0.0095112154407918,88.18359375,2.0,1.933413349336534,0.4932693088366063,0.0,0.0032082624067041,56.82421875,2.0,2.4,4.6173913043478265,0.0,0.0038646682922729,143.16015625,2.0,0.0045857323765297,49.33203125,2.0
2026-05-29T10:46:52Z,2.466666666666667,1199.999999999997,0.0,0.0166073923985394,61.328125,2.0,4.999928914965492,4.81333358861031,0.0,0.0061732905583546,195.95703125,0.0,0.4000400080016003,24.25,0.0,0.0025617606541528,56.98828125,2.0,15.201142382541494,4.34148891651413,0.0,0.0088944528087906,87.65625,2.0,0.266706674668267,4.8,0.0,0.0057886998037549,82.859375,3.0,0.266706674668267,4.700004444641984,0.0,0.0027586934380905,85.9296875,2.0,29.134417860748403,2.1880939681410823,0.0,0.0085573293792585,53.75,2.0,4.400151121185857,4.871698113207547,0.0,0.0098382152098899,88.21484375,2.0,1.933413349336534,0.4932693088366063,0.0,0.0026466026013704,56.82421875,2.0,2.4,4.6173913043478265,0.0,0.0032860320321432,143.16015625,2.0,0.0047833841768919,49.4375,2.0
2026-05-29T10:46:57Z,2.4668311220748045,47.00000000000002,0.0,0.0211843833185486,61.22265625,2.0,5.466928917041048,4.810152265939008,0.0,0.0092817866397294,197.7265625,0.0,0.4000400080016003,24.25,0.0,0.0035165656179882,56.75390625,2.0,15.201142382541494,4.34148891651413,0.0,0.0088944528087906,87.65625,2.0,0.3333822308164546,4.8,0.0,0.0057964272211716,83.3203125,3.0,0.3333822308164546,4.680004266894234,0.0,0.0027586934380905,85.9296875,2.0,31.467906760008358,2.2408834303749083,0.0,0.0095680433574996,53.6796875,2.0,4.400151121185857,4.871698113207547,0.0,0.0098038008927344,88.21484375,2.0,2.2002044770424503,0.4916663612564793,0.0,0.0023792474008117,56.82421875,2.0,2.4,4.6173913043478265,0.0,0.0038503801050387,143.16015625,2.0,0.0047833841768919,49.4375,2.0
2026-05-29T10:47:02Z,2.4668311220748045,47.00000000000002,0.0,0.0211843833185486,61.22265625,2.0,5.133675578371891,4.8096621368746,0.0,0.0092817866397294,197.7265625,0.0,0.0,24.25,0.0,0.0035165656179882,56.75390625,2.0,14.134786831723796,4.366671058949446,0.0,0.0093271103459404,87.65625,2.0,0.1333422228148543,4.8,0.0,0.0057964272211716,83.3203125,3.0,0.1333422228148543,4.68,0.0,0.0027047844897807,85.921875,2.0,29.601973464897657,2.276591317126728,0.0,0.0114401623734585,53.6796875,2.0,4.200280018667911,4.844705876508711,0.0,0.0098038008927344,88.21484375,2.0,1.400155574224573,0.4903226245829551,0.0,0.0033100523404728,56.8671875,2.0,3.467017817189946,4.622857142857143,0.0,0.0038503801050387,143.16015625,2.0,0.0047833841768919,49.4375,2.0
2026-05-29T10:47:07Z,2.4668311220748045,47.00000000000002,0.0,0.0211843833185486,61.22265625,2.0,5.133675578371891,4.8096621368746,0.0,0.0097996266144335,197.7265625,0.0,0.0,24.25,0.0,0.0035165656179882,56.75390625,2.0,12.400826721781453,4.376358794208932,0.0,0.0093271103459404,87.65625,2.0,0.1333422228148543,4.8,0.0,0.0057662363232363,83.3203125,3.0,0.1333422228148543,4.68,0.0,0.0027135388327692,85.921875,2.0,29.468631242082804,2.236555429995358,0.0,0.0117861327569529,53.68359375,2.0,4.066937795853057,4.843428579701142,0.0,0.0103522393712716,88.2109375,2.0,1.400155574224573,0.4903226245829551,0.0,0.0033430423068522,56.8671875,2.0,3.467017817189946,4.622857142857143,0.0,0.0038970714900946,142.9140625,2.0,0.0030503500000008,49.4375,2.0
2026-05-29T10:47:12Z,2.8001866791119405,39.06249999999997,0.0,0.0178683889048574,61.20703125,2.0,4.8668266773340445,4.807548107700647,0.0,0.009344923476637,199.2578125,0.0,0.0,24.25,0.0,0.0028716470201248,56.75390625,2.0,12.400826721781453,4.376358794208932,0.0,0.009311598700302,87.9609375,2.0,0.0666666666666666,4.800000000000001,0.0,0.0057424965617667,83.3671875,3.0,0.0666711114074271,4.68,0.0,0.0027135388327692,85.921875,2.0,29.53428895259684,2.2354354918836177,0.0,0.0117861327569529,53.68359375,2.0,4.066937795853057,4.843428579701142,0.0,0.0103522393712716,88.2109375,2.0,1.06669777985199,0.4898439613296753,0.0,0.0032895100598987,56.859375,2.0,3.467017817189946,4.622857142857143,0.0,0.0039298752984872,142.9140625,2.0,0.005262528832041,54.046875,2.0
2026-05-29T10:47:17Z,2.8001866791119405,39.06249999999997,0.0,0.0214349931380934,61.20703125,2.0,5.000186681482785,4.807619659975086,0.0,0.009344923476637,199.2578125,0.0,0.2666933362966519,24.25,0.0,0.0032510561494675,56.75390625,2.0,13.467595621634588,4.370984298446057,0.0,0.0096158306672763,87.9609375,2.0,0.2000177801484642,4.8,0.0,0.0057424965617667,83.3671875,3.0,0.2000222248892247,4.700003703895757,0.0,0.0027720068104826,86.125,2.0,29.600982290671624,2.0022977265922983,0.0,0.0118049826474942,53.68359375,2.0,4.000266684445629,4.84393063583815,0.0,0.0101267777474275,88.515625,2.0,1.3334000068155851,0.4820895052063983,0.0,0.0033299336625849,56.859375,2.0,3.0001022290374912,4.620289855072463,0.0,0.0039298752984872,142.9140625,2.0,0.005262528832041,54.046875,2.0
2026-05-29T10:47:22Z,2.8001866791119405,39.06249999999997,0.0,0.0183896164879987,61.20703125,2.0,5.000186681482785,4.807619659975086,0.0,0.0098957900061829,199.2578125,0.0,0.2666933362966519,24.25,0.0,0.0032510561494675,56.75390625,2.0,14.66815127764974,4.346861294979575,0.0,0.0096158306672763,87.9609375,2.0,0.2000177801484642,4.8,0.0,0.0057557120980077,83.3671875,3.0,0.2000222248892247,4.700003703895757,0.0,0.0024261717250451,86.125,2.0,29.067720087415527,1.972101569121992,0.0,0.0112917875148408,53.6796875,2.0,3.4670044811895315,4.844444427116027,0.0,0.0104369247301787,88.515625,2.0,1.3334000068155851,0.4820895052063983,0.0,0.0032771810148167,56.8671875,2.0,3.0001022290374912,4.620289855072463,0.0,0.0038922182139436,142.9296875,2.0,0.005262528832041,54.046875,2.0
2026-05-29T10:47:27Z,2.2001466764450965,39.06250000000003,0.0,0.0208458544388171,61.19921875,2.0,5.000680113502522,4.808611813384056,0.0,0.0090654939471506,200.37109375,0.0,0.2666933362966519,24.25,0.0,0.0035123871533786,56.7578125,2.0,14.66815127764974,4.346861294979575,0.0,0.0093935538266976,87.828125,2.0,0.2000266702226963,4.8,0.0,0.0056115042565317,83.37890625,3.0,0.2000266702226963,4.666666666666666,0.0,0.0028219593647236,86.125,2.0,26.868586811863825,1.8976282698466087,0.0,0.011394140244561,53.6796875,2.0,3.4670044811895315,4.844444427116027,0.0,0.0104369247301787,88.515625,2.0,1.2667688980750025,0.4887680250350034,0.0,0.0032771810148167,56.8671875,2.0,3.0001022290374912,4.620289855072463,0.0,0.0039283483456296,142.9296875,2.0,0.0052918740346664,54.0234375,2.0
2026-05-29T10:47:32Z,2.2001466764450965,39.06250000000003,0.0,0.0210002986171723,61.19921875,2.0,4.800493432019738,4.790565812254938,0.0,0.0090654939471506,200.37109375,0.0,0.0,24.25,0.0,0.0035123871533786,56.7578125,2.0,15.467617904609504,4.317512751530491,0.0,0.0093935538266976,87.828125,2.0,0.0666755567408987,4.8,0.0,0.0056115042565317,83.37890625,3.0,0.0666755567408987,4.533321480691305,0.0,0.0023853944122249,86.125,2.0,25.801080086229867,1.97932012762571,0.0,0.0097622461584233,53.6796875,2.0,3.3335466951149044,4.821839565805026,0.0,0.0104369247301787,88.515625,2.0,1.200035557926084,0.4976189678281818,0.0,0.0032771810148167,56.8671875,2.0,2.933431117630064,4.634663394554078,0.0,0.0039283483456296,142.9296875,2.0,0.0052918740346664,54.0234375,2.0
2026-05-29T10:47:37Z,2.2001466764450965,39.06250000000003,0.0,0.0210002986171723,61.19921875,2.0,4.800493432019738,4.790565812254938,0.0,0.0078593830568109,200.37109375,0.0,0.0,24.25,0.0,0.0035123871533786,56.7578125,2.0,17.266071150812166,4.295287957018697,0.0,0.0091117978497092,87.828125,2.0,0.0666755567408987,4.8,0.0,0.0056115042565317,83.37890625,3.0,0.0666755567408987,4.533321480691305,0.0,0.0021229898814298,86.125,2.0,26.267533391114963,1.9176509867836125,0.0,0.0113934356665795,53.8671875,2.0,3.8,4.8,0.0,0.0101604385986241,84.95703125,2.0,1.200035557926084,0.4976189678281818,0.0,0.0026451351651896,56.8671875,2.0,2.933431117630064,4.634663394554078,0.0,0.0033106678808968,142.9296875,2.0,0.005263768557621,54.38671875,2.0
2026-05-29T10:47:42Z,3.0,29.9999999999998,0.0,0.0166069718975425,61.19921875,2.0,4.666511121480791,4.7917431158992585,0.0,0.0080643868381925,198.0078125,0.0,0.0,24.25,0.0,0.0033105645812763,57.0,2.0,17.266071150812166,4.295287957018697,0.0,0.0091117978497092,87.828125,2.0,0.0,4.800000000000001,0.0,0.0045982888220192,83.37890625,3.0,0.0,4.599991110518479,0.0,0.0018940010417033,86.125,2.0,28.601022290374917,1.8891607253999776,0.0,0.0113203911837682,53.8671875,2.0,3.8,4.8,0.0,0.0101604385986241,84.95703125,2.0,1.3333333333333333,1.1333520993214663,0.0,0.0029331288029992,56.8671875,2.0,2.933431117630064,4.634663394554078,0.0,0.0039498380912649,143.04296875,2.0,0.005263768557621,54.38671875,2.0
2026-05-29T10:47:47Z,3.0,29.9999999999998,0.0,0.020640883506736,61.203125,2.0,4.5334711605971165,4.791628001303224,0.0,0.0080643868381925,198.0078125,0.0,0.0,24.25,0.0,0.0030681216327278,57.0,2.0,15.466942378086916,4.290057141819944,0.0,0.0090384804950621,84.48046875,2.0,0.0,4.8,0.0,0.0055422243026442,81.015625,3.0,0.0,4.6,0.0,0.0026591223189447,83.90625,2.0,28.40248915262321,1.7273015151939235,0.0,0.0113203911837682,53.8671875,2.0,3.8002311419300354,4.8,0.0,0.0101604385986241,84.95703125,2.0,0.9333688936302618,2.3000322232963324,0.0,0.0034559236537149,56.8671875,2.0,3.466897808596702,4.620786450214737,0.0,0.0039498380912649,143.04296875,2.0,0.005263768557621,54.38671875,2.0
2026-05-29T10:47:52Z,3.0,29.9999999999998,0.0,0.020640883506736,61.203125,2.0,4.5334711605971165,4.791628001303224,0.0,0.0080643868381925,198.0078125,0.0,0.0,24.25,0.0,0.0031386219338721,56.76953125,2.0,13.135084677957062,4.249723756906077,0.0,0.0089246227100326,84.48046875,2.0,0.0,4.8,0.0,0.0055422243026442,81.015625,3.0,0.0,4.6,0.0,0.0026970895665518,83.90625,2.0,28.33608918818351,1.648032489889728,0.0,0.0110808377442101,51.953125,2.0,3.733831177490332,4.8,0.0,0.0100165652959126,85.21875,2.0,0.9333688936302618,2.3000322232963324,0.0,0.0033276381909551,54.09375,2.0,3.466897808596702,4.620786450214737,0.0,0.004020684934437,143.05078125,2.0,0.0040783686441849,54.38671875,2.0
2026-05-29T10:47:57Z,2.7336978263768508,599.999999999998,0.0,0.0206735131475036,61.203125,2.0,4.733964528603814,4.7925232798528725,0.0,0.0085497631366385,199.578125,0.0,0.0,24.25,0.0,0.0027141146259724,56.76953125,2.0,13.135084677957062,4.249723756906077,0.0,0.0089246227100326,84.48046875,2.0,0.0666711114074271,4.800000000000001,0.0,0.0054836897426605,81.015625,3.0,0.0666755567408987,4.699997777580228,0.0,0.0026970895665518,83.90625,2.0,27.13695159354581,1.5027478867039907,0.0,0.010561682412791,51.953125,2.0,3.733831177490332,4.8,0.0,0.0100165652959126,85.21875,2.0,1.2002222643043967,2.399985554351744,0.0,0.0033276381909551,54.09375,2.0,3.466897808596702,4.620786450214737,0.0,0.004020684934437,143.05078125,2.0,0.0049221319104044,54.60546875,2.0
2026-05-29T10:48:02Z,2.7336978263768508,599.999999999998,0.0,0.0207396387989251,61.13671875,2.0,5.333857835266095,4.791627828994697,0.0,0.0085497631366385,199.578125,0.0,0.3333555570371358,24.25,0.0,0.0032074677075573,56.76953125,2.0,14.001373483573396,4.269148866125326,0.0,0.0096407132801496,89.0859375,2.0,0.2666844456297086,4.8,0.0,0.0054058281551325,81.015625,3.0,0.2666888909631802,4.699995555160458,0.0,0.0027550810508664,83.86328125,2.0,29.803062569820074,1.3915198467309104,0.0,0.010561682412791,51.953125,2.0,4.000400044449778,4.8231704773745925,0.0,0.0100165652959126,85.21875,2.0,2.066928931267064,3.399986030617189,0.0,0.0033917896746717,54.09375,2.0,2.6003511700851183,4.632428960008217,0.0,0.0039662700804076,143.05078125,2.0,0.0049221319104044,54.60546875,2.0
2026-05-29T10:48:07Z,2.7336978263768508,599.999999999998,0.0,0.0207396387989251,61.13671875,2.0,5.333857835266095,4.791627828994697,0.0,0.0085497631366385,199.578125,0.0,0.3333555570371358,24.25,0.0,0.0027343751303251,56.76953125,2.0,15.06716003289108,4.264905023843662,0.0,0.0096407132801496,89.0859375,2.0,0.2666844456297086,4.8,0.0,0.0054058281551325,81.015625,3.0,0.2666888909631802,4.699995555160458,0.0,0.0027550810508664,83.86328125,2.0,29.269364763000084,1.7493166444258672,0.0,0.0109579722093753,52.3828125,2.0,3.466702237629788,4.845783132530121,0.0,0.0102455072953641,85.21875,2.0,2.066928931267064,3.399986030617189,0.0,0.0034819442067431,54.08984375,2.0,2.6003511700851183,4.632428960008217,0.0,0.0040302628086009,143.05078125,2.0,0.0049221319104044,54.60546875,2.0
2026-05-29T10:48:12Z,2.333333333333333,624.9999999999975,0.0,0.0213038238075947,61.13671875,2.0,4.866991132742182,4.790654287715287,0.0,0.00772505111819,199.578125,0.0,0.3333555570371358,24.25,0.0,0.003706038533424,60.43359375,2.0,15.06716003289108,4.264905023843662,0.0,0.009973903648501,89.0859375,2.0,0.3333555570371358,4.8,0.0,0.0054518664047161,81.015625,3.0,0.3333466675556148,4.666666666666667,0.0,0.0027550810508664,83.86328125,2.0,26.00008900444484,1.879022102589147,0.0,0.0109579722093753,52.3828125,2.0,3.466702237629788,4.845783132530121,0.0,0.0096605032067097,84.96875,2.0,1.6667066740742518,3.228583039138495,0.0,0.0035670765084847,54.08984375,2.0,2.6003511700851183,4.632428960008217,0.0,0.0040302628086009,143.05078125,2.0,0.0048481973434534,54.36328125,2.0
2026-05-29T10:48:17Z,2.333333333333333,624.9999999999975,0.0,0.0213038238075947,61.13671875,2.0,4.266813343111763,4.790697760475875,0.0,0.0085483176143374,199.99609375,0.0,0.2000044447407604,24.25,0.0,0.0037286278735632,60.43359375,2.0,16.600008889481522,4.287889825840192,0.0,0.009973903648501,89.0859375,2.0,0.2000133342222814,4.8,0.0,0.0054518664047161,81.015625,3.0,0.2000044447407604,4.720001422291757,0.0,0.0020389482566805,83.875,2.0,21.9991822773297,2.0262011246566125,0.0,0.0109579722093753,52.3828125,2.0,2.9332355620736394,4.894411052093034,0.0,0.0095765938017248,84.96875,2.0,1.133306669629511,3.200014603870021,0.0,0.0035670765084847,54.08984375,2.0,2.733244450369975,4.629733258014557,0.0,0.0039826215958461,141.36328125,2.0,0.0048481973434534,54.36328125,2.0
2026-05-29T10:48:22Z,2.333333333333333,624.9999999999975,0.0,0.0213038238075947,61.13671875,2.0,4.266813343111763,4.790697760475875,0.0,0.0085483176143374,199.99609375,0.0,0.2000044447407604,24.25,0.0,0.0037286278735632,60.43359375,2.0,18.934675733949675,4.299497270413189,0.0,0.0101621355397948,89.65234375,2.0,0.2000133342222814,4.8,0.0,0.0044526301571717,81.015625,3.0,0.2000044447407604,4.720001422291757,0.0,0.0022818392277544,83.875,2.0,21.732773403258907,2.1116543921939472,0.0,0.0107277399895365,52.3828125,2.0,2.666826688002845,4.898701298701299,0.0,0.0093634217556071,85.0,2.0,1.133306669629511,3.200014603870021,0.0,0.0032452181152914,54.33203125,2.0,2.733244450369975,4.629733258014557,0.0,0.0031997831339967,141.36328125,2.0,0.0046874221003528,54.50390625,2.0
2026-05-29T10:48:27Z,2.066804453630242,899.999999999998,0.0,0.0154006026578828,61.13671875,2.0,4.466675556148188,4.79009900990099,0.0,0.0085408801372851,199.99609375,0.0,0.2000044447407604,24.25,0.0,0.0038778632533883,60.6953125,2.0,18.934675733949675,4.299497270413189,0.0,0.0108601601517807,89.65234375,2.0,0.1333422228148543,4.800000000000001,0.0,0.0038566657135165,81.015625,3.0,0.1333377780740938,4.680002133437634,0.0,0.0029146916528877,83.875,2.0,21.20154242758292,2.2404761904761834,0.0,0.0098521917031284,52.17578125,2.0,2.666826688002845,4.898701298701299,0.0,0.0093634217556071,85.0,2.0,1.20008890014961,3.257129341245121,0.0,0.0032452181152914,54.33203125,2.0,2.733244450369975,4.629733258014557,0.0,0.0039683677887212,141.36328125,2.0,0.004628033295711,54.50390625,2.0
2026-05-29T10:48:32Z,2.066804453630242,899.999999999998,0.0,0.0194099858563646,60.6640625,2.0,4.400133342222815,4.789583234707041,0.0,0.0077806674897285,200.50390625,0.0,0.1333377780740938,24.25,0.0,0.0038778632533883,60.6953125,2.0,17.735164655433326,4.252961971668556,0.0,0.0108601601517807,89.65234375,2.0,0.1333377780740938,4.800000000000001,0.0,0.0051816203088484,81.015625,3.0,0.1333333333333333,4.699999999999999,0.0,0.0029146916528877,83.875,2.0,21.268840247437577,2.0513352445580795,0.0,0.0098521917031284,52.17578125,2.0,2.666924472299576,4.906293041405379,0.0,0.0093634217556071,85.0,2.0,1.1334400124459854,3.228544578282649,0.0,0.0032432033200862,54.09375,2.0,2.800280031114845,4.641784747371752,0.0,0.0033661900232704,141.36328125,2.0,0.004628033295711,54.50390625,2.0
2026-05-29T10:48:37Z,2.066804453630242,899.999999999998,0.0,0.0194099858563646,60.6640625,2.0,4.400133342222815,4.789583234707041,0.0,0.0077806674897285,200.50390625,0.0,0.1333377780740938,24.25,0.0,0.0038778632533883,60.6953125,2.0,14.13340450607439,4.2450316488870605,0.0,0.0102648711335051,90.3515625,2.0,0.1333377780740938,4.800000000000001,0.0,0.0051816203088484,81.015625,3.0,0.1333333333333333,4.699999999999999,0.0,0.0022838795119115,83.875,2.0,21.868560234100865,2.072922156627161,0.0,0.0095689886035655,52.17578125,2.0,3.2666444589628645,4.912593862183582,0.0,0.0071779105423024,85.0,2.0,1.1334400124459854,3.228544578282649,0.0,0.0033253271452837,54.09375,2.0,2.800280031114845,4.641784747371752,0.0,0.0038700698511249,141.48046875,2.0,0.0024194750000006,54.50390625,2.0
2026-05-29T10:48:42Z,2.4,958.3333333333331,0.0,0.0194099858563646,60.6640625,2.0,4.66696890903838,4.78860103626943,0.0,0.0067883412634287,200.50390625,0.0,0.1333377780740938,24.25,0.0,0.0040972516505454,60.6953125,2.0,14.13340450607439,4.2450316488870605,0.0,0.0102648711335051,90.3515625,2.0,0.2,4.8,0.0,0.0051816203088484,81.015625,3.0,0.2000088894815209,4.666669135866485,0.0,0.0020409885408375,83.875,2.0,26.60051560592822,2.18648949982566,0.0,0.0095689886035655,52.17578125,2.0,3.2666444589628645,4.912593862183582,0.0,0.0089907139953361,85.24609375,2.0,1.199982226962884,3.2285982768144548,0.0,0.0033253271452837,54.09375,2.0,2.800280031114845,4.641784747371752,0.0,0.0037543620678471,141.48046875,2.0,0.0024194750000006,54.50390625,2.0
2026-05-29T10:48:47Z,2.4,958.3333333333331,0.0,0.019166297390446,60.57421875,2.0,5.333688912594173,4.789690721649484,0.0,0.0070924991523902,200.7265625,0.0,0.1333422228148543,24.25,0.0,0.0038306712962966,60.96875,2.0,13.866737839407724,4.232984230315317,0.0,0.009322418754043,90.26953125,2.0,0.2000044447407604,4.8,0.0,0.0052846014371087,80.7734375,3.0,0.2000133342222814,4.640002844520298,0.0,0.0027037045677224,84.09375,2.0,30.80080895881841,1.8363620636432476,0.0,0.0101170200551136,52.1328125,2.0,3.933355573037136,4.9688914188037785,0.0,0.0089907139953361,85.24609375,2.0,1.4000044506666864,2.1500350003888853,0.0,0.0028097259343876,54.09375,2.0,3.1334444518523457,4.631431879445942,0.0,0.0037543620678471,141.48046875,2.0,0.004395767958612,54.98828125,2.0
2026-05-29T10:48:52Z,2.4,958.3333333333331,0.0,0.019166297390446,60.57421875,2.0,5.333688912594173,4.789690721649484,0.0,0.0070924991523902,200.7265625,0.0,0.1333422228148543,24.25,0.0,0.0033197244423241,60.96875,2.0,14.068044594980822,4.229664579599886,0.0,0.009322418754043,90.26953125,2.0,0.2000044447407604,4.8,0.0,0.0052846014371087,80.7734375,3.0,0.2000133342222814,4.640002844520298,0.0,0.0027037045677224,84.09375,2.0,31.001195653045908,1.7156660582038952,0.0,0.009708889264201,52.1328125,2.0,4.1337422672646325,4.960562090343304,0.0,0.0093267329869479,85.24609375,2.0,1.4000044506666864,2.1500350003888853,0.0,0.0030489216078278,54.09375,2.0,3.1334444518523457,4.631431879445942,0.0,0.0038380835033434,141.484375,2.0,0.004395767958612,54.98828125,2.0
2026-05-29T10:48:57Z,2.7336978263768508,562.4999999999969,0.0,0.019166297390446,60.57421875,2.0,5.133675578371891,4.787692307692307,0.0,0.0069151549508692,200.7265625,0.0,0.1333422228148543,24.25,0.0,0.0031960691144707,61.265625,2.0,14.068044594980822,4.229664579599886,0.0,0.009322418754043,90.26953125,2.0,0.0666711114074271,4.8,0.0,0.0052846014371087,80.7734375,3.0,0.0666711114074271,4.720000000000001,0.0,0.0026933904201227,84.390625,2.0,29.402991448040797,1.4793128478975426,0.0,0.009708889264201,52.1328125,2.0,4.1337422672646325,4.960562090343304,0.0,0.0096344262654142,85.2578125,2.0,1.2668222468192996,1.4665896227812871,0.0,0.0030489216078278,54.09375,2.0,3.1334444518523457,4.631431879445942,0.0,0.0038380835033434,141.484375,2.0,0.0044155225395384,54.98828125,2.0
2026-05-29T10:49:02Z,2.7336978263768508,562.4999999999969,0.0,0.0148187626504778,60.6015625,2.0,4.000266684445629,4.787564898573152,0.0,0.0069151549508692,94.5234375,0.0,0.0,24.25,0.0,0.0031960691144707,61.265625,2.0,12.601280144017425,4.203571535338757,0.0,0.0052641749999992,90.26953125,2.0,0.0,4.8,0.0,0.0040664435240962,80.7734375,3.0,0.0,4.666664691284862,0.0,0.0026691802481144,84.390625,2.0,24.20264475826148,1.1830163753958585,0.0,0.0099749343986207,52.14453125,2.0,3.333688930375507,4.903401360544217,0.0,0.0096344262654142,85.2578125,2.0,0.8001244669673094,0.4846933587712476,0.0,0.0030489216078278,54.09375,2.0,2.9336355899301143,4.625710990190578,0.0,0.0038903167624848,141.48046875,2.0,0.0044446079263572,55.19140625,2.0
2026-05-29T10:49:07Z,2.7336978263768508,562.4999999999969,0.0,0.0165576764603287,60.6015625,2.0,4.000266684445629,4.787564898573152,0.0,0.0052716531242126,94.5234375,0.0,0.0,24.25,0.0,0.0031960691144707,61.265625,2.0,12.933733360001778,4.224402130035819,0.0,0.0085870756975686,90.53515625,2.0,0.0,4.8,0.0,0.0044570426703302,80.7734375,3.0,0.0,4.666664691284862,0.0,0.0026691802481144,84.390625,2.0,23.66904472270118,1.193150962249007,0.0,0.0108675889906095,52.14453125,2.0,2.80008889481521,4.9055567284471895,0.0,0.0096344262654142,85.2578125,2.0,0.8001244669673094,0.4846933587712476,0.0,0.0032197285430919,54.09765625,2.0,2.9336355899301143,4.625710990190578,0.0,0.0038903167624848,141.48046875,2.0,0.0044446079263572,55.19140625,2.0
2026-05-29T10:49:12Z,2.533164455702953,47.49999999999985,0.0,0.0208669657182107,60.6015625,2.0,4.133444451852346,4.785858731883941,0.0,0.0077802880736149,96.07421875,0.0,0.0,24.25,0.0,0.0032305640577173,61.609375,2.0,12.933733360001778,4.224402130035819,0.0,0.0085870756975686,90.53515625,2.0,0.0666666666666666,4.799999999999999,0.0,0.005521722867994,80.7734375,3.0,0.1333333333333333,4.733332345642431,0.0,0.0027484369524722,84.1796875,2.0,24.06632454488737,1.0813950361200095,0.0,0.0108675889906095,52.14453125,2.0,2.80008889481521,4.9055567284471895,0.0,0.0098823717245098,85.265625,2.0,0.9999688933331952,0.4853258874091624,0.0,0.0032197285430919,54.09765625,2.0,2.9336355899301143,4.625710990190578,0.0,0.0038903167624848,141.48046875,2.0,0.0045512654276511,55.19140625,2.0
2026-05-29T10:49:17Z,2.533164455702953,47.49999999999985,0.0,0.016763911638177,60.6015625,2.0,5.400053344002134,4.786854476552978,0.0,0.0083848823488582,96.07421875,0.0,0.2666933386677335,24.25,0.0,0.0032305640577173,61.609375,2.0,16.00010668800427,4.269279146497409,0.0,0.0085870756975686,90.53515625,2.0,0.2000266720010668,4.8,0.0,0.005521722867994,80.7734375,3.0,0.2666933386677335,4.750001666759264,0.0,0.0018760346615971,84.1796875,2.0,30.46582229985094,1.3507420182270398,0.0,0.0089817453293932,52.14453125,2.0,3.733333333333333,4.895597915180769,0.0,0.0098823717245098,85.265625,2.0,1.7333377917056203,0.475,0.0,0.0032197285430919,54.09765625,2.0,3.266560007110637,4.605637689261034,0.0,0.0024952000000006,141.48046875,2.0,0.0046813903467255,55.30859375,2.0
2026-05-29T10:49:22Z,2.533164455702953,47.49999999999985,0.0,0.0150249978283261,60.6015625,2.0,5.400053344002134,4.786854476552978,0.0,0.0083848823488582,96.07421875,0.0,0.2666933386677335,24.25,0.0,0.0032305640577173,61.609375,2.0,18.200715617488456,4.264438715960853,0.0,0.0091223040620988,90.75,2.0,0.2000266720010668,4.8,0.0,0.0056547241423568,80.7734375,3.0,0.2666933386677335,4.750001666759264,0.0,0.002111693723701,84.1796875,2.0,31.33280011911573,1.354344677399706,0.0,0.0080761129135091,52.14453125,2.0,4.600311152598124,4.886362654893494,0.0,0.0099827944136881,85.265625,2.0,1.7333377917056203,0.475,0.0,0.003255770046669,54.08984375,2.0,3.266560007110637,4.605637689261034,0.0,0.0047010109046662,146.1015625,2.0,0.003787809254359,55.30859375,2.0
2026-05-29T10:49:27Z,2.8670489398586483,44.249999999999964,0.0,0.0132860840184752,60.6015625,2.0,5.667084503712317,4.8056604384747965,0.0,0.0106891024552586,101.53515625,0.0,0.2666933386677335,24.25,0.0,0.0027175074296539,62.0234375,2.0,18.200715617488456,4.264438715960853,0.0,0.0091223040620988,90.75,2.0,0.2667022281492545,4.8,0.0,0.0056547241423568,80.7734375,3.0,0.200035562075299,4.650002500180569,0.0,0.0024184477792591,83.7890625,2.0,33.736978486064814,1.154887281118278,0.0,0.0068457042921475,52.14453125,2.0,4.600311152598124,4.886362654893494,0.0,0.0101177395798223,85.21484375,2.0,1.9335111383747168,0.475,0.0,0.003255770046669,54.08984375,2.0,3.266560007110637,4.605637689261034,0.0,0.0047010109046662,146.1015625,2.0,0.0047489341683574,55.30859375,2.0
2026-05-29T10:49:32Z,2.8670489398586483,44.249999999999964,0.0,0.0223546680358999,60.46484375,2.0,5.6673867626794685,4.823148148148148,0.0,0.0118744368034147,101.53515625,0.0,0.2666844468151309,41.24999999999997,0.0,0.0032596615887947,62.0234375,2.0,18.60181797957976,4.295959595959596,0.0,0.0091223040620988,90.75,2.0,0.2666755561481876,4.800000000000001,0.0,0.0057397613581612,80.7734375,3.0,0.2000088900742321,4.68,0.0,0.0028816774253906,83.7890625,2.0,32.87209871898369,1.759979062317064,0.0,0.0117023628874929,51.93359375,2.0,4.40058674489932,4.821229287493886,0.0,0.0101177395798223,85.21484375,2.0,1.9335555851891364,1.4999622188638868,0.0,0.0034771357804564,60.12109375,2.0,3.067075610081344,4.6085714285714285,0.0,0.0047010109046662,146.1015625,2.0,0.0047489341683574,55.30859375,2.0
2026-05-29T10:49:37Z,2.8670489398586483,44.249999999999964,0.0,0.0223546680358999,60.46484375,2.0,5.6673867626794685,4.823148148148148,0.0,0.0118744368034147,101.53515625,0.0,0.2666844468151309,41.24999999999997,0.0,0.0035429899302863,62.5546875,2.0,17.60120905009557,4.29953566770714,0.0,0.0100667367206509,91.04296875,2.0,0.2666755561481876,4.800000000000001,0.0,0.0057397613581612,80.7734375,3.0,0.2000088900742321,4.68,0.0,0.0028816774253906,83.7890625,2.0,32.671787566385575,1.730912142106212,0.0,0.0117023628874929,51.93359375,2.0,4.200275592301196,4.8,0.0,0.0101177395798223,85.21484375,2.0,1.9335555851891364,1.4999622188638868,0.0,0.0042052235057759,60.12109375,2.0,3.067075610081344,4.6085714285714285,0.0,0.004144111831509,146.1015625,2.0,0.0047552324052157,55.328125,2.0
2026-05-29T10:49:42Z,2.600173344889659,1012.5000000000008,0.0,0.0222122819929171,60.59375,2.0,5.400355602969285,4.82511218851058,0.0,0.0109435025044891,101.35546875,0.0,0.2666844468151309,41.24999999999997,0.0,0.0035429899302863,62.5546875,2.0,17.60120905009557,4.29953566770714,0.0,0.0100667367206509,91.04296875,2.0,0.2,4.8,0.0,0.0057042822666642,80.7734375,3.0,0.2,4.680002133437634,0.0,0.0027825564335082,83.74609375,2.0,32.20081365247295,1.818438475174064,0.0,0.0117023628874929,51.93359375,2.0,4.200275592301196,4.8,0.0,0.008154191766408,85.21484375,2.0,1.66676445748322,1.4000800017778203,0.0,0.0042052235057759,60.12109375,2.0,3.067075610081344,4.6085714285714285,0.0,0.0048119051152141,146.37109375,2.0,0.0047552324052157,55.328125,2.0
2026-05-29T10:49:47Z,2.600173344889659,1012.5000000000008,0.0,0.0225884873754948,60.59375,2.0,4.800000000000001,4.842533902433997,0.0,0.0092200612352317,101.35546875,0.0,0.0,44.99999999999999,0.0,0.0034197143564766,62.72265625,2.0,16.333333333333332,4.314683741117337,0.0,0.008685910842088,91.04296875,2.0,0.0666666666666666,4.8,0.0,0.0057672647748531,80.7734375,3.0,0.0666666666666666,4.680002133437634,0.0,0.0028198561615417,83.74609375,2.0,29.865613403550874,1.8092254555054677,0.0,0.012270938215106,51.93359375,2.0,3.9333333333333336,4.84367816091954,0.0,0.0103331327717591,84.921875,2.0,1.1333333333333333,1.350071668870442,0.0,0.0033979374044309,60.12109375,2.0,3.333333333333333,4.624660988803079,0.0,0.0048119051152141,146.37109375,2.0,0.0048409784608727,55.140625,2.0
2026-05-29T10:49:52Z,2.600173344889659,1012.5000000000008,0.0,0.0225884873754948,60.59375,2.0,4.800000000000001,4.842533902433997,0.0,0.0089793453232975,100.28125,0.0,0.0,44.99999999999999,0.0,0.0034197143564766,62.72265625,2.0,17.201200160021337,4.30666209815556,0.0,0.0109052383093516,91.3828125,2.0,0.0666666666666666,4.8,0.0,0.0057672647748531,80.7734375,3.0,0.0666666666666666,4.680002133437634,0.0,0.0028198561615417,83.74609375,2.0,29.665871215703607,1.963093753511299,0.0,0.01224069154289,52.5625,2.0,3.7335911454860646,4.927375197809512,0.0,0.0103331327717591,84.921875,2.0,1.1333333333333333,1.3500716688704513,0.0,0.00335974756174,60.12109375,2.0,3.333333333333333,4.624660988803079,0.0,0.0048036746987948,146.24609375,2.0,0.0048409784608727,55.140625,2.0
2026-05-29T10:49:57Z,2.933528901926795,48.88888888888888,0.0,0.0225884873754948,60.59375,2.0,5.067031159710184,4.844052350034836,0.0,0.0099319633030588,100.28125,0.0,0.0,44.99999999999999,0.0,0.0030334582578046,62.72265625,2.0,17.201200160021337,4.30666209815556,0.0,0.0109052383093516,91.3828125,2.0,0.0666755567408987,4.800000000000001,0.0,0.0057672647748531,80.7734375,3.0,0.0666711114074271,4.68,0.0,0.0023275543261974,83.74609375,2.0,29.267951213935078,2.0371106555769023,0.0,0.01224069154289,52.5625,2.0,3.7335911454860646,4.927375197809512,0.0,0.0106752588538892,84.921875,2.0,1.0000711205938568,1.1999466617773318,0.0,0.0029687405193905,60.12109375,2.0,3.333333333333333,4.624660988803079,0.0,0.0048036746987948,146.24609375,2.0,0.0048409784608727,55.140625,2.0
2026-05-29T10:50:02Z,2.933528901926795,48.88888888888888,0.0,0.016300477163461,60.60546875,2.0,5.400542282673936,4.844052675734909,0.0,0.0114314157571358,100.28125,0.0,0.1333422228148543,46.24999999999999,0.0,0.0027856825276939,62.72265625,2.0,18.80185353691313,4.281981703679203,0.0,0.0109052383093516,91.3828125,2.0,0.1333466681483259,4.8,0.0,0.0056385038543666,80.73046875,3.0,0.1333422228148543,4.649994999722207,0.0,0.0027706866015896,83.65234375,2.0,29.868786825198043,2.190104807850582,0.0,0.0087209055046409,52.5625,2.0,3.733711153486598,4.974712554418317,0.0,0.0105031027540838,84.87109375,2.0,1.2001155680014617,2.119924794680469,0.0,0.0039971811529272,60.12109375,2.0,3.266884458963931,4.618421052631579,0.0,0.0043597285781915,146.24609375,2.0,0.0047470900894846,55.140625,2.0
2026-05-29T10:50:07Z,2.933528901926795,48.88888888888888,0.0,0.0182234288862174,60.60546875,2.0,5.400542282673936,4.844052675734909,0.0,0.0101835796932956,100.57421875,0.0,0.1333422228148543,46.24999999999999,0.0,0.0035558182151364,62.9609375,2.0,20.534702313487568,4.276444164383074,0.0,0.0116115054074934,91.5625,2.0,0.1333466681483259,4.8,0.0,0.0054991685222247,80.73046875,3.0,0.1333422228148543,4.649994999722207,0.0,0.0027706866015896,83.65234375,2.0,29.60175124267445,2.2333114734954176,0.0,0.0097369254390073,52.5625,2.0,3.4666755709630026,5.166654731950378,0.0,0.0105031027540838,84.87109375,2.0,1.2001155680014617,2.119924794680469,0.0,0.0042123427829909,60.12109375,2.0,3.266884458963931,4.618421052631579,0.0,0.0042810079953119,146.24609375,2.0,0.0047718040378601,55.36328125,2.0
2026-05-29T10:50:12Z,2.8,387.4999999999983,0.0,0.0200283187318524,61.0,2.0,5.40017778963042,4.827313238611664,0.0,0.0063384612475623,100.57421875,0.0,0.1333422228148543,46.24999999999999,0.0,0.0035580396554598,62.9609375,2.0,20.534702313487568,4.276444164383074,0.0,0.0116115054074934,91.5625,2.0,0.1333377780740938,4.800000000000001,0.0,0.0054991685222247,80.73046875,3.0,0.1333422228148543,4.699998333268516,0.0,0.0026697402031023,83.65234375,2.0,28.801697905785325,2.5121662871081964,0.0,0.012183874162813,51.9453125,2.0,3.4666755709630026,5.166654731950378,0.0,0.0104325510477397,84.86328125,2.0,1.6000444474076048,2.866659012368556,0.0,0.004106161812547,60.125,2.0,3.266884458963931,4.618421052631579,0.0,0.0042810079953119,146.24609375,2.0,0.0047718040378601,55.36328125,2.0
2026-05-29T10:50:17Z,2.8,387.4999999999983,0.0,0.0232228845311644,61.0,2.0,5.333186679999586,4.810713761326348,0.0,0.0073921746806521,100.57421875,0.0,0.1333377792593975,43.74983332222147,0.0,0.0035580396554598,62.9609375,2.0,19.20020453333472,4.255948790045241,0.0,0.0116115054074934,91.5625,2.0,0.1333422234075654,4.8,0.0,0.0045043460233521,80.73046875,3.0,0.1333466681483259,4.666668642077736,0.0,0.0031600112061721,87.94140625,2.0,29.46668902251897,2.3619901682740547,0.0,0.012183874162813,51.9453125,2.0,3.5997600159989336,6.090904637227917,0.0,0.0104325510477397,84.86328125,2.0,1.6666444494816195,2.00000111194451,0.0,0.004106161812547,60.125,2.0,3.1332311179254715,4.620509201473421,0.0,0.0042810079953119,146.24609375,2.0,0.0038705797882174,55.36328125,2.0
2026-05-29T10:50:22Z,2.8,387.4999999999983,0.0,0.0241739443151068,60.59765625,2.0,5.333186679999586,4.810713761326348,0.0,0.0061487287640922,100.57421875,0.0,0.1333377792593975,43.74983332222147,0.0,0.0032017884914462,63.06640625,2.0,17.866782305186174,4.25469710612519,0.0,0.0109766980774784,91.953125,2.0,0.1333422234075654,4.8,0.0,0.0039216560315447,80.73046875,3.0,0.1333466681483259,4.666668642077736,0.0,0.0031600112061721,87.94140625,2.0,30.067102388747063,2.411775105724515,0.0,0.012183874162813,51.9453125,2.0,4.200173382227023,6.090895729541677,0.0,0.0104325510477397,84.86328125,2.0,1.6666444494816195,2.00000111194451,0.0,0.0035099087226043,60.125,2.0,3.1332311179254715,4.620509201473421,0.0,0.0035349122126386,146.24609375,2.0,0.004914188934889,55.13671875,2.0
2026-05-29T10:50:27Z,3.533804507267636,129.9999999999994,0.0,0.0241739443151068,60.59765625,2.0,5.6002534000066975,4.804384673177004,0.0,0.0078912173247293,101.0703125,0.0,0.1333377792593975,43.74983332222147,0.0,0.0028906135903696,63.06640625,2.0,17.866782305186174,4.25469710612519,0.0,0.0109766980774784,91.953125,2.0,0.0666755567408987,4.800000000000001,0.0,0.0056952356179823,80.734375,3.0,0.0666755567408987,4.6,0.0,0.0032631626094553,87.99609375,2.0,32.467262399414444,2.25596820141592,0.0,0.0121315321145437,51.9375,2.0,4.200173382227023,6.090895729541677,0.0,0.010042539132814,85.12109375,2.0,1.4666933416299852,1.9999833327777528,0.0,0.0035099087226043,60.125,2.0,3.1332311179254715,4.620509201473421,0.0,0.0044921259842518,146.3359375,2.0,0.004914188934889,55.13671875,2.0
2026-05-29T10:50:32Z,3.533804507267636,129.9999999999994,0.0,0.0250188775510196,60.59765625,2.0,6.601066853367118,4.787603178431072,0.0,0.0078912173247293,101.0703125,0.0,0.2666933386677335,24.25,0.0,0.0028906135903696,63.06640625,2.0,20.936107137866447,4.216662043505727,0.0,0.0109766980774784,91.953125,2.0,0.1333333333333333,4.8,0.0,0.0056952356179823,80.734375,3.0,0.1333333333333333,4.699999999999999,0.0,0.0032631626094553,87.99609375,2.0,37.27156969822318,2.1102040816326566,0.0,0.0120998001806589,51.9375,2.0,4.800809030544164,5.111111111111098,0.0,0.010042539132814,85.12109375,2.0,1.7335289214875669,3.114285714285712,0.0,0.0024663340864719,60.11328125,2.0,3.933991225502068,4.60506329113924,0.0,0.0044921259842518,146.3359375,2.0,0.004914188934889,55.13671875,2.0
2026-05-29T10:50:37Z,3.533804507267636,129.9999999999994,0.0,0.0239562173229466,60.66015625,2.0,6.601066853367118,4.787603178431072,0.0,0.0075650951114747,101.1015625,0.0,0.2666933386677335,24.25,0.0,0.0030918240690774,63.06640625,2.0,20.202147096085884,4.154722808321075,0.0,0.0106810934441732,90.57421875,2.0,0.1333333333333333,4.8,0.0,0.0056952356179823,80.734375,3.0,0.1333333333333333,4.699999999999999,0.0,0.0031330860560458,87.828125,2.0,36.73804966562573,1.9526785899906691,0.0,0.0120998001806589,51.9375,2.0,4.267288997946711,4.909827342975831,0.0,0.010042539132814,85.12109375,2.0,1.7335289214875669,3.114285714285712,0.0,0.0027599662609691,60.11328125,2.0,3.933991225502068,4.60506329113924,0.0,0.0044921259842518,146.3359375,2.0,0.0049755611979914,55.13671875,2.0
2026-05-29T10:50:42Z,2.7333333333333334,114.9999999999979,0.0,0.0204149232574008,60.66015625,2.0,6.667129035877616,4.785833632111602,0.0,0.0074882695740059,101.1015625,0.0,0.2666933386677335,24.25,0.0,0.0034269716600736,63.06640625,2.0,20.202147096085884,4.154722808321075,0.0,0.0106810934441732,90.57421875,2.0,0.3333466675556148,4.8,0.0,0.0058177786968113,80.7109375,3.0,0.4,4.600004444641984,0.0,0.0027221188148832,87.828125,2.0,36.73804966562573,1.865158111397737,0.0,0.0121836345596393,51.94921875,2.0,4.267288997946711,4.909827342975831,0.0,0.010042539132814,85.12109375,2.0,1.800200032894994,3.0571576424274123,0.0,0.0035235860939666,60.11328125,2.0,3.933991225502068,4.60506329113924,0.0,0.0044418908971946,146.4296875,2.0,0.0049259360587822,55.375,2.0
2026-05-29T10:50:47Z,2.7333333333333334,114.9999999999979,0.0,0.0238579579501319,60.66015625,2.0,5.533293357925748,4.785833632111602,0.0,0.0074882695740059,101.1015625,0.0,0.4000266684445629,24.25,0.0,0.0032303315494862,63.06640625,2.0,15.933817810076226,4.182331441424027,0.0,0.0106810934441732,90.57421875,2.0,0.4000266684445629,4.8,0.0,0.0058177786968113,80.7109375,3.0,0.4666800008889481,4.666669629761323,0.0,0.0032853126642147,87.828125,2.0,31.00206680445363,1.945642455415076,0.0,0.0121836345596393,51.94921875,2.0,3.6002400160010666,4.864407014174546,0.0,0.0104515071060433,85.3203125,2.0,1.8001200080005333,2.914300046033939,0.0,0.0035235860939666,60.11328125,2.0,2.666751116741116,4.612991007096136,0.0,0.0044418908971946,146.4296875,2.0,0.0040835329159302,55.375,2.0
2026-05-29T10:50:52Z,2.7333333333333334,114.9999999999979,0.0,0.024639249639248,60.8984375,2.0,5.533293357925748,4.785833632111602,0.0,0.0076839123255738,101.1015625,0.0,0.4000266684445629,24.25,0.0,0.0034872336125397,63.0703125,2.0,17.468511324767075,4.215962441314554,0.0,0.0099619287833841,90.57421875,2.0,0.4000266684445629,4.8,0.0,0.0058177786968113,80.7109375,3.0,0.4666800008889481,4.666669629761323,0.0,0.0027942861830738,87.828125,2.0,31.335422361490767,1.871119702236508,0.0,0.0097489104398793,51.94921875,2.0,3.9335955730382026,4.841988475962776,0.0,0.0104515071060433,85.3203125,2.0,1.8001200080005333,2.914300046033939,0.0,0.0034905822923602,60.59765625,2.0,2.666751116741116,4.612991007096136,0.0,0.0045968002437902,146.4296875,2.0,0.0049976945426988,55.375,2.0
2026-05-29T10:50:57Z,2.866857790519368,47.29166666666668,0.0,0.024639249639248,60.8984375,2.0,4.800475608006263,4.7850622406639,0.0,0.0077803884258205,101.74609375,0.0,0.4000266684445629,24.25,0.0,0.0034872336125397,63.0703125,2.0,17.468511324767075,4.215962441314554,0.0,0.0104167629167641,90.8671875,2.0,0.3333466675556148,4.8,0.0,0.0057354937633523,80.71484375,3.0,0.2666844456297086,4.633337037201653,0.0,0.0025205101277226,87.828125,2.0,27.66851123408227,1.5835397864970004,0.0,0.0099851762516474,51.94921875,2.0,3.9335955730382026,4.841988475962776,0.0,0.0101760411453028,84.85546875,2.0,1.866733337778074,2.4000281493992306,0.0,0.0034905822923602,60.59765625,2.0,2.666751116741116,4.612991007096136,0.0,0.0045968002437902,146.4296875,2.0,0.0049286039108688,55.1640625,2.0
2026-05-29T10:51:02Z,2.866857790519368,47.29166666666668,0.0,0.0249276857932497,60.8984375,2.0,4.866977819264791,4.784166758651944,0.0,0.0077803884258205,101.74609375,0.0,0.2,24.25,0.0,0.0034872336125397,63.0703125,2.0,19.068026848024186,4.186414019952036,0.0,0.0104167629167641,90.8671875,2.0,0.2666666666666666,4.8,0.0,0.004013882056625,80.71484375,3.0,0.2000044447407604,4.657139682398583,0.0,0.0026568684000351,88.28515625,2.0,27.06769340178234,1.5156972245461884,0.0,0.0117844436396189,51.9375,2.0,3.800137786963576,4.8,0.0,0.0101707072507696,84.85546875,2.0,1.5333333333333332,1.84002062473184,0.0,0.0034950847390977,61.453125,2.0,3.266773340444918,4.615388507824747,0.0,0.003524424206917,146.4296875,2.0,0.0049286039108688,55.1640625,2.0
2026-05-29T10:51:07Z,2.866857790519368,47.29166666666668,0.0,0.0196173270399994,60.8984375,2.0,4.866977819264791,4.784166758651944,0.0,0.0061077391054805,103.51953125,0.0,0.2,24.25,0.0,0.0034342127983823,63.0703125,2.0,16.532822256294025,4.149524268547422,0.0,0.0107073575189845,90.8671875,2.0,0.2666666666666666,4.8,0.0,0.0044784114153757,80.71484375,3.0,0.2000044447407604,4.657139682398583,0.0,0.0026568684000351,88.28515625,2.0,26.867431178670063,1.3950082100713763,0.0,0.0117844436396189,51.9375,2.0,3.599875563851299,4.8,0.0,0.0101707072507696,84.85546875,2.0,1.5333333333333332,1.84002062473184,0.0,0.0034950847390977,61.453125,2.0,3.266773340444918,4.615388507824747,0.0,0.0017529666666661,146.4296875,2.0,0.0048170604341325,55.1640625,2.0
2026-05-29T10:51:12Z,2.333333333333333,45.2083333333333,0.0,0.0220401704199642,60.9453125,2.0,5.133160011554785,4.804385608462802,0.0,0.0072250297473227,103.51953125,0.0,0.2,24.25,0.0,0.0030829765111532,63.0703125,2.0,16.532822256294025,4.149524268547422,0.0,0.0101642240931305,91.22265625,2.0,0.2666755561481876,4.8,0.0,0.0047033365308828,80.71484375,3.0,0.3333333333333333,4.65,0.0,0.0026147202010154,88.46875,2.0,25.1998755638513,1.5282429438267469,0.0,0.0117141246959733,51.9375,2.0,3.599875563851299,4.8,0.0,0.0103610095098758,84.85546875,2.0,1.4667200035557926,1.880019913546448,0.0,0.0029718291382902,61.453125,2.0,3.266773340444918,4.615388507824747,0.0,0.0039579374637586,146.4609375,2.0,0.0048248413567874,51.703125,2.0
2026-05-29T10:51:17Z,2.333333333333333,45.2083333333333,0.0,0.0220401704199642,60.9453125,2.0,5.06650223436964,4.823148216067786,0.0,0.0072250297473227,103.51953125,0.0,0.2000044447407604,24.25,0.0,0.0037587563251103,63.15234375,2.0,15.132844479997829,4.204999842770842,0.0,0.0101642240931305,91.22265625,2.0,0.2000133342222814,4.799999999999999,0.0,0.0054693201000637,80.70703125,3.0,0.2666711114074271,4.6285746939604815,0.0,0.0025764300238705,88.46875,2.0,25.73322667614768,1.6129551853874164,0.0,0.009645117421547,51.9375,2.0,3.733208897184632,4.800000000000001,0.0,0.010231091276165,84.87109375,2.0,1.53339555970398,0.4881943955746836,0.0,0.0033824488317332,61.390625,2.0,2.7333333333333334,4.616901408450703,0.0,0.0039579374637586,146.4609375,2.0,0.0048248413567874,51.703125,2.0
2026-05-29T10:51:22Z,2.333333333333333,45.2083333333333,0.0,0.022147419062964,60.921875,2.0,5.06650223436964,4.823148216067786,0.0,0.0061926332050115,103.51953125,0.0,0.2000044447407604,24.25,0.0,0.0035505478017156,63.15234375,2.0,15.001026802092031,4.278596711585792,0.0,0.0100375271894683,91.31640625,2.0,0.2000133342222814,4.799999999999999,0.0,0.0054693201000637,80.70703125,3.0,0.2666711114074271,4.6285746939604815,0.0,0.0025764300238705,88.46875,2.0,25.73360003437488,1.5815548967255189,0.0,0.0112947983351676,51.6953125,2.0,3.7335822554118328,4.8,0.0,0.010231091276165,84.87109375,2.0,1.53339555970398,0.4881943955746836,0.0,0.0033824488317332,61.390625,2.0,2.7333333333333334,4.616901408450703,0.0,0.0039579374637586,146.4609375,2.0,0.0048264239761495,51.703125,2.0
2026-05-29T10:51:27Z,2.933724496599547,45.49999999999999,0.0,0.022147419062964,60.921875,2.0,4.933671155561443,4.820183200803357,0.0,0.0077038681563784,103.1015625,0.0,0.2000044447407604,24.25,0.0,0.003288314764453,63.4140625,2.0,15.001026802092031,4.278596711585792,0.0,0.0100375271894683,91.31640625,2.0,0.1333422228148543,4.8,0.0,0.0053885117493473,80.70703125,3.0,0.0666711114074271,4.657140135881644,0.0,0.0026653361076901,88.81640625,2.0,30.06800010549073,1.5183959493161567,0.0,0.0108742992947724,51.6953125,2.0,3.7335822554118328,4.8,0.0,0.0096671206936635,84.87109375,2.0,1.400097790223842,0.4880134985614718,0.0,0.0033824488317332,61.390625,2.0,2.7333333333333334,4.616901408450703,0.0,0.0039289265039021,146.4609375,2.0,0.0046951812902209,51.703125,2.0
2026-05-29T10:51:32Z,2.933724496599547,45.49999999999999,0.0,0.022147419062964,60.921875,2.0,4.933991198826511,4.8207545767494135,0.0,0.0077038681563784,103.1015625,0.0,0.0,24.25,0.0,0.003288314764453,63.4140625,2.0,16.868915855447394,4.254634053244802,0.0,0.0100375271894683,91.31640625,2.0,0.0666711114074271,4.8,0.0,0.0053435298368153,80.21875,3.0,0.0,4.549995833078688,0.0,0.0026653361076901,88.81640625,2.0,28.736098075294187,1.2985507246376853,0.0,0.0108742992947724,51.6953125,2.0,3.467128950526737,4.8,0.0,0.0079158009409976,84.87109375,2.0,1.0668089078543803,0.4823075973650551,0.0,0.0020753249999998,61.390625,2.0,3.4004533937858383,4.626663071370578,0.0,0.0040100454388007,146.7265625,2.0,0.0046951812902209,51.703125,2.0
2026-05-29T10:51:37Z,2.933724496599547,45.49999999999999,0.0,0.0203229226447605,60.921875,2.0,4.933991198826511,4.8207545767494135,0.0,0.007564456216286,103.1015625,0.0,0.0,24.25,0.0,0.003288314764453,63.4140625,2.0,17.93457794372583,4.202122641370776,0.0,0.0058244000000001,91.31640625,2.0,0.0666711114074271,4.8,0.0,0.0053435298368153,80.21875,3.0,0.0,4.549995833078688,0.0,0.0020527357291548,88.81640625,2.0,28.669182486549023,1.405622060562508,0.0,0.0109709006417344,51.703125,2.0,3.400213361781571,4.8,0.0,0.0097954251452736,84.859375,2.0,1.0668089078543803,0.4823075973650551,0.0,0.0033809566303763,60.87109375,2.0,3.4004533937858383,4.626663071370578,0.0,0.0040100454388007,146.7265625,2.0,0.0046951812902209,51.703125,2.0
2026-05-29T10:51:42Z,2.999800013332445,36.24999999999992,0.0,0.0221239294903811,60.93359375,2.0,6.000564504006895,4.817840375586854,0.0,0.007642412712623,102.94140625,0.0,0.0,24.25,0.0,0.0032381694095461,63.26171875,2.0,17.93457794372583,4.202122641370776,0.0,0.009545011076024,91.15625,2.0,0.1333422228148543,4.8,0.0,0.005283759666864,80.21875,3.0,0.1333333333333333,4.65,0.0,0.0023085700209378,89.20703125,2.0,31.336026942846107,1.3942737502440614,0.0,0.0108588830478758,51.703125,2.0,3.400213361781571,4.8,0.0,0.0097954251452736,84.859375,2.0,1.2666622331858768,0.4833333333333333,0.0,0.0033809566303763,60.87109375,2.0,3.4004533937858383,4.626663071370578,0.0,0.0027078424545575,146.7265625,2.0,0.0048209314156221,51.69140625,2.0
2026-05-29T10:51:47Z,2.999800013332445,36.24999999999992,0.0,0.0221239294903811,60.93359375,2.0,6.866920016890015,4.8177777654861575,0.0,0.0076424127126231,102.94140625,0.0,0.2666755561481876,24.25,0.0,0.0032381694095461,63.26171875,2.0,18.20002666844456,4.224495990719956,0.0,0.009545011076024,91.15625,2.0,0.2666844456297086,4.8,0.0,0.005283759666864,80.21875,3.0,0.2666755561481876,4.650002500125006,0.0,0.0027242889467412,89.20703125,2.0,36.53459563970932,1.3945085895539528,0.0,0.0112279799326841,51.7578125,2.0,4.133333333333334,4.8686754526790175,0.0,0.010002079761669,84.859375,2.0,1.8666266717035256,0.4911016585248993,0.0,0.0033809566303763,60.87109375,2.0,3.533333333333333,4.618918918918919,0.0,0.0030544374159099,146.7265625,2.0,0.0048209314156221,51.69140625,2.0
2026-05-29T10:51:52Z,2.999800013332445,36.24999999999992,0.0,0.0237241357851798,60.93359375,2.0,6.866920016890015,4.8177777654861575,0.0,0.0073443295728406,102.9609375,0.0,0.2666755561481876,24.25,0.0,0.0023751194444445,63.34765625,2.0,19.734711293061174,4.210349889441538,0.0,0.0096524921268844,91.28515625,2.0,0.2666844456297086,4.8,0.0,0.0052036969718999,80.21484375,3.0,0.2666755561481876,4.650002500125006,0.0,0.0027242889467412,89.20703125,2.0,36.934889012158976,1.5263418303058605,0.0,0.0112279799326841,51.7578125,2.0,4.533626705782993,12.893022458426152,0.0,0.0460979609159463,89.3515625,2.0,1.8666266717035256,0.4911016585248993,0.0,0.0032663991143094,60.94140625,2.0,3.533333333333333,4.618918918918919,0.0,0.0023974666666665,146.7265625,2.0,0.0045909023805131,51.6875,2.0
2026-05-29T10:51:57Z,2.8672401146896043,48.43749999999997,0.0,0.0225650175550558,61.58984375,2.0,6.000195568593462,4.797367619982943,0.0,0.0074259639414494,102.9609375,0.0,0.2666755561481876,24.25,0.0,0.0026319853809877,63.34765625,2.0,19.734711293061174,4.210349889441538,0.0,0.0099225647806618,91.28515625,2.0,0.2000133342222814,4.800000000000001,0.0,0.0051400992357703,80.21484375,3.0,0.2666933362966519,4.59999555516046,0.0,0.0026095963172804,89.578125,2.0,31.534528988157373,1.360517724842642,0.0,0.0112279799326841,51.7578125,2.0,4.533626705782993,12.893022458426152,0.0,0.0636835265090649,89.3515625,2.0,1.933475573335625,0.4896151747424737,0.0,0.0032663991143094,60.94140625,2.0,3.533333333333333,4.618918918918919,0.0,0.0028089788642801,146.7265625,2.0,0.0045107425190358,51.6875,2.0
2026-05-29T10:52:02Z,2.8672401146896043,48.43749999999997,0.0,0.0225650175550558,61.58984375,2.0,5.199893386662163,4.7810336180069015,0.0,0.0071620823902218,102.95703125,0.0,0.2666577807404642,24.25,0.0,0.0030823912385184,63.34765625,2.0,19.20030255289356,4.145919460407569,0.0,0.0099225647806618,91.28515625,2.0,0.2000133342222814,4.800000000000001,0.0,0.0051400992357703,80.21484375,3.0,0.2666933362966519,4.649996666370344,0.0,0.0026511175898928,89.578125,2.0,28.666218101609267,1.1999476268712366,0.0,0.0100055423586118,51.7578125,2.0,4.066711183408199,24.24980475074764,0.0,0.0636835265090649,89.3515625,2.0,1.8667200296303408,1.3998533235549022,0.0,0.0033748963820622,60.94140625,2.0,2.7999200302194964,4.613687425337829,0.0,0.0040046750409611,145.58984375,2.0,0.0045107425190358,51.6875,2.0
2026-05-29T10:52:07Z,2.8672401146896043,48.43749999999997,0.0,0.0225650175550558,61.58984375,2.0,5.199893386662163,4.7810336180069015,0.0,0.0054644022263383,102.95703125,0.0,0.2666577807404642,24.25,0.0,0.0032309788304339,58.51171875,2.0,17.06508463049679,4.082213956761315,0.0,0.0096078287614889,91.34375,2.0,0.2000133342222814,4.800000000000001,0.0,0.004947853668851,80.21484375,3.0,0.2666933362966519,4.649996666370344,0.0,0.0026511175898928,89.578125,2.0,28.13248029212208,1.5682078806024735,0.0,0.0117054310707794,51.7578125,2.0,3.532973373921008,66.34624227557492,0.0,0.1124234941452003,89.34375,2.0,1.8667200296303408,1.3998533235549022,0.0,0.0033748963820622,60.94140625,2.0,2.7999200302194964,4.613687425337829,0.0,0.0040046750409611,145.58984375,2.0,0.0043062297380174,51.6875,2.0
2026-05-29T10:52:12Z,2.0665288980734617,97.81250000000004,0.0,0.0220839233569365,60.89453125,2.0,4.533048930365077,4.783999642857069,0.0,0.0067848932229243,102.95703125,0.0,0.2666577807404642,24.25,0.0,0.0032309788304339,58.51171875,2.0,17.06508463049679,4.082213956761315,0.0,0.0096144662762559,91.34375,2.0,0.2000088894815209,4.8,0.0,0.004947853668851,80.21484375,3.0,0.2000088894815209,4.600004444641984,0.0,0.0024873835062424,90.05859375,2.0,27.53159578871074,1.7523375919405526,0.0,0.0117054310707794,51.7578125,2.0,3.532973373921008,66.34624227557492,0.0,0.1124234941452003,89.34375,2.0,1.599928901924425,1.4499344418023292,0.0,0.0033022664575105,61.4609375,2.0,2.7999200302194964,4.613687425337829,0.0,0.0037492412840186,145.703125,2.0,0.0042888593147314,51.6875,2.0
2026-05-29T10:52:17Z,2.0665288980734617,97.8124999999999,0.0,0.0220839233569365,60.89453125,2.0,4.267102308165257,4.783856336539401,0.0,0.0057249421260986,102.95703125,0.0,0.1333511140746272,24.25,0.0,0.0034364812357848,58.51171875,2.0,15.267560319165344,4.065908737924392,0.0,0.0096144662762559,91.34375,2.0,0.1333377780740938,4.799999999999999,0.0,0.0048831997826974,80.46875,3.0,0.1333377780740938,4.640003555713586,0.0,0.0024873835062424,90.05859375,2.0,25.53544489519921,1.9392961347058175,0.0,0.009894730944475,51.7578125,2.0,3.400235632309672,79.16666666666663,0.0,0.167204802300505,89.34375,2.0,1.466808916153522,2.8285587293121144,0.0,0.0032296897455404,61.4609375,2.0,2.4669200506768023,4.606153846153846,0.0,0.0037492412840186,145.703125,2.0,0.0042888593147314,51.6875,2.0
2026-05-29T10:52:22Z,2.0665288980734617,97.8124999999999,0.0,0.0167927597677058,60.89453125,2.0,4.267102308165257,4.783856336539401,0.0,0.0066105681472467,102.96875,0.0,0.1333511140746272,24.25,0.0,0.0033097709344933,58.515625,2.0,15.469187096076045,4.104530399688264,0.0,0.0063290499999993,91.34375,2.0,0.1333377780740938,4.799999999999999,0.0,0.0048831997826974,80.46875,3.0,0.1333377780740938,4.640003555713586,0.0,0.0024873835062424,90.05859375,2.0,25.46910269401831,2.1666741753437178,0.0,0.011538716638275,51.63671875,2.0,3.333893431128774,84.55360190039889,0.0,0.1755397478374969,89.34375,2.0,1.466808916153522,2.8285587293121144,0.0,0.0031898103853178,60.98828125,2.0,2.4669200506768023,4.606153846153846,0.0,0.0037492412840186,145.703125,2.0,0.0042888593147314,51.6875,2.0
2026-05-29T10:52:27Z,3.000200013334222,192.4999999999997,0.0,0.0201377187610832,60.89453125,2.0,4.400577873202926,4.789040981349657,0.0,0.0061842504695016,102.96875,0.0,0.1333511140746272,24.25,0.0,0.0031114346149061,58.515625,2.0,15.469187096076045,4.104530399688264,0.0,0.0097802578206291,88.62890625,2.0,0.1333422228148543,4.8,0.0,0.0048831997826974,80.46875,3.0,0.0666711114074271,4.640000000000001,0.0,0.0024097674809736,90.2734375,2.0,25.73749403508601,2.1915604802384543,0.0,0.011538716638275,51.63671875,2.0,3.333893431128774,84.55360190039889,0.0,0.1755397478374969,89.34375,2.0,1.6001955863759814,2.9999566640183524,0.0,0.0031898103853178,60.98828125,2.0,2.4669200506768023,4.606153846153846,0.0,0.0037129552577061,145.8125,2.0,0.0028753214572978,51.6875,2.0
2026-05-29T10:52:32Z,3.000200013334222,192.4999999999997,0.0,0.0207358230152225,60.66796875,2.0,4.333768937487329,4.788000122673946,0.0,0.0053459237829401,102.96875,0.0,0.0,24.25,0.0,0.0031114346149061,58.515625,2.0,17.66902253633818,4.081657352190298,0.0,0.0097802578206291,88.62890625,2.0,0.0666711114074271,4.800000000000001,0.0,0.0028988749999996,80.46875,3.0,0.0,4.5333214806913045,0.0,0.0024097674809736,90.2734375,2.0,25.47006267502334,2.534654521475611,0.0,0.011538716638275,51.63671875,2.0,3.200426723563142,87.80303030303028,0.0,0.1755397478374969,89.34375,2.0,1.4668089042981138,2.9142933335026484,0.0,0.0031770314651974,60.984375,2.0,2.800373383117749,4.603174603174603,0.0,0.0024371169842599,145.8125,2.0,0.0039380196523052,51.45703125,2.0
2026-05-29T10:52:37Z,3.000200013334222,192.4999999999997,0.0,0.0207358230152225,60.66796875,2.0,4.333768937487329,4.788000122673946,0.0,0.0061774324850458,102.92578125,0.0,0.0,24.25,0.0,0.0028332912715866,58.515625,2.0,19.00126239054096,4.120917501479329,0.0,0.0097802578206291,88.62890625,2.0,0.0666711114074271,4.800000000000001,0.0,0.0047005301823536,80.21484375,3.0,0.0,4.5333214806913045,0.0,0.0024097674809736,90.2734375,2.0,25.869849313241765,2.5980296567703607,0.0,0.0115989724446586,55.83984375,2.0,3.600213361781571,90.19229235081504,0.0,0.2045765904078202,92.86328125,2.0,1.4668089042981138,2.9142933335026484,0.0,0.00311779857693,60.984375,2.0,2.800373383117749,4.603174603174603,0.0,0.0027297495282229,145.8125,2.0,0.0039380196523052,51.45703125,2.0
2026-05-29T10:52:42Z,2.8000000000000003,1075.0000000000016,0.0,0.0210226541822028,60.66796875,2.0,5.20029337244966,4.794117772657236,0.0,0.0061463892177397,102.92578125,0.0,0.0,24.25,0.0,0.0028516681586138,58.515625,2.0,19.00126239054096,4.120917501479329,0.0,0.0098073059752752,88.71484375,2.0,0.0666711114074271,4.8,0.0,0.0047005301823536,80.21484375,3.0,0.0666666666666666,4.6,0.0,0.002343041065483,90.296875,2.0,28.40042692979912,2.6951637983393013,0.0,0.0115989724446586,55.83984375,2.0,3.600213361781571,90.19229235081504,0.0,0.2045765904078202,92.86328125,2.0,1.2000889007423212,3.1428923366064416,0.0,0.00311779857693,60.984375,2.0,2.800373383117749,4.603174603174603,0.0,0.0035861381911333,145.8359375,2.0,0.0040117609913958,51.45703125,2.0
2026-05-29T10:52:47Z,2.8000000000000003,1075.0000000000016,0.0,0.0210226541822028,60.66796875,2.0,6.1332311392616505,4.794312992081664,0.0,0.0061463892177397,102.92578125,0.0,0.3333644530385978,24.25,0.0,0.0028516681586138,58.515625,2.0,19.19960452059747,4.188619823615488,0.0,0.0098073059752752,88.71484375,2.0,0.2667111194090275,4.8,0.0,0.0048747362261273,80.21484375,3.0,0.266706674668267,4.600008889086423,0.0,0.002343041065483,90.296875,2.0,32.86480460770065,2.903476346920862,0.0,0.0115438764550476,55.83984375,2.0,4.199853343110459,90.36583769491612,0.0,0.2045765904078202,92.86328125,2.0,1.5333733520030228,2.400053335466758,0.0,0.0031782774204437,60.98828125,2.0,3.3998888962958027,4.617398938952402,0.0,0.0035861381911333,145.8359375,2.0,0.0040117609913958,51.45703125,2.0
2026-05-29T10:52:52Z,2.8000000000000003,1075.0000000000016,0.0,0.0225938400709513,60.78125,2.0,6.1332311392616505,4.794312992081664,0.0,0.0069260097344377,102.9140625,0.0,0.3333644530385978,24.25,0.0,0.0019976654705053,58.515625,2.0,19.53425358491716,4.211000179011952,0.0,0.0103188374962767,89.05078125,2.0,0.2667111194090275,4.8,0.0,0.0050071313757902,80.21484375,3.0,0.266706674668267,4.600008889086423,0.0,0.002343041065483,90.296875,2.0,33.3318002071139,2.826611423043545,0.0,0.0124045629282954,55.84375,2.0,4.666848942523714,88.51351351351352,0.0,0.1556014650283557,90.29296875,2.0,1.5333733520030228,2.400053335466758,0.0,0.0025826968582113,60.98828125,2.0,3.3998888962958027,4.617398938952402,0.0,0.003793595577451,145.85546875,2.0,0.0041818755635713,51.45703125,2.0
2026-05-29T10:52:57Z,3.1337511668222437,234.99999999999972,0.0,0.0236089110215265,60.78125,2.0,6.200306749342994,4.7909503217999685,0.0,0.0069260097344377,102.9140625,0.0,0.3333644530385978,24.25,0.0,0.0017915208075839,58.515625,2.0,19.53425358491716,4.211000179011952,0.0,0.0103188374962767,89.05078125,2.0,0.4000533422238818,4.799999999999999,0.0,0.0050071313757902,80.21484375,3.0,0.4000666782242967,4.533333333333332,0.0,0.0024244176669812,90.33203125,2.0,37.73680537764782,2.6053575000238047,0.0,0.0124045629282954,55.84375,2.0,4.666848942523714,88.51351351351352,0.0,0.1556014650283557,90.29296875,2.0,2.333640072013692,2.1600053336889107,0.0,0.0031917874259136,60.98828125,2.0,3.3998888962958027,4.617398938952402,0.0,0.003793595577451,145.85546875,2.0,0.0045038899234439,51.73046875,2.0
2026-05-29T10:53:02Z,3.1337511668222437,234.9999999999997,0.0,0.0242754491017936,60.6171875,2.0,6.267644617512144,4.790517305793131,0.0,0.0072944709985789,102.9140625,0.0,0.3333644530385978,24.25,0.0,0.0031687734751855,58.64453125,2.0,18.66965384897993,4.237559636190028,0.0,0.0103188374962767,89.05078125,2.0,0.333337779259279,4.8,0.0,0.0050071313757902,80.21484375,3.0,0.3333511152596939,4.639992888414783,0.0,0.0024244176669812,90.33203125,2.0,38.87422371525841,2.489287380989419,0.0,0.013264866778219,55.84375,2.0,5.00083570076686,84.56896551724137,0.0,0.1241494945388001,90.5859375,2.0,2.333728972757198,1.2500333340740928,0.0,0.0032238577863576,60.984375,2.0,3.467253436463174,4.625316455696202,0.0,0.0039185122158748,145.85546875,2.0,0.0045038899234439,51.73046875,2.0
2026-05-29T10:53:07Z,3.1337511668222437,234.9999999999997,0.0,0.0242754491017936,60.6171875,2.0,6.267644617512144,4.790517305793131,0.0,0.0075039506066231,102.765625,0.0,0.3333644530385978,24.25,0.0,0.0032576290182895,58.64453125,2.0,17.001671451326906,4.224198053230342,0.0,0.0084711622405006,88.88671875,2.0,0.333337779259279,4.8,0.0,0.0050928082979571,80.21484375,3.0,0.3333511152596939,4.639992888414783,0.0,0.0024244176669812,90.33203125,2.0,38.74040590399261,2.335819201411541,0.0,0.0132749112920051,55.84375,2.0,4.867017889501062,78.97735537624197,0.0,0.1056168788285911,90.5859375,2.0,2.333728972757198,1.2500333340740928,0.0,0.0032238577863576,60.984375,2.0,3.467253436463174,4.625316455696202,0.0,0.0032912781424309,145.85546875,2.0,0.0036712212766823,51.74609375,2.0
2026-05-29T10:53:12Z,3.266884458963931,649.999999999997,0.0,0.0215046130778511,60.6171875,2.0,6.3339023407641335,4.781666992924902,0.0,0.0075039506066231,102.765625,0.0,0.3333644530385978,24.25,0.0,0.003636805892044,56.4296875,2.0,17.001671451326906,4.224198053230342,0.0,0.0101993926641479,88.88671875,2.0,0.3999911117036642,4.73999933331111,0.0,0.0050928082979571,80.21484375,3.0,0.3999911117036642,4.519993777501222,0.0,0.0015419749999999,90.33203125,2.0,36.93643177583365,2.321841516183434,0.0,0.0132749112920051,55.84375,2.0,4.867017889501062,78.97735537624197,0.0,0.1056168788285911,90.5859375,2.0,2.133386702227676,0.4996758623707545,0.0,0.0032690493792538,60.984375,2.0,3.467253436463174,4.625316455696202,0.0,0.0030691067376418,145.85546875,2.0,0.0046356730559787,51.74609375,2.0
2026-05-29T10:53:17Z,3.266884458963931,649.999999999997,0.0,0.0218199012100227,60.6171875,2.0,5.7332666924469935,4.78253959240064,0.0,0.0075039506066231,102.765625,0.0,0.4000266755570966,24.25,0.0,0.003636805892044,56.4296875,2.0,15.066315600297582,4.2396158255741945,0.0,0.0101993926641479,88.88671875,2.0,0.466706674668267,4.753848047469994,0.0,0.0053535524008082,80.21484375,3.0,0.466706674668267,4.625011667185208,0.0,0.002665828321487,90.2421875,2.0,32.8657334062195,2.079970174200678,0.0,0.0132749112920051,55.84375,2.0,4.266382241183921,71.3235294117647,0.0,0.0814566370778483,91.28125,2.0,1.8666489114101736,0.4978915770002763,0.0,0.0026475395274086,60.984375,2.0,3.2000000142222222,4.629622711550328,0.0,0.0041273673741459,146.01171875,2.0,0.0046356730559787,51.74609375,2.0
2026-05-29T10:53:22Z,3.266884458963931,649.999999999997,0.0,0.0196633476383977,60.6171875,2.0,5.7332666924469935,4.78253959240064,0.0,0.0067853169478625,102.765625,0.0,0.4000266755570966,24.25,0.0,0.0042830386162071,56.4296875,2.0,13.733897944610158,4.25920567566341,0.0,0.0086574711464991,88.88671875,2.0,0.466706674668267,4.753848047469994,0.0,0.0042982556902672,80.21484375,3.0,0.466706674668267,4.625011667185208,0.0,0.002665828321487,90.2421875,2.0,32.066195679417646,1.8949467234256276,0.0,0.0117635721438456,55.84375,2.0,3.4668445143820668,50.24934495487473,0.0,0.0288259721380984,91.28125,2.0,1.8666489114101736,0.4978915770002763,0.0,0.0034678834678833,61.32421875,2.0,3.2000000142222222,4.629622711550328,0.0,0.0041273673741459,146.01171875,2.0,0.0048521988450515,47.96484375,2.0
2026-05-29T10:53:27Z,2.20029337244966,88.33333333333329,0.0,0.0237671397514967,60.7578125,2.0,5.000253401786017,4.780912323491236,0.0,0.0060912627305051,102.765625,0.0,0.4000266755570966,24.25,0.0,0.0038877109608238,56.5390625,2.0,13.733897944610158,4.25920567566341,0.0,0.0099858453584223,89.0,2.0,0.2000400080016003,4.7538467850713655,0.0,0.0056098504140492,80.203125,3.0,0.2000400080016003,4.600004444839541,0.0,0.00290746150569,90.2421875,2.0,26.667884793521747,1.9840786386870477,0.0,0.0126170556289446,55.84375,2.0,3.4668445143820668,50.24934495487473,0.0,0.0288259721380984,91.28125,2.0,1.1334444690410872,0.4981704836670625,0.0,0.0034678834678833,61.32421875,2.0,3.2000000142222222,4.629622711550328,0.0,0.0042426026053431,146.140625,2.0,0.0048521988450515,47.96484375,2.0
2026-05-29T10:53:32Z,2.20029337244966,88.33333333333329,0.0,0.0228911736539642,60.7578125,2.0,5.067484589062959,4.7802576234784375,0.0,0.0080055999091906,102.62109375,0.0,0.1333422251856988,24.25,0.0,0.0038877109608238,56.5390625,2.0,14.869147104079186,4.275868310756607,0.0,0.0099858453584223,89.0,2.0,0.0666622225184987,4.749998055436721,0.0,0.0056098504140492,80.203125,3.0,0.0666622225184987,4.571413331978715,0.0,0.0023556979984477,90.2421875,2.0,26.87117856873569,1.7999914483321835,0.0,0.0126170556289446,55.84375,2.0,3.467360138694405,5.349957551405057,0.0,0.0244353762207418,91.28125,2.0,1.2668578148215914,0.499358943137947,0.0,0.0035179065769151,61.32421875,2.0,3.0003867297894544,4.621056236091576,0.0,0.0042426026053431,146.140625,2.0,0.0028847749999997,47.96484375,2.0
2026-05-29T10:53:37Z,2.20029337244966,88.33333333333329,0.0,0.0228911736539642,60.7578125,2.0,5.067484589062959,4.7802576234784375,0.0,0.0077403425333299,102.62109375,0.0,0.1333422251856988,24.25,0.0,0.0027380074356632,56.515625,2.0,17.00156475976661,4.307332679044613,0.0,0.0099858453584223,89.0,2.0,0.0666622225184987,4.749998055436721,0.0,0.00569279491223,80.203125,3.0,0.0666622225184987,4.571413331978715,0.0,0.0021134095396402,90.2421875,2.0,27.470871840723422,1.6413564385349853,0.0,0.0118351908040612,55.84375,2.0,4.067053410682137,4.907345247368662,0.0,0.0101821863279704,92.0546875,2.0,1.2668578148215914,0.499358943137947,0.0,0.0036979136565914,56.6171875,2.0,3.0003867297894544,4.621056236091576,0.0,0.0042426026053431,146.140625,2.0,0.0039045152925282,48.015625,2.0
2026-05-29T10:53:42Z,3.2,687.4999999999937,0.0,0.0228911736539642,60.7578125,2.0,5.333831213057269,4.778261487974792,0.0,0.0077403425333299,102.62109375,0.0,0.1333422251856988,24.25,0.0,0.003038070717902,56.515625,2.0,17.00156475976661,4.307332679044613,0.0,0.0098845617445684,89.109375,2.0,0.266648890073995,4.749999351829045,0.0,0.0056371545643347,80.18359375,3.0,0.2666622225184988,4.571423491837732,0.0,0.0029126890259357,90.171875,2.0,28.068298341133907,1.757734844945155,0.0,0.0116629361034894,55.859375,2.0,4.067053410682137,4.907345247368662,0.0,0.0101821863279704,92.0546875,2.0,2.000137807709532,0.4984572148914681,0.0,0.0036979136565914,56.6171875,2.0,3.0003867297894544,4.621056236091576,0.0,0.0034082887115207,146.140625,2.0,0.0048356623812184,48.015625,2.0
2026-05-29T10:53:47Z,3.2,687.4999999999987,0.0,0.0231893392164508,60.8671875,2.0,5.866560021333807,4.778854470298105,0.0,0.0077403425333299,102.62109375,0.0,0.5333511170375902,24.25,0.0,0.0031076253867249,56.515625,2.0,19.53277783436921,4.286427271632931,0.0,0.0098845617445684,89.109375,2.0,0.4666888945190914,4.753847416251256,0.0,0.0057694888178913,80.18359375,3.0,0.4667022269635951,4.600008889283968,0.0,0.0029126890259357,90.171875,2.0,29.531600127993126,1.6025717271567377,0.0,0.0116629361034894,55.859375,2.0,4.266524453925294,4.911764442897843,0.0,0.0101821863279704,92.0546875,2.0,2.333360012445511,0.4863097661751209,0.0,0.003850843926931,56.6171875,2.0,3.2665555629624694,4.608567668773106,0.0,0.0040513643351264,142.70703125,2.0,0.0041623366918202,48.015625,2.0
2026-05-29T10:53:52Z,3.2,687.4999999999987,0.0,0.022352185147235,60.8671875,2.0,5.866560021333807,4.778854470298105,0.0,0.0076221918828348,102.62109375,0.0,0.5333511170375902,24.25,0.0,0.00386895948703,56.6640625,2.0,19.000573540463357,4.281538667345608,0.0,0.0098043877283467,89.1796875,2.0,0.4666888945190914,4.753847416251256,0.0,0.0057694888178913,80.18359375,3.0,0.4667022269635951,4.600008889283968,0.0,0.0029126890259357,90.171875,2.0,29.39840013688261,1.5584661333308647,0.0,0.0108600304218102,55.859375,2.0,4.133324462814775,4.888887355341301,0.0,0.0100585849114309,92.68359375,2.0,2.333360012445511,0.4863097661751209,0.0,0.003850843926931,56.6171875,2.0,3.2665555629624694,4.608567668773106,0.0,0.0031084124399353,142.70703125,2.0,0.0047566406992207,48.21484375,2.0
2026-05-29T10:53:57Z,2.8001866791119405,437.4999999999988,0.0,0.022352185147235,60.8671875,2.0,6.066751145186509,4.787499754455329,0.0,0.0054583151255637,102.62109375,0.0,0.5333511170375902,24.25,0.0,0.00386895948703,56.6640625,2.0,19.000573540463357,4.281538667345608,0.0,0.0098043877283467,89.1796875,2.0,0.4000533404453927,4.8,0.0,0.0055664603595636,80.17578125,3.0,0.4000444497784494,4.650003333555571,0.0,0.0029342041157229,90.2421875,2.0,34.33504484596672,1.358290085874493,0.0,0.0108600304218102,55.859375,2.0,4.133324462814775,4.888887355341301,0.0,0.0100585849114309,92.68359375,2.0,2.066808916743862,0.4811689646991729,0.0,0.0036951085160296,56.6875,2.0,3.2665555629624694,4.608567668773106,0.0,0.0039783435664701,142.70703125,2.0,0.0048749643298781,48.21484375,2.0
2026-05-29T10:54:02Z,2.8001866791119405,437.4999999999988,0.0,0.0162069525775123,60.6171875,2.0,4.867124492746331,4.787272828845438,0.0,0.0075008448612013,102.81640625,0.0,0.0,24.25,0.0,0.0035617205070538,56.6640625,2.0,13.26843579143886,4.306541983870378,0.0,0.0098043877283467,89.1796875,2.0,0.1333511134817975,4.8,0.0,0.0055664603595636,80.17578125,3.0,0.1333422228148543,4.559983998933261,0.0,0.0029342041157229,90.2421875,2.0,31.670756091922776,1.3699005441079717,0.0,0.0113564329944187,56.1953125,2.0,3.800373374227082,4.86551724137931,0.0,0.0099888479100818,92.68359375,2.0,1.4001866915588743,0.4880138570941503,0.0,0.0037065299046521,56.6875,2.0,2.600346712895053,4.611432272361446,0.0,0.0031874488654558,142.70703125,2.0,0.0047914439449186,48.3359375,2.0
2026-05-29T10:54:07Z,2.8001866791119405,437.4999999999988,0.0,0.0217983098907916,60.6171875,2.0,4.867124492746331,4.787272828845438,0.0,0.007402034766204,102.81640625,0.0,0.0,24.25,0.0,0.0033537883415707,56.75390625,2.0,11.733511227268586,4.322079579762337,0.0,0.0065990249999998,89.1796875,2.0,0.1333511134817975,4.8,0.0,0.0043601420503381,80.17578125,3.0,0.1333422228148543,4.559983998933261,0.0,0.0029342041157229,90.2421875,2.0,31.87062274969996,1.3194544266366828,0.0,0.0118207958259271,56.1953125,2.0,4.000240032004268,4.843430027400892,0.0,0.0101102586631802,93.55859375,2.0,1.4001866915588743,0.4880138570941503,0.0,0.0037065299046521,56.6875,2.0,2.600346712895053,4.611432272361446,0.0,0.0028559202349166,142.70703125,2.0,0.0045916704805487,48.3359375,2.0
2026-05-29T10:54:12Z,2.266515565628958,474.999999999996,0.0,0.0217983098907916,60.6171875,2.0,4.333755601486914,4.785965183154554,0.0,0.007402034766204,102.81640625,0.0,0.0,24.25,0.0,0.0035350467289721,56.75390625,2.0,11.733511227268586,4.322079579762337,0.0,0.0099386627123195,88.46484375,2.0,0.0666622225184987,4.8,0.0,0.0052891344383063,80.17578125,3.0,0.0666666666666666,4.599995555456788,0.0,0.003070349827009,87.10546875,2.0,27.26819575943459,1.191639062568456,0.0,0.0118207958259271,56.1953125,2.0,4.000240032004268,4.843430027400892,0.0,0.0101102586631802,93.55859375,2.0,1.2666889016306768,0.4875005848324294,0.0,0.0036546352657475,56.76171875,2.0,2.600346712895053,4.611432272361446,0.0,0.0039293963567091,142.8046875,2.0,0.0045916704805487,48.3359375,2.0
2026-05-29T10:54:17Z,2.266515565628958,474.999999999996,0.0,0.0217983098907916,60.6171875,2.0,5.200035588150203,4.78620663495624,0.0,0.0072425568406702,102.796875,0.0,0.2666844503713977,24.25,0.0,0.0035350467289721,56.75390625,2.0,17.0657067662227,4.274391332365216,0.0,0.0099386627123195,88.46484375,2.0,0.2000222278528989,4.8,0.0,0.0042118699815843,80.17578125,3.0,0.2000266720010668,4.633344444691364,0.0,0.0024301612343006,87.10546875,2.0,30.66581786281484,1.5399691547849574,0.0,0.0097197478745004,56.1953125,2.0,4.399853343110459,4.842457636703282,0.0,0.0105067260072281,93.55859375,2.0,1.7332889060757737,1.799978667520109,0.0,0.0036546352657475,56.76171875,2.0,3.26644890340644,4.626663241411454,0.0,0.0038961190302779,142.8046875,2.0,0.0045916704805487,48.3359375,2.0
2026-05-29T10:54:22Z,2.266515565628958,474.999999999996,0.0,0.0221300688011709,61.140625,2.0,5.200035588150203,4.78620663495624,0.0,0.0072425568406702,102.796875,0.0,0.2666844503713977,24.25,0.0,0.0037891942990111,56.40234375,2.0,19.467413568024657,4.243121504579765,0.0,0.0098291765637358,88.52734375,2.0,0.2000222278528989,4.8,0.0,0.0037711087783921,80.17578125,3.0,0.2000266720010668,4.633344444691364,0.0,0.0022507500000003,87.10546875,2.0,30.199382338078205,1.6048662788303425,0.0,0.0087346815556731,56.1953125,2.0,3.933417818373828,4.840640320238553,0.0,0.0084256938093965,93.55859375,2.0,1.7332889060757737,1.799978667520109,0.0,0.003449525554997,56.76171875,2.0,3.26644890340644,4.626663241411454,0.0,0.0038961190302779,142.8046875,2.0,0.0045897960035036,48.46484375,2.0
2026-05-29T10:54:27Z,2.533840101353604,40.62499999999998,0.0,0.0212046977857606,61.140625,2.0,5.20019117482171,4.789237191959465,0.0,0.0072425568406702,102.796875,0.0,0.2666844503713977,24.25,0.0,0.0039373700333158,56.40234375,2.0,19.467413568024657,4.243121504579765,0.0,0.0097614885351533,88.52734375,2.0,0.2000400080016003,4.8,0.0,0.0054243320840732,80.18359375,3.0,0.200035562075299,4.714287347052809,0.0,0.003132825700555,87.00390625,2.0,29.334413675589875,1.6808458484618052,0.0,0.0081299544712743,56.1953125,2.0,3.933417818373828,4.840640320238553,0.0,0.0075501333087941,93.55859375,2.0,1.8667866960039712,1.9599153738934,0.0,0.0034745985209816,53.5546875,2.0,3.26644890340644,4.626663241411454,0.0,0.0038785082393762,142.8046875,2.0,0.0045897960035036,48.46484375,2.0
2026-05-29T10:54:32Z,2.533840101353604,40.62499999999998,0.0,0.020069502097233,60.58984375,2.0,4.267235631417522,4.788732256816709,0.0,0.0050280983266209,102.87109375,0.0,0.0,24.25,0.0,0.0039373700333158,56.40234375,2.0,16.4021869582611,4.265346593038148,0.0,0.0097614885351533,88.52734375,2.0,0.0666800026672001,4.8,0.0,0.0054243320840732,80.18359375,3.0,0.0666755567408987,4.599997036861442,0.0,0.003132825700555,87.00390625,2.0,23.203093745832778,1.604905724240031,0.0,0.0114746153523669,56.9765625,2.0,3.000400053340446,4.820652173913043,0.0,0.010229066479351,94.828125,2.0,1.4668622482997733,2.5999940737887317,0.0,0.0034745985209816,53.5546875,2.0,2.0669422589678623,4.615384615384615,0.0,0.0042141539493543,142.94140625,2.0,0.0045897960035036,48.46484375,2.0
2026-05-29T10:54:37Z,2.533840101353604,40.62499999999998,0.0,0.020069502097233,60.58984375,2.0,4.267235631417522,4.788732256816709,0.0,0.0056182818840413,102.87109375,0.0,0.0,24.25,0.0,0.0031459749781537,56.40234375,2.0,14.534275681201938,4.297471746195821,0.0,0.0082725361505912,88.52734375,2.0,0.0666800026672001,4.8,0.0,0.0054243320840732,80.18359375,3.0,0.0666755567408987,4.599997036861442,0.0,0.003132825700555,87.00390625,2.0,22.86952927056941,1.6780066248778582,0.0,0.0114746153523669,56.9765625,2.0,2.6668355780770767,4.844705864820256,0.0,0.0100813142437588,94.828125,2.0,1.4668622482997733,2.5999940737887317,0.0,0.0027918704652275,53.5546875,2.0,2.0669422589678623,4.615384615384615,0.0,0.0042141539493543,142.94140625,2.0,0.004667234427891,48.93359375,2.0
2026-05-29T10:54:42Z,2.866475568295447,35.41666666666667,0.0,0.020069502097233,60.58984375,2.0,4.200106711115023,4.78550741597391,0.0,0.0070822026890447,102.87109375,0.0,0.0,24.25,0.0,0.0031459749781537,56.40234375,2.0,14.534275681201938,4.297471746195821,0.0,0.0074529987913512,88.52734375,2.0,0.0,4.8,0.0,0.005605937921728,80.18359375,3.0,0.0,4.7333333333333325,0.0,0.0029757195536616,87.01953125,2.0,22.800320211572508,1.8786186671488452,0.0,0.0109731804653699,56.9765625,2.0,2.6668355780770767,4.844705864820256,0.0,0.0100813142437588,94.828125,2.0,1.333462236149788,2.6333534577590703,0.0,0.0033264163293008,53.5546875,2.0,2.0669422589678623,4.615384615384615,0.0,0.0042141539493543,142.94140625,2.0,0.004667234427891,48.93359375,2.0
2026-05-29T10:54:47Z,2.866475568295447,35.41666666666667,0.0,0.0173437603109452,60.58984375,2.0,4.666675576296336,4.785000013334506,0.0,0.0070822026890447,102.87109375,0.0,0.0,24.25,0.0,0.0030213193954918,56.40234375,2.0,17.133977820743603,4.260421406604329,0.0,0.0098028174533194,88.66015625,2.0,0.0,4.8,0.0,0.0054935536202185,80.19140625,3.0,0.0,4.733335308759037,0.0,0.0029757195536616,87.01953125,2.0,25.666595663407094,1.8307981816615653,0.0,0.01084708707969,57.1328125,2.0,3.066777785185679,4.873076923076923,0.0,0.0099271171489046,95.41796875,2.0,1.533435562370825,2.633344939217267,0.0,0.0033587080774221,53.55859375,2.0,2.6667555614818763,4.610348747614407,0.0,0.0035476884130505,142.94140625,2.0,0.004667234427891,48.93359375,2.0
2026-05-29T10:54:52Z,2.866475568295447,35.41666666666667,0.0,0.0156491731855548,60.58984375,2.0,4.666675576296336,4.785000013334506,0.0,0.0070358572114615,103.0078125,0.0,0.0,24.25,0.0,0.0030949156459439,56.40234375,2.0,20.202049119138948,4.2299894902773385,0.0,0.0097515296540876,88.66015625,2.0,0.0,4.8,0.0,0.0054935536202185,80.19140625,3.0,0.0,4.733335308759037,0.0,0.0029757195536616,87.01953125,2.0,26.40021347911585,1.9976129237796212,0.0,0.01084708707969,57.1328125,2.0,3.80039560089444,4.875496096135873,0.0,0.0097814218781822,95.41796875,2.0,1.533435562370825,2.633344939217267,0.0,0.0033587080774221,53.55859375,2.0,2.6667555614818763,4.610348747614407,0.0,0.0037595201008164,142.94140625,2.0,0.0047945211097218,48.9609375,2.0
2026-05-29T10:54:57Z,2.800373383117749,281.2500000000019,0.0,0.022830237242614,60.72265625,2.0,5.6672622909714185,4.786206748571837,0.0,0.0070358572114615,103.0078125,0.0,0.0,24.25,0.0,0.0030949156459439,56.40234375,2.0,20.202049119138948,4.2299894902773385,0.0,0.0097515296540876,88.66015625,2.0,0.0666711114074271,4.8,0.0,0.0034537740244799,80.18359375,3.0,0.1333155579256099,4.6666745681353525,0.0,0.0027015883594357,87.1328125,2.0,30.20325371560309,2.048187814621227,0.0,0.01084708707969,57.1328125,2.0,3.80039560089444,4.875496096135873,0.0,0.0097814218781822,95.41796875,2.0,1.600053336889126,2.466649875833548,0.0,0.0028574418595034,53.55859375,2.0,2.6667555614818763,4.610348747614407,0.0,0.0033656344783436,142.94140625,2.0,0.0047945211097218,48.9609375,2.0
2026-05-29T10:55:02Z,2.800373383117749,281.2500000000019,0.0,0.0228215370554547,60.72265625,2.0,6.267284514675221,4.804808047467546,0.0,0.0070788426657305,103.0078125,0.0,0.2666755561481876,24.25,0.0,0.0030949156459439,56.40234375,2.0,19.868653559434968,4.244761756912673,0.0,0.0102141275279954,88.74609375,2.0,0.2000044447407604,4.8,0.0,0.0038977980172907,80.18359375,3.0,0.2666488912589432,4.66666864198994,0.0,0.0027015883594357,87.1328125,2.0,33.87013372982626,1.6947642248256565,0.0,0.0078809677391259,57.1328125,2.0,4.333764492153858,4.874025974025974,0.0,0.009889551530759,95.5234375,2.0,1.666706669333511,0.4942570574845285,0.0,0.0032691273336712,53.55859375,2.0,3.467013371856474,4.612698412698412,0.0,0.0047345441242921,143.1171875,2.0,0.0040096888914537,48.9609375,2.0
2026-05-29T10:55:07Z,2.800373383117749,281.2500000000019,0.0,0.0228215370554547,60.72265625,2.0,6.267284514675221,4.804808047467546,0.0,0.0070744914107037,102.625,0.0,0.2666755561481876,24.25,0.0,0.0028435112788715,56.37890625,2.0,16.400111181333827,4.232866005988403,0.0,0.0102141275279954,88.74609375,2.0,0.2000044447407604,4.8,0.0,0.0043418220101015,80.18359375,3.0,0.2666488912589432,4.66666864198994,0.0,0.0027015883594357,87.1328125,2.0,33.80304481219096,1.7794669008022634,0.0,0.0120044723895697,57.16796875,2.0,4.266675574518558,4.874026796582493,0.0,0.0077478942805355,95.5234375,2.0,1.666706669333511,0.4942570574845285,0.0,0.0032691273336712,53.55859375,2.0,3.467013371856474,4.612698412698412,0.0,0.0047345441242921,143.1171875,2.0,0.0047238623847266,48.96484375,2.0
2026-05-29T10:55:12Z,2.533333333333333,1024.999999999999,0.0,0.0214999314491641,60.59375,2.0,4.733400019852148,4.8219053690366565,0.0,0.0070744914107037,102.625,0.0,0.2666755561481876,24.25,0.0,0.0028435112788715,56.37890625,2.0,16.400111181333827,4.232866005988403,0.0,0.0104622826086945,88.74609375,2.0,0.2,4.8,0.0,0.0057810351413284,85.1875,3.0,0.1333333333333333,4.6,0.0,0.0026848260859394,87.41015625,2.0,30.866613468444207,1.6857860655987804,0.0,0.0120044723895697,57.16796875,2.0,4.266675574518558,4.874026796582493,0.0,0.0098773737494743,95.5234375,2.0,1.4000755605929285,0.4962692069871341,0.0,0.0031857392803715,53.55859375,2.0,3.467013371856474,4.612698412698412,0.0,0.0047399608582198,143.1171875,2.0,0.0047238623847266,48.96484375,2.0
2026-05-29T10:55:17Z,2.533333333333333,1024.999999999999,0.0,0.0214999314491641,60.59375,2.0,4.2664178014813245,4.821596343168412,0.0,0.0070089907844459,102.625,0.0,0.1333422251856988,24.25,0.0,0.0028435112788715,56.37890625,2.0,14.33241340177464,4.233171013786354,0.0,0.0104622826086945,88.74609375,2.0,0.1333466693338667,4.8,0.0,0.0057810351413284,85.1875,3.0,0.0666800026672001,4.66667555575309,0.0,0.0026848260859394,87.41015625,2.0,28.598111240584675,1.623408800608659,0.0,0.0118140032948918,57.046875,2.0,4.066395573628425,4.871698113207547,0.0,0.0098097778151123,95.54296875,2.0,1.2000266767418075,0.4898434871307754,0.0,0.0027192851047947,53.55859375,2.0,3.1998933404439702,4.629726201455497,0.0,0.0044322795105737,143.140625,2.0,0.0047238623847266,48.96484375,2.0
2026-05-29T10:55:22Z,2.533333333333333,1024.999999999999,0.0,0.0225724799870962,60.59375,2.0,4.2664178014813245,4.821596343168412,0.0,0.0068524977138847,102.6328125,0.0,0.1333422251856988,24.25,0.0,0.0024743325256296,56.37890625,2.0,14.867231283276231,4.235912034693788,0.0,0.0055650666666641,88.74609375,2.0,0.1333466693338667,4.8,0.0,0.0057810351413284,85.1875,3.0,0.0666800026672001,4.66667555575309,0.0,0.0027567027746787,83.109375,2.0,28.39862241719281,1.3155666750412478,0.0,0.0118140032948918,57.046875,2.0,3.866906750236566,4.845236551313789,0.0,0.0098097778151123,95.54296875,2.0,1.2000266767418075,0.4898434871307754,0.0,0.0031138258371869,53.3671875,2.0,3.1998933404439702,4.629726201455497,0.0,0.0044322795105737,143.140625,2.0,0.0048290707199413,48.40625,2.0
2026-05-29T10:55:27Z,2.933724496599547,524.9999999999915,0.0,0.0225724799870962,60.59375,2.0,5.667160141358761,4.822017913731829,0.0,0.0068524977138847,102.6328125,0.0,0.1333422251856988,24.25,0.0,0.0022093494435398,56.37890625,2.0,14.867231283276231,4.235912034693788,0.0,0.0100057791146589,88.90234375,2.0,0.2000311161489976,4.8,0.0,0.0050459683554734,85.1875,3.0,0.2000311161489976,4.533339259654348,0.0,0.002798888787685,83.109375,2.0,31.20170264745777,1.0840275913730562,0.0,0.0118140032948918,57.046875,2.0,3.866906750236566,4.845236551313789,0.0,0.0098097778151123,95.54296875,2.0,1.4667644663731758,0.489393512889111,0.0,0.0031959894909398,53.3671875,2.0,3.1998933404439702,4.629726201455497,0.0,0.0044322795105737,143.140625,2.0,0.0048290707199413,48.40625,2.0
2026-05-29T10:55:32Z,2.933724496599547,524.9999999999915,0.0,0.0138270030768447,60.59375,2.0,5.601084663747407,4.821333229818191,0.0,0.0067964846117583,102.6328125,0.0,0.1333422251856988,24.25,0.0,0.003081442743982,56.59375,2.0,15.73590267326607,4.236893115903918,0.0,0.0100057791146589,88.90234375,2.0,0.2000133360002963,4.8,0.0,0.0060526199261991,85.1875,3.0,0.2000133360002963,4.599995555259239,0.0,0.002798888787685,83.109375,2.0,31.00505864785812,1.0648025139134072,0.0,0.0107048331389809,57.046875,2.0,3.800760152030406,4.8,0.0,0.0084745224880217,95.54296875,2.0,1.4001911445981836,0.4749999999999999,0.0,0.0033092291529408,53.37890625,2.0,3.4004489632731087,4.635714285714286,0.0,0.0019073000000001,143.140625,2.0,0.0048290707199413,48.40625,2.0
2026-05-29T10:55:37Z,2.933724496599547,524.9999999999915,0.0,0.0155867672603951,60.59765625,2.0,5.601084663747407,4.821333229818191,0.0,0.0067255754201905,102.6640625,0.0,0.1333422251856988,24.25,0.0,0.0032414884222919,56.59375,2.0,16.134889204803606,4.25197083962213,0.0,0.0100057791146589,88.90234375,2.0,0.2000133360002963,4.8,0.0,0.0060526199261991,85.1875,3.0,0.2000133360002963,4.599995555259239,0.0,0.002798888787685,83.109375,2.0,30.73791191362049,0.498838820303648,0.0,0.0118557672649963,57.046875,2.0,3.5336134177927736,4.8,0.0,0.0098414176718829,95.56640625,2.0,1.4001911445981836,0.4749999999999999,0.0,0.0032689477476691,53.37890625,2.0,3.4004489632731087,4.635714285714286,0.0,0.0019073000000001,143.140625,2.0,0.0046564432352214,48.40625,2.0
2026-05-29T10:55:42Z,1.9333333333333331,737.4999999999992,0.0,0.0196184037205299,60.59765625,2.0,4.333791205055668,4.823041597171457,0.0,0.0067255754201905,102.6640625,0.0,0.1333422251856988,24.25,0.0,0.0032414884222919,56.59375,2.0,16.134889204803606,4.25197083962213,0.0,0.0100057791146589,88.90234375,2.0,0.0666622225184987,4.800000000000001,0.0,0.0049610299225091,85.1875,3.0,0.0666622225184987,4.649989998888765,0.0,0.0028637437130984,83.0078125,2.0,27.203253902326303,0.4993780175239491,0.0,0.0118557672649963,57.046875,2.0,3.5336134177927736,4.8,0.0,0.0098414176718829,95.56640625,2.0,1.000057798818391,0.475,0.0,0.0032689477476691,53.37890625,2.0,3.4004489632731087,4.635714285714286,0.0,0.0024517328347387,143.140625,2.0,0.0046564432352214,48.40625,2.0
2026-05-29T10:55:47Z,1.9333333333333331,737.4999999999992,0.0,0.0169793469511574,60.59765625,2.0,3.9333333333333336,4.80609136780969,0.0,0.0065495982668326,102.43359375,0.0,0.0,24.25,0.0,0.0029800468566959,56.59375,2.0,14.6,4.229384310042548,0.0,0.0093347703774101,88.90234375,2.0,0.0,4.8,0.0,0.0060346106304073,85.17578125,3.0,0.0,4.499986665185021,0.0,0.0028637437130984,83.0078125,2.0,25.66741339733665,0.49876973556925,0.0,0.0089602179153232,57.046875,2.0,3.333226673777304,4.8,0.0,0.0096702306733188,95.56640625,2.0,0.7999733351109926,0.475,0.0,0.0032667577257979,53.37890625,2.0,2.933426672889304,4.618666666666666,0.0,0.0041805457435538,142.9453125,2.0,0.0046564432352214,48.40625,2.0
2026-05-29T10:55:52Z,1.9333333333333331,737.4999999999992,0.0,0.0153444799744465,60.59765625,2.0,3.9333333333333336,4.80609136780969,0.0,0.0063156812211924,102.43359375,0.0,0.0,24.25,0.0,0.0028927206431485,56.44921875,2.0,14.000493366224417,4.282017717447243,0.0,0.0093347703774101,88.90234375,2.0,0.0,4.8,0.0,0.0060346106304073,85.17578125,3.0,0.0,4.499986665185021,0.0,0.0027980623199787,82.93359375,2.0,25.934435645637848,0.4980931551935429,0.0,0.0107161443700033,57.046875,2.0,3.6002489220784994,4.8,0.0,0.0080211340024955,95.56640625,2.0,0.7999733351109926,0.475,0.0,0.0025180304665355,53.37890625,2.0,2.933426672889304,4.618666666666666,0.0,0.0041805457435538,142.9453125,2.0,0.0047654103143241,48.62890625,2.0
2026-05-29T10:55:57Z,2.333488899259951,824.9999999999985,0.0,0.0142759416050847,60.59765625,2.0,4.800182234371181,4.790862740072342,0.0,0.0063156812211924,102.43359375,0.0,0.0,24.25,0.0,0.0028927206431485,56.44921875,2.0,14.000493366224417,4.282017717447243,0.0,0.0064827646578518,88.90234375,2.0,0.0,4.800000000000001,0.0,0.0057309309309309,85.17578125,3.0,0.1333511134817975,4.599995555160458,0.0,0.0027919646562034,82.93359375,2.0,26.267791202674985,0.498220039839398,0.0,0.0107161443700033,57.046875,2.0,3.6002489220784994,4.8,0.0,0.0094461034302234,95.86328125,2.0,0.8667288971862915,0.475,0.0,0.0022458006560523,53.37890625,2.0,2.933426672889304,4.618666666666666,0.0,0.0041805457435538,142.9453125,2.0,0.0047654103143241,48.62890625,2.0
2026-05-29T10:56:02Z,2.333488899259951,824.9999999999985,0.0,0.0220172056514914,60.5859375,2.0,5.7336889125941735,4.79142854240353,0.0,0.0053565046792827,102.43359375,0.0,0.4000133342222814,44.99999999999999,0.0,0.0028927206431485,56.44921875,2.0,16.53438229215281,4.329707318558846,0.0,0.009365577964185,88.9609375,2.0,0.2,4.799999999999999,0.0,0.0057309309309309,85.17578125,3.0,0.3333511134817976,4.6999911103209175,0.0,0.0028471179381365,82.953125,2.0,30.535453491272,1.2117678431372545,0.0,0.0114915582225222,57.3046875,2.0,4.133733376597689,4.8,0.0,0.009367926296901,95.86328125,2.0,1.6001111226679905,0.4932688247897953,0.0,0.0034572829131651,53.375,2.0,3.2002133475565038,4.6207828873770325,0.0,0.0041472558388784,142.7734375,2.0,0.0047676565082552,48.3828125,2.0
2026-05-29T10:56:07Z,2.333488899259951,824.9999999999985,0.0,0.0220172056514914,60.5859375,2.0,5.7336889125941735,4.79142854240353,0.0,0.0067346235146838,102.41796875,0.0,0.4000133342222814,44.99999999999999,0.0,0.0027054910759975,56.46875,2.0,18.26722225926173,4.318853989483472,0.0,0.009365577964185,88.9609375,2.0,0.2,4.799999999999999,0.0,0.0054868402024587,85.16796875,3.0,0.3333511134817976,4.6999911103209175,0.0,0.0028471179381365,82.953125,2.0,31.201702358229788,1.802410815307265,0.0,0.0115754074009349,57.3046875,2.0,4.7333200210369775,4.8,0.0,0.009367926296901,95.86328125,2.0,1.6001111226679905,0.4932688247897953,0.0,0.0034572829131651,53.375,2.0,3.2002133475565038,4.6207828873770325,0.0,0.0041472558388784,142.7734375,2.0,0.0046397592618612,48.3828125,2.0
2026-05-29T10:56:12Z,3.6,46.74999999999997,0.0,0.0222496316105456,60.5859375,2.0,6.266840011556326,4.791071703177025,0.0,0.0067346235146838,102.41796875,0.0,0.4000133342222814,44.99999999999999,0.0,0.0033888533550416,56.46875,2.0,18.26722225926173,4.318853989483472,0.0,0.0102220638297859,89.0546875,2.0,0.6000000000000001,4.799999999999999,0.0,0.005291331036805,85.16796875,3.0,0.466648890073995,4.649996666592591,0.0,0.0027986993268892,82.953125,2.0,39.33416007763331,1.6098837256526246,0.0,0.0115754074009349,57.3046875,2.0,4.7333200210369775,4.8,0.0,0.009942486187844,95.625,2.0,2.933382225481699,0.4991523907561319,0.0,0.0034572829131651,53.375,2.0,3.2002133475565038,4.6207828873770325,0.0,0.0039976224358754,142.8046875,2.0,0.0046397592618612,48.3828125,2.0
2026-05-29T10:56:17Z,3.6,46.74999999999997,0.0,0.0236798267682591,60.58984375,2.0,6.666893348445452,4.791342092126351,0.0,0.0067346235146838,102.41796875,0.0,0.5333688912594172,41.25000000000001,0.0,0.0033888533550416,56.46875,2.0,20.134066715558816,4.340811445525112,0.0,0.0102220638297859,89.0546875,2.0,0.6666844456297086,4.800000000000001,0.0,0.005291331036805,85.16796875,3.0,0.5333333357037037,4.714287619089948,0.0,0.0028711940270438,83.03515625,2.0,39.40087119170757,1.7534590850433869,0.0,0.0105374275313648,57.5625,2.0,4.799991132444405,4.8209949391146765,0.0,0.0100683638757799,95.625,2.0,3.0000800053336887,2.880019022729493,0.0,0.0036026193006791,53.19140625,2.0,3.4666755709630026,4.619448172241077,0.0,0.0024485234282346,142.8046875,2.0,0.0045816031759439,48.6484375,2.0
2026-05-29T10:56:22Z,3.6,46.74999999999997,0.0,0.0247087535110752,60.58984375,2.0,6.666893348445452,4.791342092126351,0.0,0.0068058638083228,102.41796875,0.0,0.5333688912594172,41.25000000000001,0.0,0.0036667656447185,56.4609375,2.0,21.935524687732883,4.333329135544142,0.0,0.0102220638297859,89.0546875,2.0,0.6666844456297086,4.800000000000001,0.0,0.0053654524727215,85.1640625,3.0,0.5333333357037037,4.714287619089948,0.0,0.0024312839520344,83.03515625,2.0,39.13467566519518,1.8045605782773213,0.0,0.0131075664411213,57.5625,2.0,4.667133385191408,4.819895056470239,0.0,0.0100683638757799,95.625,2.0,3.0000800053336887,2.880019022729493,0.0,0.0035654323800846,53.19140625,2.0,3.4666755709630026,4.619448172241077,0.0,0.0027499487900998,142.8046875,2.0,0.0046202313796726,48.6484375,2.0
2026-05-29T10:56:27Z,2.933724496599547,40.35714285714283,0.0,0.0247087535110752,60.58984375,2.0,6.267084472298152,4.7908333333333335,0.0,0.0076711721517484,103.56640625,0.0,0.5333688912594172,41.25000000000001,0.0,0.0036667656447185,56.4609375,2.0,21.935524687732883,4.333329135544142,0.0,0.0055194999999988,89.0546875,2.0,0.3333600023706073,4.799999999999999,0.0,0.0052576392032599,85.1640625,3.0,0.3333600023706073,4.688886968331378,0.0,0.0028985840030613,83.03515625,2.0,32.00228461690307,1.7289041435839838,0.0,0.0131075664411213,57.5625,2.0,4.667133385191408,4.819895056470239,0.0,0.0100685633115251,95.640625,2.0,2.000133342222815,2.2799703092636765,0.0,0.0035654323800846,53.19140625,2.0,3.4666755709630026,4.619448172241077,0.0,0.0024551999999999,142.8046875,2.0,0.0046202313796726,48.6484375,2.0
2026-05-29T10:56:32Z,2.933724496599547,40.35714285714283,0.0,0.0247087535110752,60.58984375,2.0,5.3335244571860345,4.791269841269841,0.0,0.0076711721517484,103.56640625,0.0,0.0,41.25000000000001,0.0,0.0041864401789925,56.4609375,2.0,18.3347913055074,4.357027301865757,0.0,0.0078170000654167,89.1640625,2.0,0.0666755567408987,4.799999999999999,0.0,0.0052576392032599,85.1640625,3.0,0.0666755567408987,4.688886968331378,0.0,0.00284543507884,82.55078125,2.0,28.60124454756512,1.9373864352660808,0.0,0.0106149806328081,57.5625,2.0,4.2003111525981245,4.819289122499622,0.0,0.0100685633115251,95.640625,2.0,1.5333866702224592,2.039971375996718,0.0,0.0025976194556098,53.1640625,2.0,2.866862248299773,4.626666666666667,0.0,0.0037698356910639,143.01171875,2.0,0.0046202313796726,48.6484375,2.0
2026-05-29T10:56:37Z,2.933724496599547,40.35714285714283,0.0,0.0260612745759049,60.515625,2.0,5.3335244571860345,4.791269841269841,0.0,0.0082301178298588,103.56640625,0.0,0.0,41.25000000000001,0.0,0.0040349100515788,56.39453125,2.0,16.46666666666667,4.35249042145594,0.0,0.0087605238334063,89.1640625,2.0,0.0666755567408987,4.799999999999999,0.0,0.0052080066284056,85.23828125,3.0,0.0666755567408987,4.688886968331378,0.0,0.00284543507884,82.55078125,2.0,28.534128961485017,1.8721412413509968,0.0,0.0137997250791623,57.09765625,2.0,4.0665200097771255,4.858162847646693,0.0,0.0092371765890714,87.30078125,2.0,1.5333866702224592,2.039971375996718,0.0,0.0029047356466705,53.1640625,2.0,2.866862248299773,4.626666666666667,0.0,0.0037698356910639,143.01171875,2.0,0.0046905576762752,48.35546875,2.0
2026-05-29T10:56:42Z,2.999800013332445,42.37499999999995,0.0,0.0260612745759049,60.515625,2.0,5.6000000000000005,4.787692447604891,0.0,0.0082301178298588,103.56640625,0.0,0.0,41.25000000000001,0.0,0.0040349100515788,56.39453125,2.0,16.46666666666667,4.35249042145594,0.0,0.0113222852158747,89.1640625,2.0,0.0666622225184987,4.8,0.0,0.0052080066284056,85.23828125,3.0,0.0666666666666666,4.6666689712560085,0.0,0.0029346226296626,82.55078125,2.0,33.4011200942272,1.8519767979850508,0.0,0.0137997250791623,57.09765625,2.0,4.0665200097771255,4.858162847646693,0.0,0.0108808854614295,87.30078125,2.0,1.7333333333333334,1.8000328897659403,0.0,0.0036853942927275,53.1640625,2.0,2.866862248299773,4.626666666666667,0.0,0.0037698356910639,143.01171875,2.0,0.0046905576762752,48.35546875,2.0
2026-05-29T10:56:47Z,2.999800013332445,42.37499999999995,0.0,0.0243557522875384,60.515625,2.0,5.866675556148188,4.787739484480771,0.0,0.0084348471356485,103.33984375,0.0,0.1333377780740938,24.25,0.0,0.0040349100515788,56.39453125,2.0,17.26668000088895,4.344743157001051,0.0,0.0113222852158747,89.1640625,2.0,0.1333333339259259,4.8,0.0,0.0053291225563423,85.23828125,3.0,0.1333377780740938,4.62857687093835,0.0,0.0023856444046775,82.55078125,2.0,35.13446231704205,2.0814434676297453,0.0,0.0137997250791623,57.09765625,2.0,4.266520009777127,4.897436130618454,0.0,0.0108808854614295,87.30078125,2.0,2.000008889481521,0.4947920332020905,0.0,0.0036386337480725,53.19921875,2.0,2.7333333333333334,4.621333333333333,0.0,0.0037799937951509,142.8984375,2.0,0.0046905576762752,48.35546875,2.0
2026-05-29T10:56:52Z,2.999800013332445,42.37499999999995,0.0,0.0243557522875384,60.515625,2.0,5.866675556148188,4.787739484480771,0.0,0.0084348471356485,103.33984375,0.0,0.1333377780740938,24.25,0.0,0.0037206264096342,58.359375,2.0,13.467382316753286,4.343987758735853,0.0,0.0103576923076913,90.48046875,2.0,0.1333333339259259,4.8,0.0,0.0043970146118834,85.23828125,3.0,0.1333377780740938,4.62857687093835,0.0,0.0029213255650594,83.0703125,2.0,34.2682090272756,1.7979441045080842,0.0,0.0125321624962702,50.55078125,2.0,3.400266720010669,4.901063227670965,0.0,0.0106031490001266,87.328125,2.0,2.000008889481521,0.4947920332020905,0.0,0.0036386337480725,53.19921875,2.0,2.7333333333333334,4.621333333333333,0.0,0.0037799937951509,142.8984375,2.0,0.0047291388124261,50.12109375,2.0
2026-05-29T10:56:57Z,2.133617815708761,47.32142857142859,0.0743801652892562,0.0243557522875384,60.515625,2.0,5.866675556148188,4.787903174860632,0.0,0.0084348471356485,103.33984375,0.0,0.1333377780740938,24.25,0.0,0.0037206264096342,58.359375,2.0,13.467382316753286,4.343987758735853,0.0,0.0103576923076913,90.48046875,2.0,0.0666711114074271,4.800000000000001,0.0,0.0054062110803104,86.10546875,3.0,0.0666711114074271,4.714284353629188,0.0,0.0029213255650594,83.0703125,2.0,22.934120088012985,2.1550670639697374,0.0,0.0125321624962702,50.55078125,2.0,3.400266720010669,4.901063227670965,0.0,0.0103305670816034,87.328125,2.0,1.266711116445116,0.4919643575237497,0.0,0.0036386337480725,53.19921875,2.0,2.7333333333333334,4.621333333333333,0.0,0.0037894755461217,142.97265625,2.0,0.0047291388124261,50.12109375,2.0
2026-05-29T10:57:02Z,2.133617815708761,47.32142857142859,0.0743801652892562,0.0188512686496891,60.515625,2.0,5.666995598820544,4.765674475107716,0.0,0.0084348471356485,163.59765625,0.0,0.2666933362966519,23.12499583310184,0.0,0.0037206264096342,58.359375,2.0,7.867715695426057,4.316087891906866,0.0,0.0096543615412687,90.48046875,2.0,0.0,4.800000000000001,0.0,0.0054062110803104,86.10546875,3.0,0.0,4.599998518408771,0.0,0.0027740842549385,83.1328125,2.0,13.534715723579245,2.215712524791882,0.0,0.0116010720424159,50.55078125,2.0,1.8003289505302935,4.89268267563996,0.0,0.0089638330567073,87.328125,2.0,0.2667022269635951,0.475,0.0,0.0033204812985485,54.421875,2.0,0.9334266770382816,4.61966845208906,0.0,0.0038816906565366,142.97265625,2.0,0.0048722029854218,50.12109375,2.0
2026-05-29T10:57:07Z,2.133617815708761,47.32142857142859,0.0743801652892562,0.0169389582929998,60.515625,2.0,5.666995598820544,4.765238389113439,0.0,0.0058076224910492,163.59765625,0.0,0.2666933362966519,23.12499583310184,0.0,0.0032784117591804,58.49609375,2.0,4.46701337956172,4.395789474176702,0.0,0.0096543615412687,90.48046875,2.0,0.0,4.800000000000001,0.0,0.0053403163487083,86.10546875,3.0,0.0,4.599998518408771,0.0,0.0027740842549385,83.1328125,2.0,12.20111567023524,2.14044518325533,0.0,0.0091769772905258,50.5546875,2.0,0.4667288971862915,4.92063472914484,0.0,0.0088450430016062,88.07421875,2.0,0.2667022269635951,0.475,0.0,0.0033204812985485,54.421875,2.0,0.9334266770382816,4.61966845208906,0.0,0.0038816906565366,142.97265625,2.0,0.0046315342803444,50.4140625,2.0
2026-05-29T10:57:12Z,2.4001600106673777,39.06249999999997,0.3716814159292035,0.0167787316079497,62.3203125,2.0,5.666995598820544,4.762958871134014,0.0,0.0051644606833625,163.59765625,0.0,0.2666933362966519,23.12499583310184,0.0,0.0032784117591804,58.49609375,2.0,4.46701337956172,4.395789474176702,0.0,0.0070580734286163,90.5078125,2.0,0.0,4.8,0.0,0.0055197746074624,86.87890625,3.0,0.0,4.600004444641984,0.0,0.0027740842549385,83.1328125,2.0,6.200715643566797,2.63569428447157,0.0,0.0091769772905258,50.5546875,2.0,0.4667288971862915,4.92063472914484,0.0,0.0084243917305823,88.07421875,2.0,0.0,0.475,0.0,0.0033204812985485,54.421875,2.0,0.9334266770382816,4.61966845208906,0.0,0.0024053999999999,142.97265625,2.0,0.0046315342803444,50.4140625,2.0
2026-05-29T10:57:17Z,2.4001600106673777,39.06249999999997,0.3716814159292035,0.0124260011922166,62.3203125,2.0,4.800115563852484,4.697683696896165,0.0,0.0045212988756758,163.59765625,0.0,0.1333466681483259,22.0,0.0,0.0032784117591804,58.49609375,2.0,4.666853345778607,4.388316332008474,0.0,0.0070580734286163,90.5078125,2.0,0.0,4.8,0.0,0.0055197746074624,86.87890625,3.0,0.0,4.600008889283968,0.0,0.0029142645971909,82.90625,2.0,3.466897793186212,2.775671594719773,0.0,0.0075729586178723,50.5546875,2.0,0.1333422228148543,4.95670142584016,0.0,0.0084243917305823,88.07421875,2.0,0.0,0.475,0.0,0.0032708415776284,54.421875,2.0,0.1333422228148543,4.611432402898673,0.0,0.0031990021544395,142.98046875,2.0,0.0037617440148215,50.4140625,2.0
2026-05-29T10:57:22Z,2.4001600106673777,39.06249999999997,0.3716814159292035,0.0124260011922166,62.3203125,2.0,4.800115563852484,4.6912429747416144,0.0,0.0038781370679891,163.59765625,0.0,0.1333466681483259,22.0,0.0,0.0025490973815048,58.49609375,2.0,7.000746753788564,4.489607444892229,0.0,0.0070580734286163,90.5078125,2.0,0.0,4.8,0.0,0.0056792733639742,87.68359375,3.0,0.0,4.600008889283968,0.0,0.0029142645971909,82.90625,2.0,4.333680030817897,2.772224063946305,0.0,0.0075729586178723,50.5546875,2.0,1.000124460446539,4.897434925776194,0.0,0.0066928048125374,88.07421875,2.0,0.0,0.475,0.0,0.0025268341467705,54.421875,2.0,0.1333422228148543,4.611432402898673,0.0,0.0031990021544395,142.98046875,2.0,0.0044942507009411,50.4140625,2.0
2026-05-29T10:57:27Z,2.0669422589678623,40.83333333333326,0.5353535353535354,0.0136153655514232,62.41796875,2.0,1.6667822305191506,4.621052537182614,0.0,0.026304515764413,186.44140625,0.0,0.1333466681483259,22.0,0.0,0.0022910158209754,58.49609375,2.0,7.000746753788564,4.489607444892229,0.0,0.0071117199624466,90.546875,2.0,0.0666800026672001,4.8,0.0,0.0056792733639742,87.68359375,3.0,0.0666755567408987,4.6,0.0,0.0029142645971909,82.90625,2.0,11.534751292171755,3.1304213080987573,0.0,0.0077373317198613,51.81640625,2.0,1.000124460446539,4.897434925776194,0.0,0.0071329228619456,89.0,2.0,0.2667022269635951,0.475,0.0,0.0022542640153015,54.421875,2.0,0.1333422228148543,4.611432402898673,0.0,0.0031990021544395,142.98046875,2.0,0.0045997361259995,50.43359375,2.0
2026-05-29T10:57:32Z,2.0669422589678623,40.83333333333326,0.5353535353535354,0.0136153655514232,62.41796875,2.0,4.667106715561423,27.155485561427344,0.0,0.0296518702513138,186.44140625,0.0,0.2000088900742321,22.74998888781883,0.0,0.0031162640779642,58.50390625,2.0,11.33478241543317,4.494818319247104,0.0,0.0050667865807872,90.546875,2.0,0.2000133360005334,4.8,0.0,0.0056792733639742,87.68359375,3.0,0.2000088900742321,4.699997777580228,0.0,0.0022124422336467,82.8515625,2.0,21.336133706716453,3.24069345864593,0.0,0.0077373317198613,51.81640625,2.0,2.667022269635952,4.859375721644097,0.0,0.0071329228619456,89.0,2.0,0.8000711205938569,1.400080006321489,0.0,0.0028547091475249,54.6171875,2.0,3.533804507267636,4.620693502789139,0.0,0.0035666509656149,144.140625,2.0,0.0045997361259995,50.43359375,2.0
2026-05-29T10:57:37Z,2.0669422589678623,40.83333333333326,0.5353535353535354,0.0124584071257414,62.41796875,2.0,4.667106715561423,32.56125014261063,0.0,0.0382130747382147,186.44140625,0.0,0.2000088900742321,22.74998888781883,0.0,0.0030994660916882,58.50390625,2.0,14.934222340756545,4.517151719400676,0.0,0.0061048379665193,90.546875,2.0,0.2000133360005334,4.8,0.0,0.0038614749999993,87.68359375,3.0,0.2000088900742321,4.699997777580228,0.0,0.0026687458882576,82.8515625,2.0,22.402813699900157,3.263344658161248,0.0,0.0063288770053491,51.81640625,2.0,3.733702262819655,4.857577909573072,0.0,0.0072680968591432,87.85546875,2.0,0.8000711205938569,1.400080006321489,0.0,0.0028547091475249,54.6171875,2.0,3.533804507267636,4.620693502789139,0.0,0.0035666509656149,144.140625,2.0,0.0044604384231813,50.43359375,2.0
2026-05-29T10:57:42Z,3.066462235850944,82.49999999999994,0.3893805309734514,0.0169403022444806,62.19921875,2.0,4.667106715561423,36.81540368749593,0.0,0.0426223028992224,199.66015625,0.0,0.2000088900742321,22.74998888781883,0.0,0.003212360225577,58.45703125,2.0,14.934222340756545,4.517151719400676,0.0,0.0079414381622594,90.515625,2.0,0.2,4.800000000000001,0.0,0.005663786929275,87.77734375,3.0,0.2,4.600004444641984,0.0,0.0026687458882576,82.8515625,2.0,30.8004802856518,3.0328436988997947,0.0,0.0063288770053491,51.81640625,2.0,3.733702262819655,4.857577909573072,0.0,0.0072680968591432,87.85546875,2.0,1.2000800077045333,1.2001333422228078,0.0,0.002951430835608,55.10546875,2.0,3.533804507267636,4.620693502789139,0.0,0.0035666509656149,144.140625,2.0,0.0045765295468786,50.87109375,2.0
2026-05-29T10:57:47Z,3.066462235850944,82.49999999999994,0.3893805309734514,0.0165700939697962,62.19921875,2.0,5.466675556148188,10.250909187935685,0.0,0.0426223028992224,199.66015625,0.0,0.2000044447407604,23.8,0.0,0.003212360225577,58.45703125,2.0,18.266688890370467,4.495289982891535,0.0,0.0079414381622594,90.515625,2.0,0.1333377780740938,4.8,0.0,0.005663786929275,87.77734375,3.0,0.1333377780740938,4.666669629761323,0.0,0.0027188103583948,83.0,2.0,33.53232897540294,3.2620831697452672,0.0,0.0084073309712529,51.61328125,2.0,4.000128897482055,4.929546665010012,0.0,0.0072680968591432,87.85546875,2.0,1.2667200035557924,2.3000000000000043,0.0,0.0029023895401259,55.10546875,2.0,4.1334711202969086,4.611107471104474,0.0,0.0036813678430167,144.16015625,2.0,0.0045765295468786,50.87109375,2.0
2026-05-29T10:57:52Z,3.066462235850944,82.49999999999994,0.3893805309734514,0.0184918324512947,62.19921875,2.0,5.466675556148188,10.52878855341607,0.0,0.0426223028992224,199.66015625,0.0,0.2000044447407604,23.8,0.0,0.0032851901541498,58.45703125,2.0,20.400684490077115,4.396954314720811,0.0,0.0095229903332491,90.515625,2.0,0.1333377780740938,4.8,0.0,0.005663786929275,87.77734375,3.0,0.1333377780740938,4.666669629761323,0.0,0.0027705446563317,83.0,2.0,33.46565786399552,3.3118445449372294,0.0,0.0102953381984516,51.61328125,2.0,3.9334577860746274,4.897434675923973,0.0,0.0090128040973112,86.6171875,2.0,1.2667200035557924,2.299999999999997,0.0,0.0028993367693477,55.08203125,2.0,4.1334711202969086,4.611107471104474,0.0,0.0036813678430167,144.16015625,2.0,0.0048035583496107,50.87109375,2.0
2026-05-29T10:57:57Z,2.7336978263768503,1062.5000000000011,0.0932203389830508,0.0193854408451915,62.19921875,2.0,5.466675556148188,10.783880212782496,0.0,0.0426223028992224,199.66015625,0.0,0.2000044447407604,23.8,0.0,0.0032522538730637,58.46484375,2.0,20.400684490077115,4.396954314720811,0.0,0.0092374427304437,90.61328125,2.0,0.1333422228148543,4.800000000000001,0.0,0.0054880136238586,87.875,3.0,0.1333422228148543,4.6,0.0,0.0027705446563317,83.0,2.0,29.601035624597195,2.817807117996111,0.0,0.0102953381984516,51.61328125,2.0,3.9334577860746274,4.897434675923973,0.0,0.0090128040973112,86.6171875,2.0,1.2666755561481875,1.2999999999999947,0.0,0.0028993367693477,55.08203125,2.0,4.1334711202969086,4.611107471104474,0.0,0.0044093597094223,144.16015625,2.0,0.0048035583496107,50.87109375,2.0
2026-05-29T10:58:02Z,2.7336978263768503,1062.5000000000011,0.0932203389830508,0.0223302600827639,62.2734375,2.0,4.666960040894224,7.341154922295143,0.0,0.0220521512419415,200.99609375,0.0,0.0666622225184987,24.25,0.0,0.0032522538730637,58.46484375,2.0,17.867315600595475,4.4164471675824455,0.0,0.0092374427304437,90.61328125,2.0,0.1333333339259259,4.800000000000001,0.0,0.0054880136238586,87.875,3.0,0.1333333339259259,4.599986665777718,0.0,0.0025971626208935,83.0,2.0,27.001008957337817,2.716006100177318,0.0,0.0109224480994283,51.97265625,2.0,3.533457786074627,4.879165053901842,0.0,0.0090128040973112,86.6171875,2.0,1.5333244450369974,2.649989998444336,0.0,0.0020449241991507,55.08203125,2.0,2.333333333333333,4.613509829319208,0.0,0.0044093597094223,144.16015625,2.0,0.0048031724272995,50.421875,2.0
2026-05-29T10:58:07Z,2.7336978263768503,1062.5000000000011,0.0932203389830508,0.0223302600827639,62.2734375,2.0,4.666960040894224,7.229451011789801,0.0,0.0245320526450511,200.99609375,0.0,0.0666622225184987,24.25,0.0,0.0025435706867155,58.46484375,2.0,16.466084483256672,4.341859435613015,0.0,0.0105071009861065,87.04296875,2.0,0.1333333339259259,4.800000000000001,0.0,0.0054897224540898,87.92578125,3.0,0.1333333339259259,4.599986665777718,0.0,0.0019834314505545,83.0,2.0,27.00076006844782,2.824292623561179,0.0,0.0104844991355071,51.97265625,2.0,3.5332088971846325,4.8686755078419,0.0,0.0099841522460331,86.609375,2.0,1.5333244450369974,2.649989998444336,0.0,0.0017585500000002,55.08203125,2.0,2.333333333333333,4.613509829319208,0.0,0.0034857642012874,144.16015625,2.0,0.0048049854227417,50.421875,2.0
2026-05-29T10:58:12Z,3.0666666666666664,167.4999999999988,0.0,0.0239373380782935,62.2734375,2.0,4.666960040894224,7.124060387010004,0.0,0.0297588168373151,200.99609375,0.0,0.0666622225184987,24.25,0.0,0.0026959342218402,58.55859375,2.0,16.466084483256672,4.341859435613015,0.0,0.0115850052317922,87.04296875,2.0,0.1333288891851654,4.8,0.0,0.0054564561232189,87.92578125,3.0,0.1333244450369975,4.6,0.0,0.002596230563288,83.3515625,2.0,28.266533342221628,2.6367402341506088,0.0,0.0125798264842981,51.97265625,2.0,3.5332088971846325,4.8686755078419,0.0,0.0099841522460331,86.609375,2.0,1.6667111152594567,2.760010666666669,0.0,0.0017585500000002,55.08203125,2.0,2.333333333333333,4.613509829319208,0.0,0.0040603820847076,144.1640625,2.0,0.0046980519480519,50.1796875,2.0
2026-05-29T10:58:17Z,3.0666666666666664,167.4999999999988,0.0,0.0239373380782935,62.2734375,2.0,4.733155609476307,4.859368036816198,0.0,0.0244631113860447,200.99609375,0.0,0.0666711114074271,24.25,0.0,0.0031883061049013,58.55859375,2.0,16.666640074073957,4.340566356324565,0.0,0.0115850052317922,87.04296875,2.0,0.0666666666666666,4.8,0.0,0.0054564561232189,87.92578125,3.0,0.0666622225184987,4.500019999999999,0.0,0.002692334581773,83.3515625,2.0,28.26732450489181,2.5518105665869317,0.0,0.0120402182161227,52.2421875,2.0,3.599991127111072,4.84367816091954,0.0,0.0099841522460331,86.609375,2.0,1.3334222281485433,2.9666460484110115,0.0,0.0032556568196105,55.89453125,2.0,3.000097784296731,4.622499999999999,0.0,0.0037995951417005,144.1640625,2.0,0.0046980519480519,50.1796875,2.0
2026-05-29T10:58:22Z,3.0666666666666664,167.4999999999988,0.0,0.0240931472220727,62.58203125,2.0,4.733155609476307,4.836373622198018,0.0,0.0219840085695703,201.35546875,0.0,0.0666711114074271,24.25,0.0,0.0031883061049013,58.55859375,2.0,16.33606284163943,4.317117782694916,0.0,0.0115850052317922,87.04296875,2.0,0.0666666666666666,4.8,0.0,0.0050927910598139,87.9375,3.0,0.0666622225184987,4.500019999999999,0.0,0.002692334581773,83.3515625,2.0,28.134462343721047,2.624386774221774,0.0,0.0120402182161227,52.2421875,2.0,3.467128965940309,4.8449694325544375,0.0,0.0099841522460331,86.609375,2.0,1.3334222281485433,2.9666460484110115,0.0,0.0032556568196105,55.89453125,2.0,3.000097784296731,4.622499999999999,0.0,0.0037995951417005,144.1640625,2.0,0.0046980519480519,50.1796875,2.0
2026-05-29T10:58:27Z,1.9335911454860648,227.49999999999864,0.0,0.0228313821752267,62.58203125,2.0,4.733155609476307,4.810590414287463,0.0,0.0131740005677858,201.35546875,0.0,0.0666711114074271,24.25,0.0,0.0029739921518945,58.8125,2.0,16.33606284163943,4.317117782694916,0.0,0.0110383092365783,87.30078125,2.0,0.0,4.800000000000001,0.0,0.0050927910598139,87.9375,3.0,0.0,4.599995555160458,0.0,0.0026810416824846,83.44921875,2.0,25.8702761731536,2.7537978278686346,0.0,0.0117004273086081,52.2421875,2.0,3.467128965940309,4.8449694325544375,0.0,0.0097609041576572,86.6171875,2.0,1.2001244586684052,2.866627652009004,0.0,0.0032556568196105,55.89453125,2.0,3.000097784296731,4.622499999999999,0.0,0.0038025021842988,144.359375,2.0,0.0039249368334783,50.1796875,2.0
2026-05-29T10:58:32Z,1.9335911454860648,227.49999999999864,0.0,0.0228313821752267,62.58203125,2.0,4.267520189675152,4.793025751221801,0.0,0.0131740005677858,201.35546875,0.0,0.0,24.25,0.0,0.0028062508486851,58.8125,2.0,17.670116307140944,4.269085927955116,0.0,0.0110383092365783,87.30078125,2.0,0.0,4.799999999999999,0.0,0.0050927910598139,87.9375,3.0,0.0,4.399982220641834,0.0,0.0026118384511622,83.44921875,2.0,25.137627427694724,2.365932441856565,0.0,0.0096556313810874,52.2421875,2.0,3.4005689878696725,4.8,0.0,0.0097609041576572,86.6171875,2.0,1.266835578077077,2.4400017778567853,0.0,0.003276274547432,56.42578125,2.0,3.0004978637190742,4.629411764705882,0.0,0.0036622882113921,144.359375,2.0,0.0046189120488047,50.4375,2.0
2026-05-29T10:58:37Z,1.9335911454860648,227.49999999999864,0.0,0.0228313821752267,62.58203125,2.0,4.267520189675152,4.792336946875542,0.0,0.0131740005677858,201.35546875,0.0,0.0,24.25,0.0,0.0028062508486851,58.8125,2.0,18.267342429649467,4.282412216646389,0.0,0.0110383092365783,87.30078125,2.0,0.0,4.799999999999999,0.0,0.0050927910598139,87.9375,3.0,0.0,4.399982220641834,0.0,0.0026118384511622,83.44921875,2.0,24.80394735834752,2.3829430060636487,0.0,0.0086805957720368,52.2421875,2.0,3.0668889185224697,4.8,0.0,0.0094378320935182,86.6171875,2.0,1.266835578077077,2.44000177785679,0.0,0.003276274547432,56.42578125,2.0,3.0004978637190742,4.629411764705882,0.0,0.0036622882113921,144.359375,2.0,0.0046189120488047,50.4375,2.0
2026-05-29T10:58:42Z,2.466666666666667,749.999999999995,0.0,0.0182742204185117,62.58203125,2.0,4.267520189675152,4.791999905770465,0.0,0.0070143612022272,201.35546875,0.0,0.0,24.25,0.0,0.0025953242001357,59.2265625,2.0,18.267342429649467,4.282412216646389,0.0,0.010951018852698,87.44921875,2.0,0.0,4.8,0.0,0.0049448398186876,87.953125,3.0,0.0,4.6,0.0,0.0026018021232936,83.9453125,2.0,26.934800195581637,2.5354071093816013,0.0,0.0077055601629861,52.2421875,2.0,3.0668889185224697,4.8,0.0,0.0093846375974604,86.609375,2.0,0.9334133440014224,2.680001777856789,0.0,0.003383489732082,56.42578125,2.0,3.0004978637190742,4.629411764705882,0.0,0.003808486959019,144.8828125,2.0,0.0045101366668815,50.4375,2.0
2026-05-29T10:58:47Z,2.466666666666667,749.999999999995,0.0,0.0219542960003503,62.109375,2.0,5.266666666666667,4.794174825780674,0.0,0.0086122068050464,201.890625,0.0,0.0,24.25,0.0,0.0025953242001357,59.2265625,2.0,16.599413372441838,4.274183270067054,0.0,0.010951018852698,87.44921875,2.0,0.0,4.8,0.0,0.0049448398186876,87.953125,3.0,0.0,4.600008889283968,0.0,0.0019349340743441,83.9453125,2.0,30.866666666666667,2.609892106866062,0.0,0.0110606940834736,52.85546875,2.0,3.6,4.824359234618775,0.0,0.0093846375974604,86.609375,2.0,0.9333333333333332,2.2499977775802265,0.0,0.003383489732082,56.42578125,2.0,3.399884452147635,4.618922779981915,0.0,0.0030295209487981,144.8828125,2.0,0.0045067245602307,50.2421875,2.0
2026-05-29T10:58:52Z,2.466666666666667,749.999999999995,0.0,0.0219542960003503,62.109375,2.0,5.266666666666667,4.794174825780674,0.0,0.0086122068050464,201.890625,0.0,0.0,24.25,0.0,0.0025953242001357,59.2265625,2.0,17.333968931262085,4.266661762275879,0.0,0.010951018852698,87.44921875,2.0,0.0,4.8,0.0,0.0049448398186876,87.953125,3.0,0.0,4.600008889283968,0.0,0.0021522081268222,83.9453125,2.0,31.66681334311176,2.498976156289035,0.0,0.0110606940834736,52.85546875,2.0,4.400146676445097,4.823456529472184,0.0,0.0094609143564574,83.78125,2.0,0.9333333333333332,2.2499977775802265,0.0,0.0016567666666664,56.42578125,2.0,3.399884452147635,4.618922779981915,0.0,0.0039859276899758,144.8828125,2.0,0.0045067245602307,50.2421875,2.0
2026-05-29T10:58:57Z,2.666844456297086,725.000000000005,0.0,0.0219542960003503,62.109375,2.0,5.266666666666667,4.794174825780674,0.0,0.0086122068050464,201.890625,0.0,0.0,24.25,0.0,0.0025092116635582,59.6640625,2.0,17.333968931262085,4.266661762275879,0.0,0.0099096377664433,87.578125,2.0,0.0,4.8,0.0,0.0047548064183717,87.953125,3.0,0.0,4.8,0.0,0.0026845757882161,84.33203125,2.0,30.801057848301,2.4618409307525924,0.0,0.0111523852063601,53.08984375,2.0,4.400146676445097,4.823456529472184,0.0,0.0094609143564574,83.78125,2.0,1.1333333333333333,2.4000100004012443,0.0,0.0034019134396351,57.47265625,2.0,3.399884452147635,4.618922779981915,0.0,0.0040228308548197,144.9296875,2.0,0.0045067245602307,50.2421875,2.0
2026-05-29T10:59:02Z,2.666844456297086,725.000000000005,0.0,0.0220762018157444,62.29296875,2.0,4.533626686223525,4.794923741046355,0.0,0.0081549449660084,201.890625,0.0,0.1333377780740938,24.25,0.0,0.0025092116635582,59.6640625,2.0,20.001320088005865,4.24830426432195,0.0,0.0099096377664433,87.578125,2.0,0.0666666666666666,4.8,0.0,0.0049901043507379,87.9609375,3.0,0.0666666666666666,4.8,0.0,0.0026845757882161,84.33203125,2.0,26.201737893637358,2.2459624285884567,0.0,0.0112267171717166,53.08984375,2.0,3.666911127408493,4.824050358895605,0.0,0.0094609143564574,83.78125,2.0,1.1333644465186568,0.4952127994075326,0.0,0.0034019134396351,57.47265625,2.0,3.0668711247416494,4.623999999999999,0.0,0.0040228308548197,144.9296875,2.0,0.0046640842513011,49.8203125,2.0
2026-05-29T10:59:07Z,2.666844456297086,725.000000000005,0.0,0.0220762018157444,62.29296875,2.0,4.533626686223525,4.794923741046355,0.0,0.0081549449660084,201.890625,0.0,0.1333377780740938,24.25,0.0,0.0025092116635582,59.6640625,2.0,19.93401782341045,4.233016618213458,0.0,0.0087427729758395,87.62890625,2.0,0.0666666666666666,4.8,0.0,0.005195679659969,87.9609375,3.0,0.0666666666666666,4.8,0.0,0.0027553423153869,84.05078125,2.0,26.068257883858923,2.183488516995089,0.0,0.0112267171717166,53.08984375,2.0,3.533431117630064,4.824204369820982,0.0,0.0080723758252408,83.78125,2.0,1.1333644465186568,0.4952127994075326,0.0,0.0034019134396351,57.47265625,2.0,3.0668711247416494,4.623999999999999,0.0,0.0040228308548197,144.9296875,2.0,0.0046640842513011,49.8203125,2.0
2026-05-29T10:59:12Z,3.199786680887941,787.4999999999982,0.0,0.0229551012078146,62.0390625,2.0,4.533626686223525,4.794923741046355,0.0,0.0058464159618808,201.890625,0.0,0.1333377780740938,24.25,0.0,0.0028835879193691,58.78125,2.0,19.93401782341045,4.233016618213458,0.0,0.0104065144780116,87.62890625,2.0,0.1333288891851654,4.8,0.0,0.005195679659969,87.9609375,3.0,0.1333333333333333,4.600004444444444,0.0,0.0027870646993088,84.05078125,2.0,28.73401337866969,2.014155278241331,0.0,0.0114807749406185,53.546875,2.0,3.533431117630064,4.824204369820982,0.0,0.0097373776374657,83.42578125,2.0,1.4667555614818766,0.4940000506690537,0.0,0.0033900383010737,57.51171875,2.0,3.0668711247416494,4.623999999999999,0.0,0.0040369093112126,144.94921875,2.0,0.0047125048070754,49.8203125,2.0
2026-05-29T10:59:17Z,3.199786680887941,787.4999999999982,0.0,0.0229551012078146,62.0390625,2.0,6.26647557185124,4.792139837914441,0.0,0.0084919596278302,201.96484375,0.0,0.1333422234075654,24.25,0.0,0.0028835879193691,58.78125,2.0,18.9333511134818,4.291155465246598,0.0,0.0104065144780116,87.62890625,2.0,0.1333377792593975,4.8,0.0,0.0052373660859214,81.671875,3.0,0.1333422234075654,4.700006666666666,0.0,0.0027870646993088,84.05078125,2.0,35.0666755567409,2.043010465930697,0.0,0.0079215396086194,53.546875,2.0,4.533333333333333,4.821965317919075,0.0,0.0097373776374657,83.42578125,2.0,1.733408895111684,1.2666548140246376,0.0,0.0034021893464023,57.51171875,2.0,3.8,4.630591778551343,0.0,0.0040369093112126,144.94921875,2.0,0.003958975288424,49.8203125,2.0
2026-05-29T10:59:22Z,3.199786680887941,787.4999999999982,0.0,0.0194525561760675,62.0390625,2.0,6.26647557185124,4.792139837914441,0.0,0.0087600180243973,201.96484375,0.0,0.1333422234075654,24.25,0.0,0.0028835879193691,58.78125,2.0,19.201315730986355,4.2820856572199215,0.0,0.0082704906604457,87.62890625,2.0,0.1333377792593975,4.8,0.0,0.0053594263048673,81.671875,3.0,0.1333422234075654,4.700006666666666,0.0,0.0027654972074764,84.15234375,2.0,35.133626705782994,1.9782747582224616,0.0,0.0096383895419188,52.78125,2.0,4.600284482375428,4.820212311986369,0.0,0.0097373776374657,83.42578125,2.0,1.733408895111684,1.2666548140246376,0.0,0.0034021893464023,57.51171875,2.0,3.8,4.630591778551343,0.0,0.0041239018369277,144.9609375,2.0,0.0046420178695275,49.66015625,2.0
2026-05-29T10:59:27Z,3.0670756100813445,587.5000000000002,0.0,0.0177905250000037,62.0390625,2.0,6.26647557185124,4.792139837914441,0.0,0.0087600180243973,201.96484375,0.0,0.1333422234075654,24.25,0.0,0.0031541781560967,58.8984375,2.0,19.201315730986355,4.2820856572199215,0.0,0.0111559664962473,87.671875,2.0,0.200035562075299,4.8,0.0,0.0053594263048673,81.671875,3.0,0.2000266702226963,4.5,0.0,0.0028504684698332,84.15234375,2.0,34.468004553195044,1.7355405216454072,0.0,0.0107177366228929,52.78125,2.0,4.600284482375428,4.820212311986369,0.0,0.0099463070780071,83.671875,2.0,1.733408895111684,0.4983604713419139,0.0,0.0034021893464023,57.51171875,2.0,3.8,4.630591778551343,0.0,0.0035359815547597,144.9609375,2.0,0.0046420178695275,49.66015625,2.0
2026-05-29T10:59:32Z,3.0670756100813445,587.5000000000002,0.0,0.0240219619963901,59.2421875,2.0,4.4007156803188,4.78759555861429,0.0,0.0087113127902068,201.11328125,0.0,0.1333422234075654,24.25,0.0,0.0031541781560967,58.8984375,2.0,18.00234697959728,4.246902797145243,0.0,0.0111559664962473,87.671875,2.0,0.2000266720010668,4.800000000000001,0.0,0.0053594263048673,81.671875,3.0,0.2000177801484642,4.599995555259239,0.0,0.0028504684698332,84.15234375,2.0,28.669400294849485,1.4300348932853166,0.0,0.0113720368233795,52.78125,2.0,3.733831177490332,4.8,0.0,0.0099463070780071,83.671875,2.0,1.6001377922979756,0.4891791350479264,0.0,0.0023480702763947,57.5234375,2.0,2.667111188161978,4.62368054984924,0.0,0.0041111284208344,144.9609375,2.0,0.0046992855101453,49.66015625,2.0
2026-05-29T10:59:37Z,3.0670756100813445,587.5000000000002,0.0,0.0240219619963901,59.2421875,2.0,4.4007156803188,4.787515875356348,0.0,0.0087113127902068,201.11328125,0.0,0.1333422234075654,24.25,0.0,0.0031541781560967,58.8984375,2.0,16.667715695426057,4.246642094809763,0.0,0.0111559664962473,87.671875,2.0,0.2000266720010668,4.800000000000001,0.0,0.0053594263048673,81.671875,3.0,0.2000177801484642,4.599995555259239,0.0,0.0023875761442362,84.15234375,2.0,28.069115812474056,1.3195075885484464,0.0,0.0116474428523331,52.6171875,2.0,3.133546695114904,4.8,0.0,0.0099463070780071,83.671875,2.0,1.6001377922979756,0.4891791350479264,0.0,0.0026201084482319,57.5234375,2.0,2.667111188161978,4.62368054984924,0.0,0.0034085365737138,144.9609375,2.0,0.0046968027116501,50.22265625,2.0
2026-05-29T10:59:42Z,2.2,962.4999999999992,0.0,0.0240219619963901,59.2421875,2.0,4.4007156803188,4.787436132289823,0.0,0.0087113127902068,201.11328125,0.0,0.1333422234075654,24.25,0.0,0.0032333219732466,58.92578125,2.0,16.667715695426057,4.246642094809763,0.0,0.0102434839181876,87.67578125,2.0,0.1333333333333333,4.800000000000001,0.0,0.0056347870205943,81.6796875,3.0,0.1333333333333333,4.533333333333333,0.0,0.0028643602170949,84.22265625,2.0,25.468071298395344,1.3514153104532438,0.0,0.0116474428523331,52.6171875,2.0,3.133546695114904,4.8,0.0,0.0099336190389344,83.671875,2.0,1.400080010668089,0.4817858069214814,0.0,0.0034086065387929,57.69921875,2.0,2.667111188161978,4.62368054984924,0.0,0.0038315457268963,144.98046875,2.0,0.0046968027116501,50.22265625,2.0
2026-05-29T10:59:47Z,2.2,962.4999999999992,0.0,0.0235893011571873,59.2421875,2.0,5.999831125925176,4.785795669980919,0.0,0.0059507425127214,201.11328125,0.0,0.3333466675556148,24.25,0.0,0.0032333219732466,58.92578125,2.0,17.400048892148366,4.225961444664222,0.0,0.0102434839181876,87.67578125,2.0,0.2666800008889481,4.8,0.0,0.0056347870205943,81.6796875,3.0,0.2666800008889481,4.600004444641984,0.0,0.0028643602170949,84.22265625,2.0,29.600035557926084,1.3594950872402725,0.0,0.0122329997193919,52.63671875,2.0,3.666666666666667,4.8,0.0,0.0097965372277884,83.421875,2.0,1.800026668444563,0.4815972059317387,0.0,0.0034086065387929,57.69921875,2.0,2.8665733395551407,4.6,0.0,0.0038315457268963,144.98046875,2.0,0.0045987619076253,50.22265625,2.0
2026-05-29T10:59:52Z,2.2,962.4999999999992,0.0,0.0235893011571873,59.2421875,2.0,5.999831125925176,4.78571531254415,0.0,0.00752407976279,203.28125,0.0,0.3333466675556148,24.25,0.0,0.0032333219732466,58.92578125,2.0,17.60062226370647,4.203858748463,0.0,0.0102434839181876,87.67578125,2.0,0.2666800008889481,4.8,0.0,0.0056347870205943,81.6796875,3.0,0.2666800008889481,4.600004444641984,0.0,0.0028139793542104,84.1015625,2.0,30.26699559704241,1.1831478797066486,0.0,0.0122329997193919,52.63671875,2.0,4.333626705782994,4.8,0.0,0.0096899762854994,83.421875,2.0,1.800026668444563,0.4815972059317387,0.0,0.0034086065387929,57.69921875,2.0,2.8665733395551407,4.6,0.0,0.0038315457268963,144.98046875,2.0,0.0046651122763487,50.34375,2.0
2026-05-29T10:59:57Z,2.8670489398586483,412.4999999999998,0.0,0.0235893011571873,59.2421875,2.0,5.999831125925176,4.785634894793558,0.0,0.0096026543103941,203.28125,0.0,0.3333466675556148,24.25,0.0,0.0031109537745049,58.92578125,2.0,17.60062226370647,4.203858748463,0.0,0.0097740624517723,87.67578125,2.0,0.4666977798519901,4.8,0.0,0.0056347870205943,81.6796875,3.0,0.4667155611858766,4.549994443950572,0.0,0.002761951766685,84.1015625,2.0,38.13645374701797,1.1098320372977502,0.0,0.0122505425485747,52.63671875,2.0,4.333626705782994,4.8,0.0,0.0101829113515614,83.421875,2.0,2.2668444663731755,0.4815067581945715,0.0,0.0035486982114557,57.703125,2.0,2.8665733395551407,4.6,0.0,0.0040003195568814,144.87109375,2.0,0.0046651122763487,50.34375,2.0
2026-05-29T11:00:02Z,2.8670489398586483,412.4999999999998,0.0,0.0228227037534629,59.2421875,2.0,5.3338533923034674,4.784553791669589,0.0,0.008948905426222,202.6171875,0.0,0.3333466675556148,24.25,0.0,0.0036460806643419,58.94921875,2.0,17.867817854523636,4.198077006083476,0.0,0.0102833010797419,87.90234375,2.0,0.4000177789630419,4.799999999999999,0.0,0.0058624840561233,81.6796875,3.0,0.4000355602969284,4.63332222123448,0.0,0.002761951766685,84.1015625,2.0,36.33726713457713,0.4992493115081075,0.0,0.0120877295085045,52.7421875,2.0,4.133755603265048,4.8,0.0,0.0101829113515614,83.421875,2.0,1.866848911113936,0.481089785230226,0.0,0.0035486982114557,57.703125,2.0,3.133542236149077,4.603030303030304,0.0,0.0040003195568814,144.87109375,2.0,0.004746329476174,50.34375,2.0
2026-05-29T11:00:07Z,2.8670489398586483,412.4999999999998,0.0,0.0182110911762788,59.2421875,2.0,5.3338533923034674,4.784395792650849,0.0,0.008948905426222,202.6171875,0.0,0.3333466675556148,24.25,0.0,0.0036460806643419,58.94921875,2.0,19.46792452830189,4.213597954847882,0.0,0.0081442993571622,87.90234375,2.0,0.4000177789630419,4.799999999999999,0.0,0.0058624840561233,81.6796875,3.0,0.4000355602969284,4.63332222123448,0.0,0.0027860276350671,81.625,2.0,35.87019154760844,1.127757399919754,0.0,0.0120877295085045,52.7421875,2.0,3.666680016296356,4.8,0.0,0.0101829113515614,83.421875,2.0,1.866848911113936,0.481089785230226,0.0,0.0035486982114557,57.703125,2.0,3.133542236149077,4.603030303030304,0.0,0.0040003195568814,144.87109375,2.0,0.004746329476174,50.34375,2.0
2026-05-29T11:00:12Z,2.8001866791119405,500.0,0.0,0.0236266170176753,59.1875,2.0,5.3338533923034674,4.784237561722613,0.0,0.008948905426222,202.6171875,0.0,0.3333466675556148,24.25,0.0,0.0038346870935101,58.94921875,2.0,19.46792452830189,4.213597954847882,0.0,0.0100840505056849,87.90234375,2.0,0.2,7.0,0.0,0.0057930272943492,81.16015625,3.0,0.2,4.657140135942118,0.0,0.0027860276350671,81.625,2.0,26.600733397632887,1.3837985143055422,0.0,0.0112680634469691,52.7421875,2.0,3.666680016296356,4.8,0.0,0.0102271212509609,79.68359375,2.0,1.3999866717036444,0.4873377371151501,0.0,0.0028835592108735,56.93359375,2.0,3.133542236149077,4.603030303030304,0.0,0.0039076667746109,141.19921875,2.0,0.0046652911596492,49.421875,2.0
2026-05-29T11:00:17Z,2.8001866791119405,500.0,0.0,0.0236266170176753,59.1875,2.0,5.999835573629373,4.788333484416758,0.0,0.0091924989408433,195.46875,0.0,0.2666844468151309,24.25,0.0,0.0031413596891406,58.94921875,2.0,21.13410227941201,4.284950471510074,0.0,0.0082854760642418,87.90234375,2.0,0.2000177801484642,8.374997222098761,0.0,0.0057305485837221,81.16015625,3.0,0.2000177801484642,4.675002430670336,0.0,0.0027860276350671,81.625,2.0,28.26662223940816,1.6243599458257707,0.0,0.0117950889537711,52.60546875,2.0,3.866551118814301,4.8,0.0,0.0102271212509609,79.68359375,2.0,1.466657785481916,1.0500127784876871,0.0,0.0034200737858189,56.93359375,2.0,3.5334533413338667,4.602777777777778,0.0,0.0039076667746109,141.19921875,2.0,0.0046652911596492,49.421875,2.0
2026-05-29T11:00:22Z,2.8001866791119405,500.0,0.0,0.0236266170176753,59.1875,2.0,5.999835573629373,4.788333484416758,0.0,0.0091924989408433,195.46875,0.0,0.2666844468151309,24.25,0.0,0.0028218024313481,58.94921875,2.0,22.600866730375408,4.275313921287461,0.0,0.0074451385221014,87.90234375,2.0,0.2000177801484642,8.374997222098761,0.0,0.0057305485837221,81.16015625,3.0,0.2000177801484642,4.675002430670336,0.0,0.0022743599818386,81.234375,2.0,28.80037338311775,1.802291467463404,0.0,0.0112483404167399,52.60546875,2.0,4.400302262523892,4.820430566431522,0.0,0.0102271212509609,79.68359375,2.0,1.466657785481916,1.0500127784876871,0.0,0.0034300509141401,56.95703125,2.0,3.5334533413338667,4.602777777777778,0.0,0.0034544538356322,141.19921875,2.0,0.004610930881289,49.41796875,2.0
2026-05-29T11:00:27Z,3.133542236149077,47.62499999999996,0.0,0.0236266170176753,59.1875,2.0,5.999835573629373,4.788333484416758,0.0,0.0091924989408433,195.46875,0.0,0.2666844468151309,24.25,0.0,0.0030219642256365,58.94921875,2.0,22.600866730375408,4.275313921287461,0.0,0.0075726672952337,87.90234375,2.0,0.2000266702226963,8.375,0.0,0.005742887802552,80.47265625,3.0,0.2000222248892247,4.675,0.0,0.0026896846482614,81.234375,2.0,32.602435880339605,1.7977655408258664,0.0,0.0131120763851516,52.60546875,2.0,4.400302262523892,4.820430566431522,0.0,0.0106320709979012,79.68359375,2.0,1.4668355869689296,1.0999538857991549,0.0,0.0034300509141401,56.95703125,2.0,3.5334533413338667,4.602777777777778,0.0,0.0035016936335713,141.19921875,2.0,0.004610930881289,49.41796875,2.0
2026-05-29T11:00:32Z,3.133542236149077,47.62499999999996,0.0,0.0242583126201737,59.11328125,2.0,5.200511168303192,4.788663831958852,0.0,0.005427625,195.46875,0.0,0.1333377780740938,24.25,0.0,0.0041553187128512,58.73828125,2.0,22.26814232059915,4.256426402879958,0.0,0.0121159448562874,84.2421875,2.0,0.1333422234075654,8.5,0.0,0.005742887802552,80.47265625,3.0,0.1333377780740938,4.657140135881644,0.0,0.0026896846482614,81.234375,2.0,28.93644036478608,2.012202240847688,0.0,0.0105118787931072,52.60546875,2.0,3.933746714376238,4.862294847449336,0.0,0.0083338602511132,79.68359375,2.0,1.4001733626721788,1.9599612413437464,0.0,0.0033214852346587,56.95703125,2.0,3.53356890459364,4.615186307517115,0.0,0.0041801069564112,141.13671875,2.0,0.004610930881289,49.41796875,2.0
2026-05-29T11:00:37Z,3.133542236149077,47.62499999999996,0.0,0.0242583126201737,59.11328125,2.0,5.200511168303192,4.788663831958852,0.0,0.0090805888054822,196.5234375,0.0,0.1333377780740938,24.25,0.0,0.0041553187128512,58.73828125,2.0,19.667364490966065,4.270491803278687,0.0,0.0121159448562874,84.2421875,2.0,0.1333422234075654,8.5,0.0,0.0059832787384777,80.65625,3.0,0.1333377780740938,4.657140135881644,0.0,0.0026896846482614,81.234375,2.0,28.73613810226219,2.1352337938593404,0.0,0.0124109227137853,52.8515625,2.0,3.7334444518523457,4.884916185303721,0.0,0.0074478543346214,79.68359375,2.0,1.4001733626721788,1.9599612413437464,0.0,0.0027331948415134,56.95703125,2.0,3.53356890459364,4.615186307517115,0.0,0.0041801069564112,141.13671875,2.0,0.0045127736075188,49.41796875,2.0
2026-05-29T11:00:42Z,3.1331244583694424,516.666666666666,0.0,0.0242583126201737,59.11328125,2.0,5.200511168303192,4.788663831958852,0.0,0.0090805888054822,196.5234375,0.0,0.1333377780740938,24.25,0.0,0.0038993410001294,58.73828125,2.0,19.667364490966065,4.270491803278687,0.0,0.0124618619831081,84.2421875,2.0,0.2666666666666666,8.499999999999996,0.0,0.0040321361656099,80.65625,3.0,0.2666666666666666,4.675002083391205,0.0,0.0029239137102548,81.41015625,2.0,29.133017897776377,2.19020977527874,0.0,0.0124109227137853,52.8515625,2.0,3.7334444518523457,4.884916185303721,0.0,0.0065618484181296,79.68359375,2.0,1.9999555638516544,1.800022222814825,0.0,0.0033810868854752,56.640625,2.0,3.53356890459364,4.615186307517115,0.0,0.0041122822381385,141.13671875,2.0,0.0045918467784933,49.37890625,2.0
2026-05-29T11:00:47Z,3.1331244583694424,516.666666666666,0.0,0.0193585116422167,59.11328125,2.0,5.000204460445827,4.790222138204459,0.0,0.0085025286037086,196.43359375,0.0,0.2666844468151309,24.25,0.0,0.0038993410001294,58.73828125,2.0,16.400044450371162,4.29527406639078,0.0,0.0114310400901967,84.109375,2.0,0.3333511134817976,8.625002777962974,0.0,0.0045546027889478,80.65625,3.0,0.3333511134817976,4.657149660144705,0.0,0.0029239137102548,81.41015625,2.0,29.265635629625404,2.3901962155702123,0.0,0.0127517456359075,52.8515625,2.0,3.8,4.8915662650602405,0.0,0.0099809979158995,79.484375,2.0,2.066617788148405,2.5000333355557,0.0,0.0033810868854752,56.640625,2.0,2.6,4.585070263417747,0.0,0.0040088280687311,138.8359375,2.0,0.0045918467784933,49.37890625,2.0
2026-05-29T11:00:52Z,3.1331244583694424,516.666666666666,0.0,0.0244615118905277,58.97265625,2.0,5.000204460445827,4.790222138204459,0.0,0.0089033226536419,196.43359375,0.0,0.2666844468151309,24.25,0.0,0.0039334363771404,59.23046875,2.0,15.467795706094146,4.320824438551574,0.0,0.0114310400901967,84.109375,2.0,0.3333511134817976,8.625002777962974,0.0,0.0047601528188568,80.34765625,3.0,0.3333511134817976,4.657149660144705,0.0,0.0029732566654914,81.41015625,2.0,28.932417859551844,2.291852480430401,0.0,0.0104360286284267,52.8515625,2.0,3.4667822299264395,4.8938270832664585,0.0,0.0099809979158995,79.484375,2.0,2.066617788148405,2.5000333355557,0.0,0.0034411498536066,52.46875,2.0,2.6,4.585070263417747,0.0,0.0040088280687311,138.8359375,2.0,0.003834647785645,49.37890625,2.0
2026-05-29T11:00:57Z,2.7336978263768503,699.9999999999986,0.0,0.0244615118905277,58.97265625,2.0,5.000204460445827,4.790222138204459,0.0,0.0089033226536419,196.43359375,0.0,0.2666844468151309,24.25,0.0,0.0039334363771404,59.23046875,2.0,15.467795706094146,4.320824438551574,0.0,0.0114310400901967,84.109375,2.0,0.2667022269635951,7.250000000000001,0.0,0.0058661301926507,80.34765625,3.0,0.4000533404453927,4.685716099905707,0.0,0.0029732566654914,81.41015625,2.0,28.33551139381496,2.28976143648809,0.0,0.0093733831587677,52.8515625,2.0,3.4667822299264395,4.8938270832664585,0.0,0.0104498444603966,79.74609375,2.0,1.800102231408336,2.039981155963384,0.0,0.0036640725742599,52.46875,2.0,2.6,4.585070263417747,0.0,0.0039930488056318,138.8359375,2.0,0.0048923415282102,46.84765625,2.0
2026-05-29T11:01:02Z,2.7336978263768503,699.9999999999986,0.0,0.0244615118905277,58.97265625,2.0,6.533924508748346,4.788034033478344,0.0,0.0072213733486098,196.43359375,0.0,0.5333688936302619,24.25,0.0,0.0030450839652163,59.64453125,2.0,16.868764724185446,4.30341873003946,0.0,0.0067163622764231,84.109375,2.0,0.3333511134817976,4.8,0.0,0.005020511230574,80.34765625,3.0,0.5333688936302619,15.249899993332884,0.0,0.0030996854717014,85.16015625,2.0,33.07084499385052,2.08817146385548,0.0,0.0121629720853858,52.96875,2.0,4.133768939265463,4.891017964071857,0.0,0.0104498444603966,79.74609375,2.0,2.400191132150657,0.4996751288300885,0.0,0.0036640725742599,52.46875,2.0,2.800373383117749,4.640000000000001,0.0,0.0041882555423517,139.6875,2.0,0.0048923415282102,46.84765625,2.0
2026-05-29T11:01:07Z,2.7336978263768503,699.9999999999986,0.0,0.0244615118905277,58.97265625,2.0,6.533924508748346,4.788034033478344,0.0,0.0089671408865372,194.28125,0.0,0.5333688936302619,24.25,0.0,0.0034108136888207,59.64453125,2.0,16.133853501349158,4.313428761112271,0.0,0.0080975149282824,85.06640625,2.0,0.3333511134817976,4.8,0.0,0.0058845028970843,80.34765625,3.0,0.5333688936302619,15.249899993332884,0.0,0.0033162117022149,85.16015625,2.0,33.33752943948023,2.11488357578035,0.0,0.0121629720853858,52.96875,2.0,4.400453384895172,4.867059089441986,0.0,0.0103859706112784,79.48828125,2.0,2.400191132150657,0.4996751288300885,0.0,0.0036459215017064,52.34765625,2.0,2.800373383117749,4.640000000000001,0.0,0.0041882555423517,139.6875,2.0,0.0048665751862277,46.69140625,2.0
2026-05-29T11:01:12Z,2.933333333333333,687.5,0.0075757575757575,0.0225466703882072,59.0859375,2.0,6.533924508748346,4.788034033478344,0.0,0.0089671408865372,194.28125,0.0,0.5333688936302619,24.25,0.0,0.0043887566832526,59.64453125,2.0,16.133853501349158,4.313428761112271,0.0,0.0101729171981751,85.06640625,2.0,0.2666666666666666,4.8,0.0,0.0059252976190471,80.34765625,3.0,0.2666666666666666,19.749999999999996,0.0,0.0030829436009138,86.4140625,2.0,34.73549361248107,2.1247727224321333,0.0,0.0121629720853858,52.96875,2.0,4.400453384895172,4.867059089441986,0.0,0.0062712886688271,79.48828125,2.0,2.200177797928376,0.4984571666048316,0.0,0.003694615949225,52.34765625,2.0,2.800373383117749,4.640000000000001,0.0,0.0041989706770022,139.6875,2.0,0.0049701771786662,46.69140625,2.0
2026-05-29T11:01:17Z,2.933333333333333,687.5,0.0075757575757575,0.0225466703882072,59.0859375,2.0,5.400182234371179,4.786498061217991,0.0,0.0082162731039926,194.28125,0.0,0.0,24.25,0.0,0.0043887566832526,59.64453125,2.0,14.866671177185204,4.367974717065341,0.0,0.0101729171981751,85.06640625,2.0,0.0666666666666666,4.8,0.0,0.0058636607196011,80.34765625,3.0,0.0,20.12501250069448,0.0,0.0030829436009138,86.4140625,2.0,31.86768006756006,2.01091169511308,0.0,0.0121073411974543,52.96875,2.0,4.0669377958530575,4.821228807798816,0.0,0.0070955232280833,79.48828125,2.0,1.3334222281485433,0.4921691604431201,0.0,0.003694615949225,52.34765625,2.0,3.4666755709630026,4.628175898263333,0.0,0.0042588329979876,139.859375,2.0,0.0049701771786662,46.69140625,2.0
2026-05-29T11:01:22Z,2.933333333333333,687.5,0.0075757575757575,0.0225466703882072,59.0859375,2.0,5.400182234371179,4.786498061217991,0.0,0.0082503193637449,192.21875,0.0,0.0,24.25,0.0,0.0034309288236189,59.64453125,2.0,14.468564757687854,4.413555424680439,0.0,0.0101729171981751,85.06640625,2.0,0.0666666666666666,4.8,0.0,0.0058636607196011,80.34765625,3.0,0.0,20.12501250069448,0.0,0.0023461207397611,86.78125,2.0,31.93435117896749,1.98027253965718,0.0,0.0118340240596798,51.171875,2.0,4.133608907260484,4.8,0.0,0.0079991237665211,79.48828125,2.0,1.3334222281485433,0.4921691604431201,0.0,0.0025193749999999,52.34765625,2.0,3.4666755709630026,4.628175898263333,0.0,0.0042588329979876,139.859375,2.0,0.0034910749999994,46.69140625,2.0
2026-05-29T11:01:27Z,3.000400053340446,45.208333333333314,0.0076923076923076,0.022685330526919,59.328125,2.0,5.400182234371179,4.786498061217991,0.0,0.0082503193637449,192.21875,0.0,0.0,24.25,0.0,0.0039330754490588,58.94140625,2.0,14.468564757687854,4.413555424680439,0.0,0.0076561798705016,85.06640625,2.0,0.1333422228148543,4.8,0.0,0.0055787120755478,80.34765625,3.0,0.1333511134817975,20.87499583300923,0.0,0.0029160053939111,86.78125,2.0,29.601973464897657,2.0559146208864374,0.0,0.0118340240596798,51.171875,2.0,4.133608907260484,4.8,0.0,0.0075779555555552,79.48828125,2.0,1.3334755721502027,0.4942566391640931,0.0,0.0036453007153198,52.4453125,2.0,3.4666755709630026,4.628175898263333,0.0,0.0042588329979876,139.859375,2.0,0.0052226738934053,46.6015625,2.0
2026-05-29T11:01:32Z,3.000400053340446,45.208333333333314,0.0076923076923076,0.0222866402297261,59.328125,2.0,4.533733380153482,4.785833787228532,0.0,0.0082503193637449,192.21875,0.0,0.2666755585187951,24.25,0.0,0.0039043485315592,58.94140625,2.0,13.535524835329692,4.381119920709928,0.0,0.0099923236701892,86.54296875,2.0,0.2666666678518518,4.8,0.0,0.0055529250118908,80.34765625,3.0,0.2666755585187951,20.87500833370372,0.0,0.0029160053939111,86.78125,2.0,27.869235828772077,2.070859946365241,0.0,0.0118340240596798,51.171875,2.0,3.733693372152712,4.8,0.0,0.0086148371734127,79.48828125,2.0,1.6001600248919707,0.4876663851814325,0.0,0.0036453007153198,52.4453125,2.0,2.4669955994132557,4.648107419117355,0.0,0.004484460971038,139.859375,2.0,0.0052226738934053,46.6015625,2.0
2026-05-29T11:01:37Z,3.000400053340446,45.208333333333314,0.0076923076923076,0.0216992185044721,59.3359375,2.0,4.533733380153482,4.785833787228532,0.0,0.0083701568173656,191.72265625,0.0,0.2666755585187951,24.25,0.0,0.0039043485315592,58.94140625,2.0,14.666915702530533,4.376122156590691,0.0,0.0099923236701892,86.54296875,2.0,0.2666666678518518,4.8,0.0,0.0056871950385339,80.34765625,3.0,0.2666755585187951,20.87500833370372,0.0,0.0023397055278945,86.78125,2.0,27.535764708475163,2.130626942665244,0.0,0.0087284028806494,51.265625,2.0,3.400222251855803,4.8,0.0,0.0104055498172576,79.828125,2.0,1.6001600248919707,0.4876663851814325,0.0,0.0036453007153198,52.4453125,2.0,2.4669955994132557,4.648107419117355,0.0,0.0041612971598137,140.0546875,2.0,0.0052226738934053,46.6015625,2.0
2026-05-29T11:01:42Z,2.1333333333333333,37.70833333333334,0.0082644628099173,0.0216992185044721,59.3359375,2.0,4.533733380153482,4.785833787228532,0.0,0.0083701568173656,191.72265625,0.0,0.2666755585187951,24.25,0.0,0.0039043485315592,58.94140625,2.0,14.666915702530533,4.376122156590691,0.0,0.0099596839474887,84.2265625,2.0,0.1999866675554963,4.799999999999999,0.0,0.0056871950385339,80.34765625,3.0,0.1999955564444246,20.87500416680556,0.0,0.0020619815163176,86.44140625,2.0,23.934809089211655,2.138205153870788,0.0,0.0108397628567518,51.265625,2.0,3.400222251855803,4.8,0.0,0.0104055498172576,79.828125,2.0,1.4000533440011853,0.4871793483859626,0.0,0.0034731493754263,52.85546875,2.0,2.4669955994132557,4.648107419117355,0.0,0.0041612971598137,140.0546875,2.0,0.004314509458984,46.6015625,2.0
2026-05-29T11:01:47Z,2.1333333333333333,37.70833333333334,0.0082644628099173,0.0216992185044721,59.3359375,2.0,5.600035580444603,4.785046728971962,0.0,0.007744930423884,88.3828125,0.0,0.2666666678518518,24.25,0.0,0.0035840239001318,59.03125,2.0,18.065515635846737,4.330773257012181,0.0,0.0095900023716034,84.2265625,2.0,0.200004445333353,4.799999999999999,0.0,0.0056871950385339,80.34765625,3.0,0.2000133342222814,18.24999999999999,0.0,0.0024654692573313,86.44140625,2.0,25.332511168292644,1.9553199243693415,0.0,0.0108397628567518,51.265625,2.0,3.599875563851299,4.8,0.0,0.0100313667477371,79.828125,2.0,1.3333200032592,0.4887679474341759,0.0,0.0034731493754263,52.85546875,2.0,3.2665511188143013,4.623192164198333,0.0,0.0039715735766542,140.0546875,2.0,0.0049562770746614,46.578125,2.0
2026-05-29T11:01:52Z,2.1333333333333333,37.70833333333334,0.0082644628099173,0.0163040917088544,59.359375,2.0,5.600035580444603,4.785046728971962,0.0,0.0064997069644406,88.3828125,0.0,0.2666666678518518,24.25,0.0,0.0031536571669241,59.03125,2.0,19.66670675407425,4.299995348294539,0.0,0.0095900023716034,84.2265625,2.0,0.200004445333353,4.799999999999999,0.0,0.0042195553289917,80.34765625,3.0,0.2000133342222814,18.24999999999999,0.0,0.0025145104895104,86.296875,2.0,25.26606675348178,1.8610130563087897,0.0,0.0109249944177187,51.2890625,2.0,3.5334311490404358,4.8,0.0,0.0102987733443603,80.28125,2.0,1.3333200032592,0.4887679474341759,0.0,0.0034255445376724,52.85546875,2.0,3.2665511188143013,4.623192164198333,0.0,0.0040890053436213,140.3515625,2.0,0.0049562770746614,46.578125,2.0
2026-05-29T11:01:57Z,2.800186679111941,49.58333333333334,0.0,0.018053670524825,59.359375,2.0,5.600035580444603,4.785046728971962,0.0,0.0080745195262877,88.5859375,0.0,0.2666666678518518,24.25,0.0,0.0031536571669241,59.03125,2.0,19.66670675407425,4.299995348294539,0.0,0.0099733803353664,84.8203125,2.0,0.2666933362966519,4.8,0.0,0.0037579931450921,80.34765625,3.0,0.3333555570371358,4.549988887901146,0.0,0.0025145104895104,86.296875,2.0,27.734493654846407,1.7974186497144706,0.0,0.0109249944177187,51.2890625,2.0,3.5334311490404358,4.8,0.0,0.0103356139870738,80.28125,2.0,1.5333733401483258,0.4898435799059739,0.0,0.0038194622279128,52.7265625,2.0,3.2665511188143013,4.623192164198333,0.0,0.0040890053436213,140.3515625,2.0,0.0050131161757126,46.578125,2.0
2026-05-29T11:02:02Z,2.800186679111941,49.58333333333334,0.0,0.020994945791647,59.359375,2.0,4.933644465186568,4.784976306375946,0.0,0.0080745195262877,88.5859375,0.0,0.2666755561481876,24.25,0.0,0.0028113107362741,59.015625,2.0,20.06795564148721,4.238419420505685,0.0,0.0099733803353664,84.8203125,2.0,0.2666844468151309,4.8,0.0,0.0055379143416719,80.3515625,3.0,0.3333466675556148,4.633318517201529,0.0,0.0025791723333981,86.296875,2.0,25.669329198556785,1.4485571373387562,0.0,0.0105354521558062,51.2890625,2.0,3.1336533694858675,4.8,0.0,0.0103356139870738,80.28125,2.0,1.6667600062226369,0.4891790621417062,0.0,0.0038194622279128,52.7265625,2.0,2.533591140151665,4.741171525909425,0.0,0.0039970016657414,140.5,2.0,0.005006891201991,46.7265625,2.0
2026-05-29T11:02:07Z,2.800186679111941,49.58333333333334,0.0,0.022712040725985,59.83984375,2.0,4.933644465186568,4.784976306375946,0.0,0.0079368928874111,88.5859375,0.0,0.2666755561481876,24.25,0.0,0.0035960995219471,59.015625,2.0,20.601324532746627,4.171579461050109,0.0,0.0078408619799563,84.8203125,2.0,0.2666844468151309,4.8,0.0,0.0055198737883906,80.3515625,3.0,0.3333466675556148,4.633318517201529,0.0,0.0026681317895939,86.0859375,2.0,25.935773613367648,1.5527488654504715,0.0,0.0105809833225034,51.29296875,2.0,3.400097784296731,4.8,0.0,0.0101120373853984,80.02734375,2.0,1.6667600062226369,0.4891790621417062,0.0,0.0032427151257358,52.7265625,2.0,2.533591140151665,4.741171525909425,0.0,0.0039970016657414,140.5,2.0,0.0048113186722209,46.7265625,2.0
2026-05-29T11:02:12Z,3.6,875.0,0.0,0.0225756434247955,59.83984375,2.0,4.933644465186568,4.784976306375946,0.0,0.0108324698470593,89.83203125,0.0,0.2666755561481876,24.25,0.0,0.0035960995219471,59.015625,2.0,20.601324532746627,4.171579461050109,0.0,0.0070715250000006,84.8203125,2.0,0.3333333333333333,4.8,0.0,0.0055198737883906,80.3515625,3.0,0.2666666666666666,4.628564897710389,0.0,0.0026394075560592,86.0859375,2.0,29.334013378669688,1.454287873015877,0.0,0.0105809833225034,51.29296875,2.0,3.400097784296731,4.8,0.0,0.0101120373853984,80.02734375,2.0,1.99996445214799,0.487338054021917,0.0,0.0037241636830894,52.546875,2.0,2.533591140151665,4.741171525909425,0.0,0.0039970016657414,140.5,2.0,0.0048113186722209,46.7265625,2.0
2026-05-29T11:02:17Z,3.6,875.0,0.0,0.0225756434247955,59.83984375,2.0,5.800044450371161,4.784976228012034,0.0,0.0108324698470593,89.83203125,0.0,0.2666844468151309,24.25,0.0,0.0037075087477775,59.04296875,2.0,18.86740449718917,4.184688209804943,0.0,0.0107683694741149,85.35546875,2.0,0.3333511134817976,4.8,0.0,0.0055370848708469,80.3515625,3.0,0.2666844468151309,4.628574694033049,0.0,0.0026394075560592,86.0859375,2.0,32.266702226963595,1.152346517856087,0.0,0.0105809833225034,51.29296875,2.0,3.9333333333333336,4.8253327478393615,0.0,0.0103720496108326,80.02734375,2.0,2.266635566518973,0.4937498026204979,0.0,0.0037241636830894,52.546875,2.0,2.7333333333333334,4.733327830454904,0.0,0.0034651444543683,140.75390625,2.0,0.0048113186722209,46.7265625,2.0
2026-05-29T11:02:22Z,3.6,875.0,0.0,0.0221495382991805,64.09765625,2.0,5.800044450371161,4.784976228012034,0.0,0.0122588402098397,89.83203125,0.0,0.2666844468151309,24.25,0.0,0.0037075087477775,59.04296875,2.0,15.600520038225245,4.1525064102672005,0.0,0.0107683694741149,85.35546875,2.0,0.3333511134817976,4.8,0.0,0.0055370848708469,80.3515625,3.0,0.2666844468151309,4.628574694033049,0.0,0.0028632615120606,86.12109375,2.0,32.20016001303822,1.196864247061898,0.0,0.0115002768677021,51.3046875,2.0,3.866791119407961,4.824515253805709,0.0,0.0103720496108326,80.02734375,2.0,2.266635566518973,0.4937498026204979,0.0,0.0037241636830894,52.546875,2.0,2.7333333333333334,4.733327830454904,0.0,0.0043068902661315,140.75390625,2.0,0.0048736535388664,46.63671875,2.0
2026-05-29T11:02:27Z,2.20029337244966,649.999999999997,0.0,0.0227296622967301,64.09765625,2.0,5.800044450371161,4.784976228012034,0.0,0.0109147925631241,90.20703125,0.0,0.2666844468151309,24.25,0.0,0.0041379414702054,59.04296875,2.0,15.600520038225245,4.1525064102672005,0.0,0.0107683694741149,85.35546875,2.0,0.2000266702226963,4.7818179614151415,0.0,0.0055370848708469,80.3515625,3.0,0.2000266702226963,4.657142857142857,0.0,0.0028632615120606,86.12109375,2.0,29.735378042108763,1.1155360359776594,0.0,0.0115002768677021,51.3046875,2.0,3.866791119407961,4.824515253805709,0.0,0.0103669533022805,80.05859375,2.0,1.93348446459528,0.4945198586240917,0.0,0.0034119057940497,52.546875,2.0,2.7333333333333334,4.733327830454904,0.0,0.0043068902661315,140.75390625,2.0,0.0050004227019115,46.63671875,2.0
2026-05-29T11:02:32Z,2.20029337244966,649.999999999997,0.0,0.0227296622967301,64.09765625,2.0,4.733955638529582,4.7848214135126375,0.0,0.0109147925631241,90.20703125,0.0,0.1333422234075654,24.25,0.0,0.0035502769961308,59.05078125,2.0,13.401311254831905,4.1852940660620135,0.0,0.0103510677093902,86.07421875,2.0,0.1333422234075654,4.779999555525924,0.0,0.0054837435124745,80.34765625,3.0,0.1333422234075654,4.633330246719238,0.0,0.0027572733897639,83.765625,2.0,27.87025824835849,1.408299613788623,0.0,0.0115002768677021,51.3046875,2.0,3.667031151412228,4.846625766871165,0.0,0.0103669533022805,80.05859375,2.0,1.53352891496644,0.4871796606866386,0.0,0.0030720085237582,52.546875,2.0,2.466911138077294,4.719354838709677,0.0,0.004027375897185,140.52734375,2.0,0.0050004227019115,46.63671875,2.0
2026-05-29T11:02:37Z,2.20029337244966,649.999999999997,0.0,0.0223644946435883,64.13671875,2.0,4.733955638529582,4.7848214135126375,0.0,0.0105016098019049,90.25390625,0.0,0.1333422234075654,24.25,0.0,0.0035502769961308,59.05078125,2.0,14.000844557052051,4.218911215018885,0.0,0.0103510677093902,86.07421875,2.0,0.1333422234075654,4.779999555525924,0.0,0.0054837435124745,80.34765625,3.0,0.1333422234075654,4.633330246719238,0.0,0.0027572733897639,83.765625,2.0,27.403467128950528,1.3113598294272168,0.0,0.010928648245286,51.31640625,2.0,3.200240032004267,4.871250527801236,0.0,0.0100730741652872,80.05859375,2.0,1.53352891496644,0.4871796606866386,0.0,0.0027321112534667,52.546875,2.0,2.466911138077294,4.719354838709677,0.0,0.0039064503780266,140.52734375,2.0,0.0047304087550284,46.625,2.0
2026-05-29T11:02:42Z,2.333333333333333,48.74999999999993,0.0,0.0223644946435883,64.13671875,2.0,4.733955638529582,4.7848214135126375,0.0,0.0105016098019049,90.25390625,0.0,0.1333422234075654,24.25,0.0,0.0035502769961308,59.05078125,2.0,14.000844557052051,4.218911215018885,0.0,0.0100909064806051,86.07421875,2.0,0.1333333333333333,4.775,0.0,0.0054837435124745,80.34765625,3.0,0.1333288891851654,4.700001851899864,0.0,0.0027860098425678,83.765625,2.0,26.268249099879984,1.505555849471127,0.0,0.010928648245286,51.31640625,2.0,3.200240032004267,4.871250527801236,0.0,0.0101256879980274,80.06640625,2.0,1.4668044595573533,0.4875001754488566,0.0,0.0020259812036564,52.546875,2.0,2.466911138077294,4.719354838709677,0.0,0.0039064503780266,140.52734375,2.0,0.0047304087550284,46.625,2.0
2026-05-29T11:02:47Z,2.333333333333333,48.74999999999993,0.0,0.0223644946435883,64.13671875,2.0,4.933351112296376,4.787155976396412,0.0,0.0105016098019049,90.25390625,0.0,0.2666755561481876,37.49986110185123,0.0,0.0025239308698562,59.05078125,2.0,16.20002666844456,4.253535564412106,0.0,0.0100909064806051,86.07421875,2.0,0.2000088894815209,4.775000347240548,0.0,0.0054837435124745,80.34765625,3.0,0.200004445333353,4.7000037038134455,0.0,0.002827874713959,83.81640625,2.0,27.533351112296376,1.8790017948922315,0.0,0.010928648245286,51.31640625,2.0,3.333333333333333,4.894410455889561,0.0,0.0101256879980274,80.06640625,2.0,1.533400004444741,1.150010278405902,0.0,0.0034123975935777,52.53515625,2.0,3.000097784296731,4.5967213114754095,0.0,0.0049700733651192,140.734375,2.0,0.0045902700226225,46.625,2.0
2026-05-29T11:02:52Z,2.333333333333333,48.74999999999993,0.0,0.0200215064387519,64.13671875,2.0,4.933351112296376,4.787155976396412,0.0,0.0099553691159784,90.62109375,0.0,0.2666755561481876,37.49986110185123,0.0,0.0034858288602519,55.87109375,2.0,15.400933456016238,4.2810202620061055,0.0,0.0094865022920641,85.875,2.0,0.2000088894815209,4.775000347240548,0.0,0.0054376216347718,80.16015625,3.0,0.200004445333353,4.7000037038134455,0.0,0.0027962764923202,83.81640625,2.0,27.93359114430064,1.951821181147769,0.0,0.0109108409321168,51.609375,2.0,3.733573365337601,4.91801216824069,0.0,0.0100919187804203,80.5078125,2.0,1.533400004444741,1.150010278405902,0.0,0.0034123975935777,52.53515625,2.0,3.000097784296731,4.5967213114754095,0.0,0.0052597717546362,140.734375,2.0,0.0046662099260489,46.77734375,2.0
2026-05-29T11:02:57Z,2.3336444859314573,45.625000000000114,0.0,0.0201365238125361,64.08984375,2.0,4.933351112296376,4.787155976396412,0.0,0.0073870904163587,90.62109375,0.0,0.2666755561481876,37.49986110185123,0.0,0.0034858288602519,55.87109375,2.0,15.400933456016238,4.2810202620061055,0.0,0.0084866589154223,85.875,2.0,0.2000133342222814,4.771428571428571,0.0,0.0054376216347718,80.16015625,3.0,0.2666844456297086,4.733334567960679,0.0,0.0027962764923202,83.81640625,2.0,28.80210694640759,2.036106894355787,0.0,0.0109108409321168,51.609375,2.0,3.733573365337601,4.91801216824069,0.0,0.0100919187804203,80.5078125,2.0,1.3333866702224593,1.5499413838251623,0.0,0.003420259333915,52.53515625,2.0,3.000097784296731,4.5967213114754095,0.0,0.0052597717546362,140.734375,2.0,0.0046662099260489,46.77734375,2.0
2026-05-29T11:03:02Z,2.3336444859314573,45.625000000000114,0.0,0.0201365238125361,64.08984375,2.0,4.800320021334755,4.788405787143551,0.0,0.0073870904163587,90.62109375,0.0,0.1333422228148543,40.0001111160496,0.0,0.0032532720088897,55.87109375,2.0,15.2014668249075,4.240860000504203,0.0,0.0084866589154223,85.875,2.0,0.1333422228148543,4.7666661728102415,0.0,0.0038533319244496,80.16015625,3.0,0.2000133342222814,4.720000000000001,0.0,0.0023563445257312,83.81640625,2.0,26.736160327744123,2.062623742482341,0.0,0.0109108409321168,51.609375,2.0,3.467017817189946,4.918749999999999,0.0,0.0100919187804203,80.5078125,2.0,1.1334088939262617,0.4900790751762384,0.0,0.0034322752097759,52.5859375,2.0,3.133542236149077,4.596774193548386,0.0,0.004672771129548,140.734375,2.0,0.004489425519542,46.77734375,2.0
2026-05-29T11:03:07Z,2.3336444859314573,45.625000000000114,0.0,0.019691885238142,64.08984375,2.0,4.800320021334755,4.788405787143551,0.0,0.0061797936059784,90.62109375,0.0,0.1333422228148543,40.0001111160496,0.0,0.0027160483578217,55.87109375,2.0,16.86722670400249,4.2537686902778535,0.0,0.0090424331760996,86.03125,2.0,0.1333422228148543,4.7666661728102415,0.0,0.004306814474519,80.16015625,3.0,0.2000133342222814,4.720000000000001,0.0,0.002691546275639,83.875,2.0,26.93592029573985,2.007368475340975,0.0,0.0105112497443249,51.6640625,2.0,3.666777785185679,4.94999991227588,0.0,0.0069420250000007,80.5078125,2.0,1.1334088939262617,0.4900790751762384,0.0,0.0034322752097759,52.5859375,2.0,3.133542236149077,4.596774193548386,0.0,0.0050524529992957,140.76171875,2.0,0.004648755559356,46.83984375,2.0
2026-05-29T11:03:12Z,2.533164455702953,899.9999999999941,0.0,0.0203640229408825,64.1953125,2.0,4.800320021334755,4.788405787143551,0.0,0.0071814839649471,90.9140625,0.0,0.1333422228148543,40.0001111160496,0.0,0.0024449423570809,55.87109375,2.0,16.86722670400249,4.2537686902778535,0.0,0.0090424331760996,86.03125,2.0,0.1333377780740938,4.76666716050846,0.0,0.0054417906008327,80.16015625,3.0,0.0666711114074271,4.7200014222601485,0.0,0.002691546275639,83.875,2.0,26.066537884740168,2.050036627926395,0.0,0.0105112497443249,51.6640625,2.0,3.666777785185679,4.94999991227588,0.0,0.0101430632465575,79.8359375,2.0,1.2000400026668443,0.4905737960240349,0.0,0.0020477805951708,52.58203125,2.0,3.133542236149077,4.596774193548386,0.0,0.0050524529992957,140.76171875,2.0,0.004648755559356,46.83984375,2.0
2026-05-29T11:03:17Z,2.533164455702953,899.9999999999941,0.0,0.0203640229408825,64.1953125,2.0,3.8001288974820544,4.790769348590516,0.0,0.0071814839649471,90.9140625,0.0,0.0666711114074271,42.499916661110746,0.0,0.0033946565233233,55.890625,2.0,13.80035557926084,4.246154018983918,0.0,0.0092019764069916,86.03125,2.0,0.1333377780740938,4.760001066709335,0.0,0.00544115252114,80.15234375,3.0,0.0666711114074271,4.700003333444448,0.0,0.002691546275639,83.875,2.0,25.599840104888177,2.1581647720123582,0.0,0.0105112497443249,51.6640625,2.0,3.600106673778252,5.2083333333333295,0.0,0.0101430632465575,79.8359375,2.0,1.1333688912594173,0.4925927518773846,0.0,0.0023339133502861,52.58203125,2.0,2.466751116741116,4.620588235294117,0.0,0.0057389891904323,140.76171875,2.0,0.004648755559356,46.83984375,2.0
2026-05-29T11:03:22Z,2.533164455702953,899.9999999999941,0.0,0.0210342926735488,64.1953125,2.0,3.8001288974820544,4.790769348590516,0.0,0.0071595614659151,91.8515625,0.0,0.0666711114074271,42.499916661110746,0.0,0.0033946565233233,55.890625,2.0,13.60090672711514,4.260864510292608,0.0,0.0092019764069916,86.03125,2.0,0.1333377780740938,4.760001066709335,0.0,0.00544115252114,80.15234375,3.0,0.0666711114074271,4.700003333444448,0.0,0.002738919925512,82.75390625,2.0,25.599973447110997,2.1770467638555013,0.0,0.0110391727189248,51.6796875,2.0,3.6002400160010666,5.678562017632691,0.0,0.0101430632465575,79.8359375,2.0,1.1333688912594173,0.4925927518773846,0.0,0.0026200461054013,52.58203125,2.0,2.466751116741116,4.620588235294117,0.0,0.0052132465543645,141.50390625,2.0,0.0041082517549785,46.83984375,2.0
2026-05-29T11:03:27Z,2.667022269635951,799.999999999994,0.0,0.0210289515656895,64.21875,2.0,3.8001288974820544,4.790769348590516,0.0,0.0073778316375503,91.8515625,0.0,0.0666711114074271,42.499916661110746,0.0,0.0034871150886998,55.88671875,2.0,13.60090672711514,4.260864510292608,0.0,0.0090815385459919,85.625,2.0,0.1333422228148543,4.766667037057614,0.0,0.00544115252114,80.15234375,3.0,0.2000133342222814,4.719999999999999,0.0,0.002738919925512,82.75390625,2.0,27.135142342822853,2.0390926546984574,0.0,0.0110391727189248,51.6796875,2.0,3.6002400160010666,5.678562017632691,0.0,0.0100411890286357,79.83984375,2.0,1.2000800053336889,0.4919644405570678,0.0,0.002862106510154,52.421875,2.0,2.466751116741116,4.620588235294117,0.0,0.0052132465543645,141.50390625,2.0,0.0048033457489178,46.84375,2.0
2026-05-29T11:03:32Z,2.667022269635951,799.999999999994,0.0,0.0210289515656895,64.21875,2.0,5.93392006578572,4.787939690411493,0.0,0.0073778316375503,91.8515625,0.0,0.2000088894815209,24.25,0.0,0.0031849240188042,55.88671875,2.0,16.934431184301175,4.24725276456222,0.0,0.0094568513998935,85.625,2.0,0.1333377780740938,4.766666666666667,0.0,0.0053913885075061,80.15234375,3.0,0.2000088894815209,4.7199989332717,0.0,0.0026539446578691,82.75390625,2.0,31.935435695713046,1.787682656081429,0.0,0.0110391727189248,51.6796875,2.0,4.266951130075338,5.531249999999996,0.0,0.0100411890286357,79.83984375,2.0,1.4667555614818766,0.4749999999999999,0.0,0.0034018810932928,52.421875,2.0,3.400226681778785,4.611768446922408,0.0,0.0040336272950698,141.50390625,2.0,0.0048033457489178,46.84375,2.0
2026-05-29T11:03:37Z,2.667022269635951,799.999999999994,0.0,0.0213890410116018,64.21875,2.0,5.93392006578572,4.787939690411493,0.0,0.0070896754468485,92.17578125,0.0,0.2000088894815209,24.25,0.0,0.0031849240188042,55.88671875,2.0,16.60054670311354,4.25165865278697,0.0,0.0094568513998935,85.625,2.0,0.1333377780740938,4.766666666666667,0.0,0.0053913885075061,80.15234375,3.0,0.2000088894815209,4.7199989332717,0.0,0.002689421542946,82.39453125,2.0,31.8019690201569,1.6987389999016411,0.0,0.0113994678995118,51.6953125,2.0,4.1334844545191896,4.992406240505902,0.0,0.0100627829648142,79.85546875,2.0,1.4667555614818766,0.4749999999999999,0.0,0.0034018810932928,52.421875,2.0,3.400226681778785,4.611768446922408,0.0,0.0039377651217597,141.93359375,2.0,0.0047760964294229,46.6875,2.0
2026-05-29T11:03:42Z,2.799813345776948,1062.499999999995,0.0,0.0213890410116018,64.21875,2.0,5.93392006578572,4.787939690411493,0.0,0.0070896754468485,92.17578125,0.0,0.2000088894815209,24.25,0.0,0.0031849240188042,55.88671875,2.0,16.60054670311354,4.25165865278697,0.0,0.0096607728315046,85.58984375,2.0,0.2,4.760000533349927,0.0,0.0053913885075061,80.15234375,3.0,0.1333333333333333,4.699999999999999,0.0,0.002689421542946,82.39453125,2.0,35.60222237038025,1.5818556015620755,0.0,0.0113994678995118,51.6953125,2.0,4.1334844545191896,4.992406240505902,0.0,0.0102272281842307,79.85546875,2.0,1.8001111185190124,0.4749999999999999,0.0,0.0034656756756754,52.265625,2.0,3.400226681778785,4.611768446922408,0.0,0.0039377651217597,141.93359375,2.0,0.0047760964294229,46.6875,2.0
2026-05-29T11:03:47Z,2.799813345776948,1062.499999999995,0.0,0.0167567985755183,64.21875,2.0,4.666684446815132,4.823645304665432,0.0,0.0070896754468485,92.17578125,0.0,0.1333422234075654,24.25,0.0,0.0033396895452572,55.6484375,2.0,16.33339556385296,4.248623708795818,0.0,0.0096607728315046,85.58984375,2.0,0.2000088900742321,4.760001066709335,0.0,0.0053913885075061,80.15234375,3.0,0.1333422234075654,4.700001666750005,0.0,0.0022241312264066,82.39453125,2.0,32.93460897748786,1.5718122132039083,0.0,0.0113994678995118,51.6953125,2.0,3.733333333333333,4.965217664965483,0.0,0.0102272281842307,79.85546875,2.0,1.6000844512598715,0.4830508292624496,0.0,0.0034677899877902,52.265625,2.0,3.200106673778252,4.611594202898551,0.0,0.0038521440713307,141.93359375,2.0,0.0047760964294229,46.6875,2.0
2026-05-29T11:03:52Z,2.799813345776948,1062.499999999995,0.0,0.0149743784912182,64.21875,2.0,4.666684446815132,4.823645304665432,0.0,0.0046315249999999,92.17578125,0.0,0.1333422234075654,24.25,0.0,0.0028859608293767,55.6484375,2.0,16.134426812463886,4.218279576720007,0.0,0.009437171888232,85.58984375,2.0,0.2000088900742321,4.760001066709335,0.0,0.0054307752351989,79.98046875,3.0,0.1333422234075654,4.700001666750005,0.0,0.0026906711881765,82.39453125,2.0,33.26823568327085,1.4133747884250585,0.0,0.0096092422342627,51.6953125,2.0,4.066960039116326,4.934117062636119,0.0,0.0056876250000016,79.85546875,2.0,1.6000844512598715,0.4830508292624496,0.0,0.0034677899877902,52.265625,2.0,3.200106673778252,4.611594202898551,0.0,0.0039167525714159,142.17578125,2.0,0.0046696116383623,46.6875,2.0
2026-05-29T11:03:57Z,2.933920117356805,47.187499999999964,0.0,0.0226905711583552,64.11328125,2.0,4.666684446815132,4.823645304665432,0.0,0.0076661923110605,93.74609375,0.0,0.1333422234075654,24.25,0.0,0.0037382508773135,55.6484375,2.0,16.134426812463886,4.218279576720007,0.0,0.009437171888232,85.58984375,2.0,0.200035562075299,4.8,0.0,0.0054307752351989,79.98046875,3.0,0.2000266702226963,4.6,0.0,0.0027848961134686,81.33984375,2.0,31.53478678667775,1.3173097175001265,0.0,0.0120823240873358,51.703125,2.0,4.066960039116326,4.934117062636119,0.0,0.0104676632092756,79.47265625,2.0,1.4001244610392496,0.4821967758275123,0.0,0.0034538626220109,52.234375,2.0,3.200106673778252,4.611594202898551,0.0,0.0039167525714159,142.17578125,2.0,0.004785246446517,46.84765625,2.0
2026-05-29T11:04:02Z,2.933920117356805,47.187499999999964,0.0,0.0226905711583552,64.11328125,2.0,5.867395656309493,4.817621030993953,0.0,0.0076661923110605,93.74609375,0.0,0.2666755585187951,24.25,0.0,0.0037926167209555,55.76953125,2.0,16.068742503444607,4.25000049769659,0.0,0.0099588182805721,85.80078125,2.0,0.2666844503713977,4.8,0.0,0.0054270933240315,79.98046875,3.0,0.2666755585187951,4.666661728102405,0.0,0.0027848961134686,81.33984375,2.0,32.869902582561465,1.2701317172127629,0.0,0.0120823240873358,51.703125,2.0,4.333911188158421,4.883977900552486,0.0,0.0104676632092756,79.47265625,2.0,1.6001600248919707,0.4885713553169373,0.0,0.0034698462655848,52.234375,2.0,3.467013371856474,4.6,0.0,0.0039167525714159,142.17578125,2.0,0.004785246446517,46.84765625,2.0
2026-05-29T11:04:07Z,2.933920117356805,47.187499999999964,0.0,0.0226905711583552,64.11328125,2.0,5.867395656309493,4.817621030993953,0.0,0.0075448176532299,93.8203125,0.0,0.2666755585187951,24.25,0.0,0.0037926167209555,55.76953125,2.0,16.46771125483368,4.246005809829678,0.0,0.0088071681330083,85.80078125,2.0,0.2666844503713977,4.8,0.0,0.005413042157081,79.98828125,3.0,0.2666755585187951,4.666661728102405,0.0,0.0028678089488639,81.33984375,2.0,32.469609210111805,1.4099889383024404,0.0,0.0124739074428969,51.703125,2.0,3.933617815708761,4.862637594640484,0.0,0.0104676632092756,79.47265625,2.0,1.6001600248919707,0.4885713553169373,0.0,0.0034698462655848,52.234375,2.0,3.467013371856474,4.6,0.0,0.0039394052121438,142.05078125,2.0,0.004885041344517,46.84765625,2.0
2026-05-29T11:04:12Z,2.3998400106659554,45.4166666666666,0.0,0.0237853173442527,64.015625,2.0,5.867395656309493,4.817621030993953,0.0,0.0076658308894311,93.8203125,0.0,0.2666755585187951,24.25,0.0,0.0037926167209555,55.76953125,2.0,16.46771125483368,4.246005809829678,0.0,0.0106083831965972,85.80078125,2.0,0.1999911117036641,4.8,0.0,0.005413042157081,79.98828125,3.0,0.1999911117036641,4.639996444286412,0.0,0.002874481134998,81.13671875,2.0,29.80276475381472,1.4599891883147993,0.0,0.0122428733602415,51.72265625,2.0,3.933617815708761,4.862637594640484,0.0,0.0106799735862651,79.47265625,2.0,1.4000533440011853,0.4891791985374039,0.0,0.0036504697752492,52.24609375,2.0,3.467013371856474,4.6,0.0,0.0039394052121438,142.05078125,2.0,0.0047587994875863,46.875,2.0
2026-05-29T11:04:17Z,2.3998400106659554,45.4166666666666,0.0,0.0237853173442527,64.015625,2.0,5.73318223940721,4.819047723495939,0.0,0.0075803519217479,94.1171875,0.0,0.2666844468151309,24.25,0.0,0.0036357890014881,56.0625,2.0,16.933377783704493,4.28490545388446,0.0,0.010469941914782,85.6796875,2.0,0.2000177801484642,4.8,0.0,0.0055091710124086,79.98828125,3.0,0.2000177801484642,4.640003555713586,0.0,0.002874481134998,81.13671875,2.0,30.067622287708307,1.8359260186863509,0.0,0.0122428733602415,51.72265625,2.0,4.0,4.905555555555555,0.0,0.0237866793266476,84.2890625,2.0,1.7333688936302618,0.4953568584884155,0.0,0.0036504697752492,52.24609375,2.0,2.866760006222637,4.5972180887200285,0.0,0.0039394052121438,142.05078125,2.0,0.0047587994875863,46.875,2.0
2026-05-29T11:04:22Z,2.3998400106659554,45.4166666666666,0.0,0.0237853173442527,64.015625,2.0,5.73318223940721,4.819047723495939,0.0,0.0076974492822398,94.1171875,0.0,0.2666844468151309,24.25,0.0,0.0036357890014881,56.0625,2.0,16.867786816019915,4.297707132286034,0.0,0.010469941914782,85.6796875,2.0,0.2000177801484642,4.8,0.0,0.0053964814462817,79.99609375,3.0,0.2000177801484642,4.640003555713586,0.0,0.0029183843679253,81.13671875,2.0,30.601266773639765,2.031575914202411,0.0,0.0123314409119256,51.78515625,2.0,4.466968929190559,9.650152899761755,0.0,0.0237866793266476,84.2890625,2.0,1.7333688936302618,0.4953568584884155,0.0,0.0036504697752492,52.24609375,2.0,2.866760006222637,4.5972180887200285,0.0,0.0041189130038297,142.53515625,2.0,0.0047587994875863,46.875,2.0
2026-05-29T11:04:27Z,3.000400053340446,99.1666666666666,0.0,0.014591778674885,64.078125,2.0,5.73318223940721,4.819047723495939,0.0,0.0076974492822398,94.1171875,0.0,0.2666844468151309,24.25,0.0,0.0036113393842757,56.0625,2.0,16.867786816019915,4.297707132286034,0.0,0.0106446050154822,85.6796875,2.0,0.3333777837044939,4.779999555516046,0.0,0.0053964814462817,79.99609375,3.0,0.3333777837044939,4.55999466619255,0.0,0.002800376406176,80.6875,2.0,34.06816456682598,1.962496374784084,0.0,0.0123314409119256,51.78515625,2.0,4.466968929190559,9.650152899761755,0.0,0.0272058343230408,84.2890625,2.0,2.400120010371378,0.4935062211023949,0.0,0.0035603884587102,52.2578125,2.0,2.866760006222637,4.5972180887200285,0.0,0.0041189130038297,142.53515625,2.0,0.0047582411265992,46.875,2.0
2026-05-29T11:04:32Z,3.000400053340446,99.1666666666666,0.0,0.0165314267726778,64.078125,2.0,6.000764546383962,4.788381823936122,0.0,0.0064297007672585,94.1171875,0.0,0.2666844468151309,24.25,0.0,0.0036113393842757,56.0625,2.0,16.268746944036984,4.3233485962083895,0.0,0.0106446050154822,85.6796875,2.0,0.3333600035560297,4.781817300213146,0.0,0.0042955696342595,79.99609375,3.0,0.3333600035560297,4.599986665481374,0.0,0.002800376406176,80.6875,2.0,35.8702181739736,2.184933306670429,0.0,0.0129772356840166,51.9921875,2.0,4.667288971862916,73.1944444444444,0.0,0.0777643656815412,84.328125,2.0,2.133497794075872,1.720024713609675,0.0,0.0035603884587102,52.2578125,2.0,3.467017817189946,4.617952172784513,0.0,0.0041189130038297,142.53515625,2.0,0.0038319503612832,46.875,2.0
2026-05-29T11:04:37Z,3.000400053340446,99.1666666666666,0.0,0.0184710748704705,64.078125,2.0,6.000764546383962,4.788381823936122,0.0,0.0058880500249558,93.26953125,0.0,0.2666844468151309,24.25,0.0,0.0035398438707685,55.62109375,2.0,15.800497945497089,4.327767797547011,0.0,0.0100205368193052,85.6953125,2.0,0.3333600035560297,4.781817300213146,0.0,0.0043289605098945,79.99609375,3.0,0.3333600035560297,4.599986665481374,0.0,0.0021882505383396,80.6875,2.0,35.7364270311526,2.4890594754106345,0.0,0.0109660825168301,51.9921875,2.0,4.666835608301314,82.5892353287135,0.0,0.1009324733184463,84.328125,2.0,2.133497794075872,1.720024713609675,0.0,0.0035603884587102,52.2578125,2.0,3.467017817189946,4.617952172784513,0.0,0.0040127500980776,142.55859375,2.0,0.0023463000000011,46.875,2.0
2026-05-29T11:04:42Z,2.600173344889659,188.74999999999983,0.0,0.0225247457953819,63.96875,2.0,6.000764546383962,4.788381823936122,0.0,0.0069290650607167,93.26953125,0.0,0.2666844468151309,24.25,0.0,0.0035398438707685,55.62109375,2.0,15.800497945497089,4.327767797547011,0.0,0.0095291935937038,85.6953125,2.0,0.1999955558518321,4.779999999999999,0.0,0.0038907600422441,79.99609375,3.0,0.2,4.633329629465013,0.0,0.0026879867717893,80.53125,2.0,33.868600287147444,2.5868905347902467,0.0,0.0128970166907617,51.9921875,2.0,4.666835608301314,82.5892353287135,0.0,0.1242131167196214,84.328125,2.0,1.4667466773347555,1.8400912032427783,0.0,0.0036252416890168,52.2578125,2.0,3.467017817189946,4.617952172784513,0.0,0.0040127500980776,142.55859375,2.0,0.0042368023802757,47.4296875,2.0
2026-05-29T11:04:47Z,2.600173344889659,188.74999999999983,0.0,0.0225247457953819,63.96875,2.0,4.333244457481561,4.788495615948342,0.0,0.0069290650607167,93.26953125,0.0,0.2666755585187951,24.25,0.0,0.0033842231176029,55.6171875,2.0,12.932564508145562,4.322114843394399,0.0,0.0094414843590261,85.4765625,2.0,0.2000133360002963,4.7800008000391125,0.0,0.0051549946676152,79.9921875,3.0,0.2000177801484642,4.633340741069974,0.0,0.0026879867717893,80.53125,2.0,29.132493398219083,2.7734154015505625,0.0,0.0106851425032497,51.9921875,2.0,3.999733351109926,86.57142857142856,0.0,0.1242131167196214,84.328125,2.0,1.200013339556089,1.1500241684121464,0.0,0.0034024244389937,52.28515625,2.0,2.7998133457769483,4.602898550724637,0.0,0.0040127500980776,142.55859375,2.0,0.0042368023802757,47.4296875,2.0
2026-05-29T11:04:52Z,2.600173344889659,188.74999999999983,0.0,0.0225247457953819,63.96875,2.0,4.333244457481561,4.788495615948342,0.0,0.0055473709928039,93.26953125,0.0,0.2666755585187951,24.25,0.0,0.0033842231176029,55.6171875,2.0,12.934084609499164,4.336989492713297,0.0,0.0094414843590261,85.4765625,2.0,0.2000133360002963,4.7800008000391125,0.0,0.0050672884570417,79.9921875,3.0,0.2000177801484642,4.633340741069974,0.0,0.0026487103401051,80.3671875,2.0,28.59952897363109,2.893336538284452,0.0,0.0122774679458446,52.36328125,2.0,3.400106704003438,89.24420143086239,0.0,0.1530370498681591,84.46484375,2.0,1.200013339556089,1.1500241684121464,0.0,0.0034024244389937,52.28515625,2.0,2.7998133457769483,4.602898550724637,0.0,0.0040189317769384,141.96484375,2.0,0.0042368023802757,47.4296875,2.0
2026-05-29T11:04:57Z,2.4001600106673777,203.92857142857125,0.0,0.0205608096505495,64.14453125,2.0,4.333244457481561,4.788495615948342,0.0,0.0050315090600273,93.26953125,0.0,0.2666755585187951,24.25,0.0,0.0033842231176029,55.6171875,2.0,12.934084609499164,4.336989492713297,0.0,0.0094414843590261,85.4765625,2.0,0.2000311161489976,4.779999999999999,0.0,0.0050258254078713,79.98828125,3.0,0.2000266702226963,4.6,0.0,0.0025557049102556,80.3671875,2.0,25.26782252388224,2.942632047975286,0.0,0.0124747913855999,52.36328125,2.0,3.400106704003438,89.24420143086239,0.0,0.2046276497695834,84.46484375,2.0,1.0667422367423804,1.1999411086851213,0.0,0.0031334824757643,52.40625,2.0,2.7998133457769483,4.602898550724637,0.0,0.0040189317769384,141.96484375,2.0,0.0040844441293249,46.77734375,2.0
2026-05-29T11:05:02Z,2.4001600106673777,203.92857142857125,0.0,0.0205608096505495,64.14453125,2.0,4.600769022542563,4.790243885517098,0.0,0.0063703889167083,92.98828125,0.0,0.0,24.25,0.0,0.0031223846436207,55.7421875,2.0,14.669093751185674,4.317209879503926,0.0,0.0090424689973205,85.4765625,2.0,0.0666800026672001,4.774999444407404,0.0,0.0050258254078713,79.98828125,3.0,0.0666755567408987,4.499986665481375,0.0,0.0022282552186291,80.3671875,2.0,25.67087627420137,3.020446191192524,0.0,0.0124747913855999,52.36328125,2.0,3.5339289932040727,91.0500118453552,0.0,0.204576728182671,84.83984375,2.0,0.8668089131894922,0.4983607436895691,0.0,0.0031334824757643,52.40625,2.0,3.5340401413616056,4.613892614280171,0.0,0.0040189317769384,141.96484375,2.0,0.0040844441293249,46.77734375,2.0
2026-05-29T11:05:07Z,2.4001600106673777,203.92857142857125,0.0,0.0205608096505495,64.14453125,2.0,4.600769022542563,4.790243885517098,0.0,0.0061233068437907,92.98828125,0.0,0.0,24.25,0.0,0.0031223846436207,55.7421875,2.0,12.801795863761946,4.3005769788526464,0.0,0.0071810014003137,85.4765625,2.0,0.0666800026672001,4.774999444407404,0.0,0.0049881321359515,79.98828125,3.0,0.0666755567408987,4.499986665481375,0.0,0.0024555001170813,79.859375,2.0,26.07079180930914,3.128270284838625,0.0,0.0122578687169023,52.23828125,2.0,3.933844528311845,92.372874524732,0.0,0.204576728182671,84.83984375,2.0,0.8668089131894922,0.4983607436895691,0.0,0.0031334824757643,52.40625,2.0,3.5340401413616056,4.613892614280171,0.0,0.0037738212437949,141.93359375,2.0,0.0040844441293249,46.77734375,2.0
2026-05-29T11:05:12Z,2.266666666666667,200.0,0.0,0.0205301689639816,64.23828125,2.0,4.600769022542563,4.790243885517098,0.0,0.0061233068437907,92.98828125,0.0,0.0,24.25,0.0,0.0031223846436207,55.7421875,2.0,12.801795863761946,4.3005769788526464,0.0,0.008816606419502,84.66015625,2.0,0.0,4.8,0.0,0.0049085415238923,79.98828125,3.0,0.0,4.650003333407408,0.0,0.0024416621388583,79.859375,2.0,28.402498259057992,3.187596872135827,0.0,0.012358492249358,52.23828125,2.0,3.933844528311845,92.372874524732,0.0,0.204576728182671,84.83984375,2.0,0.8667466826698673,1.4000503733554543,0.0,0.0028638967803029,52.44140625,2.0,3.5340401413616056,4.613892614280171,0.0,0.0037738212437949,141.93359375,2.0,0.001651666666667,46.77734375,2.0
2026-05-29T11:05:17Z,2.266666666666667,200.0,0.0,0.0205301689639816,64.23828125,2.0,4.2,4.791752584878028,0.0,0.0057122173078528,92.98828125,0.0,0.0,24.25,0.0,0.0019796499999998,55.7421875,2.0,13.133715581038736,4.292941180161803,0.0,0.0087601786255768,84.66015625,2.0,0.0,4.8,0.0,0.0049085415238923,79.98828125,3.0,0.0,4.5000200004444535,0.0,0.0024416621388583,79.859375,2.0,27.266804453630243,3.289932587594657,0.0,0.012358492249358,52.23828125,2.0,3.733471120296909,92.54237288135592,0.0,0.2046230914231853,84.83984375,2.0,1.0,0.4947915933579527,0.0,0.0028638967803029,52.44140625,2.0,2.6,4.611111111111111,0.0,0.0037738212437949,141.93359375,2.0,0.0029047634999563,46.55078125,2.0
2026-05-29T11:05:22Z,2.266666666666667,200.0,0.0,0.0205301689639816,64.23828125,2.0,4.2,4.791752584878028,0.0,0.0057122173078528,92.98828125,0.0,0.0,24.25,0.0,0.0022210745816924,55.7421875,2.0,15.133848923261551,4.302982069046282,0.0,0.0089570644661343,84.7109375,2.0,0.0,4.8,0.0,0.002825374999999,79.98828125,3.0,0.0,4.5000200004444535,0.0,0.0024276722049741,79.87109375,2.0,27.06679111940796,3.157682497227687,0.0,0.0113339414473109,52.23828125,2.0,3.533457786074627,92.11537787594204,0.0,0.1627964263438577,84.83984375,2.0,1.0,0.4947915933579527,0.0,0.0028638967803029,52.44140625,2.0,2.6,4.611111111111111,0.0,0.0037851664711722,141.93359375,2.0,0.0032425895489836,46.55078125,2.0
2026-05-29T11:05:27Z,2.6003467128950524,242.49999999999997,0.0,0.0165707583474505,64.23828125,2.0,4.2,4.791752584878028,0.0,0.0063765285358385,93.296875,0.0,0.0,24.25,0.0,0.0019782293554261,55.7421875,2.0,15.133848923261551,4.302982069046282,0.0,0.0089570644661343,84.7109375,2.0,0.0,4.8,0.0,0.0044278450690896,79.9921875,3.0,0.0,4.70000222237038,0.0,0.002357280250503,79.87109375,2.0,26.868702485367866,3.146952236256912,0.0,0.0108152690817614,52.203125,2.0,3.533457786074627,92.11537787594204,0.0,0.1506506993326621,81.3125,2.0,1.3334400142241187,0.4956515952178731,0.0,0.0031111698095876,52.44921875,2.0,2.6,4.611111111111111,0.0,0.0038004006913892,141.9375,2.0,0.0040539125883276,46.55078125,2.0
2026-05-29T11:05:32Z,2.6003467128950524,242.49999999999997,0.0,0.0199532357395264,64.1640625,2.0,5.267008911705225,4.792820594644445,0.0,0.0063765285358385,93.296875,0.0,0.1333377780740938,24.25,0.0,0.0028318767589984,55.62109375,2.0,15.46768006756006,4.302857168980758,0.0,0.0089570644661343,84.7109375,2.0,0.0666666666666666,4.8,0.0,0.0052737554419838,79.9921875,3.0,0.0666666666666666,4.599995555259239,0.0,0.002357280250503,79.87109375,2.0,30.469640325668333,2.940496088164064,0.0,0.0107515989440159,52.203125,2.0,4.000266684445629,90.7222222222222,0.0,0.122783711911358,81.3125,2.0,1.800164462520672,0.4936274834480371,0.0,0.0031111698095876,52.44921875,2.0,3.000200013334222,4.636111111111111,0.0,0.0038004006913892,141.9375,2.0,0.004251058889295,46.59765625,2.0
2026-05-29T11:05:37Z,2.6003467128950524,242.49999999999997,0.0,0.0199532357395264,64.1640625,2.0,5.267008911705225,4.792820594644445,0.0,0.0069328720690498,93.296875,0.0,0.1333377780740938,24.25,0.0,0.0026966671321506,55.62109375,2.0,15.800497810965176,4.26782893856244,0.0,0.0088603090687271,84.7109375,2.0,0.0666666666666666,4.8,0.0,0.0052737554419838,79.9921875,3.0,0.0666666666666666,4.599995555259239,0.0,0.002357280250503,79.87109375,2.0,30.60284920626037,2.725435165853757,0.0,0.0107515989440159,52.203125,2.0,4.133475565037669,88.37840232279329,0.0,0.0974631678446379,81.31640625,2.0,1.800164462520672,0.4936274834480371,0.0,0.0030804625258187,52.453125,2.0,3.000200013334222,4.636111111111111,0.0,0.0037043471101601,141.9375,2.0,0.004251058889295,46.59765625,2.0
2026-05-29T11:05:42Z,2.9333333333333336,235.0000000000001,0.0,0.0206687568067116,64.1640625,2.0,5.267008911705225,4.792820594644445,0.0,0.0069328720690498,93.296875,0.0,0.1333377780740938,24.25,0.0,0.0030700714139209,55.828125,2.0,15.800497810965176,4.26782893856244,0.0,0.0090490948883446,84.828125,2.0,0.266653334222163,4.800000000000001,0.0,0.0044805826235095,79.9921875,3.0,0.2666666666666666,4.400008889086424,0.0,0.0025436840223546,79.921875,2.0,32.9342711736338,2.5626455381187405,0.0,0.0113464729021869,52.20703125,2.0,4.133475565037669,88.37840232279329,0.0,0.0974631678446379,81.31640625,2.0,2.066724448296553,0.4913797371155667,0.0,0.0030804625258187,52.453125,2.0,3.000200013334222,4.636111111111111,0.0,0.0037829584445291,141.94140625,2.0,0.0043289412177162,46.59765625,2.0
2026-05-29T11:05:47Z,2.9333333333333336,235.0000000000001,0.0,0.022228758586956,60.96484375,2.0,5.467031135409027,4.786666674568423,0.0,0.0069172154872268,93.25390625,0.0,0.2666844456297086,24.25,0.0,0.0032678400000001,55.828125,2.0,17.267280040891617,4.269473753405634,0.0,0.0071165865939626,84.828125,2.0,0.3333288903703506,4.8,0.0,0.0041891184274827,79.9921875,3.0,0.3333422228148543,4.666672592724282,0.0,0.0025436840223546,79.921875,2.0,30.60079560859613,2.4264148846820355,0.0,0.0113464729021869,52.20703125,2.0,3.800120008000533,84.48275862068965,0.0,0.0974631678446379,81.31640625,2.0,1.666706669333511,0.4898437190735235,0.0,0.003089885784406,52.453125,2.0,3.6667866746672,4.633769534384094,0.0,0.0037829584445291,141.94140625,2.0,0.0044258074768582,46.6015625,2.0
2026-05-29T11:05:52Z,2.9333333333333336,235.0000000000001,0.0,0.022228758586956,60.96484375,2.0,5.467031135409027,4.786666674568423,0.0,0.0069172154872268,93.25390625,0.0,0.2666844456297086,24.25,0.0,0.0031298537965726,56.015625,2.0,16.934977956169206,4.255664150966739,0.0,0.0078615540709445,84.87890625,2.0,0.3333288903703506,4.8,0.0,0.0037356303892602,79.9921875,3.0,0.3333422228148543,4.666672592724282,0.0,0.002650044235375,79.9453125,2.0,30.0676578568959,1.816473011459827,0.0,0.011140558139535,52.20703125,2.0,3.266982256300307,71.83317702731131,0.0,0.0549621180284564,81.31640625,2.0,1.666706669333511,0.4898437190735235,0.0,0.003089885784406,52.453125,2.0,3.6667866746672,4.633769534384094,0.0,0.0038921775270887,141.94140625,2.0,0.0044258074768582,46.6015625,2.0
2026-05-29T11:05:57Z,2.1334755650376693,933.3333333333312,0.0,0.0220815729515351,60.96484375,2.0,5.467031135409027,4.786666674568423,0.0,0.0069172154872268,93.25390625,0.0,0.2666844456297086,24.25,0.0,0.0031298537965726,56.015625,2.0,16.934977956169206,4.25566415096674,0.0,0.0095602514087571,84.87890625,2.0,0.1333422228148543,4.800000000000001,0.0,0.0056807736063717,79.9921875,3.0,0.1333422228148543,4.59999555516046,0.0,0.002650044235375,79.9453125,2.0,23.26831567852845,1.978798135725184,0.0,0.0102673166416669,52.30078125,2.0,3.266982256300307,71.83317702731131,0.0,0.0376571417850232,81.31640625,2.0,0.6667111140742716,0.4905735719084307,0.0,0.0033734515164456,52.47265625,2.0,3.6667866746672,4.633769534384094,0.0,0.0040135728051827,142.32421875,2.0,0.0046303147518485,46.6015625,2.0
2026-05-29T11:06:02Z,2.1334755650376693,933.3333333333312,0.0,0.0203270396807114,61.21484375,2.0,3.667031151412228,4.787254742287695,0.0,0.0052466300863018,93.25390625,0.0,0.0666711114074271,24.25,0.0,0.0023844497931647,56.015625,2.0,13.33473794016814,4.220111640012667,0.0,0.0095602514087571,84.87890625,2.0,0.0666711114074271,4.8,0.0,0.0056807736063717,79.9921875,3.0,0.0666711114074271,4.599991110320917,0.0,0.002650044235375,79.9453125,2.0,20.468128999416518,1.507246698887089,0.0,0.0102673166416669,52.30078125,2.0,2.866955587855744,4.978523489932886,0.0,0.0069047617606948,81.31640625,2.0,0.5333688912594172,0.475,0.0,0.0033734515164456,52.47265625,2.0,2.400235581336396,4.637333333333332,0.0,0.0040135728051827,142.32421875,2.0,0.0045878667104939,46.6171875,2.0
2026-05-29T11:06:07Z,2.1334755650376693,933.3333333333312,0.0,0.0203270396807114,61.21484375,2.0,3.667031151412228,4.787254742287695,0.0,0.0068583806474181,93.79296875,0.0,0.0666711114074271,24.25,0.0,0.0021378499999997,56.015625,2.0,12.267040024890548,4.264486249608663,0.0,0.0091899787824379,85.00390625,2.0,0.0666711114074271,4.8,0.0,0.0056807736063717,79.9921875,3.0,0.0666711114074271,4.599991110320917,0.0,0.0027902968188474,79.9453125,2.0,20.467933417783406,1.5457098129403564,0.0,0.0087702403051461,52.30078125,2.0,2.866760006222637,4.823899638302732,0.0,0.007672546146579,81.31640625,2.0,0.5333688912594172,0.475,0.0,0.0033734515164456,52.47265625,2.0,2.400235581336396,4.637333333333332,0.0,0.0032695350425379,142.16796875,2.0,0.0045878667104939,46.6171875,2.0
2026-05-29T11:06:12Z,2.4,850.0000000000009,0.0,0.0208284109004552,61.21484375,2.0,3.667031151412228,4.787254742287695,0.0,0.0068583806474181,93.79296875,0.0,0.0666711114074271,24.25,0.0,0.0034994585877202,55.32421875,2.0,12.267040024890548,4.264486249608663,0.0,0.0090876036085538,85.00390625,2.0,0.1333377780740938,4.800000000000001,0.0,0.0054957572640777,80.0,3.0,0.1333377780740938,4.533333333333333,0.0,0.0027163835546369,79.72265625,2.0,24.93394226281752,1.4896180992118095,0.0,0.010485283112995,52.30078125,2.0,2.866760006222637,4.823899638302732,0.0,0.0095329476052707,81.24609375,2.0,1.1334088939262617,0.475,0.0,0.0033902332729311,52.46875,2.0,2.400235581336396,4.637333333333332,0.0,0.0039222261609355,142.16796875,2.0,0.0045878667104939,46.6171875,2.0
2026-05-29T11:06:17Z,2.4,850.0000000000009,0.0,0.0208284109004552,61.21484375,2.0,4.866666666666667,4.785781855845832,0.0,0.0067412587412587,93.5546875,0.0,0.0666666666666666,24.25,0.0,0.0034994585877202,55.32421875,2.0,14.4,4.252173876284052,0.0,0.0090876036085538,85.00390625,2.0,0.0666666666666666,4.8,0.0,0.0054957572640777,80.0,3.0,0.0666666666666666,4.533339259522645,0.0,0.0027163835546369,79.72265625,2.0,27.666666666666668,1.3600359392665218,0.0,0.0083745956223491,52.30078125,2.0,3.2666666666666666,4.8,0.0,0.0095329476052707,81.24609375,2.0,1.0667111140742715,0.4749999999999999,0.0,0.0033902332729311,52.46875,2.0,3.3332222296291363,4.62532009195154,0.0,0.0039222261609355,142.16796875,2.0,0.0045678061894724,46.6171875,2.0
2026-05-29T11:06:22Z,2.4,850.0000000000009,0.0,0.021334912891984,61.06640625,2.0,4.866666666666667,4.785781855845832,0.0,0.0067412587412587,93.5546875,0.0,0.0666666666666666,24.25,0.0,0.0034994585877202,55.32421875,2.0,16.06722225926173,4.266661657535584,0.0,0.0075448215365119,84.91015625,2.0,0.0666666666666666,4.8,0.0,0.0054957572640777,80.0,3.0,0.0666666666666666,4.533339259522645,0.0,0.0019941698508317,79.73046875,2.0,28.466817787852523,1.421254354746294,0.0,0.0075008220295995,52.30078125,2.0,4.066817787852523,4.8,0.0,0.0095329476052707,81.24609375,2.0,1.0667111140742715,0.4749999999999999,0.0,0.0033902332729311,52.46875,2.0,3.3332222296291363,4.62532009195154,0.0,0.0040697359257654,142.1796875,2.0,0.004571274509804,46.6171875,2.0
2026-05-29T11:06:27Z,2.8670489398586483,1074.999999999994,0.0,0.021334912891984,61.06640625,2.0,4.866666666666667,4.785781855845832,0.0,0.0054588837721794,93.5546875,0.0,0.0666666666666666,24.25,0.0,0.0034994585877202,55.32421875,2.0,16.06722225926173,4.266661657535584,0.0,0.0093654363473324,84.91015625,2.0,0.0666711114074271,4.800000000000001,0.0,0.0036445521360581,80.00390625,3.0,0.0666711114074271,4.6,0.0,0.0025214640072894,79.73046875,2.0,28.93545805099872,1.5246113125191627,0.0,0.0108234276891409,51.890625,2.0,4.066817787852523,4.8,0.0,0.0094028606140914,81.24609375,2.0,1.0,0.475,0.0,0.0034409353905497,52.47265625,2.0,3.3332222296291363,4.62532009195154,0.0,0.0041163661842781,142.1796875,2.0,0.004571274509804,46.6171875,2.0
2026-05-29T11:06:32Z,2.8670489398586483,1074.999999999994,0.0,0.0194781985853695,61.06640625,2.0,7.000208906371299,4.785148249941527,0.0,0.0054412850917365,93.5546875,0.0,0.3999866675554963,24.25,0.0,0.0031497175721475,55.3671875,2.0,16.800511151113383,4.284314025336976,0.0,0.0093654363473324,84.91015625,2.0,0.2666577789629234,4.8,0.0,0.0041178244973292,80.00390625,3.0,0.2666577789629234,4.64999333288886,0.0,0.0025214640072894,79.73046875,2.0,34.068760275294885,1.409037750283516,0.0,0.0108234276891409,51.890625,2.0,4.8001511211858565,4.8,0.0,0.0094075428059831,81.23828125,2.0,1.7999733351109926,0.4844998986632436,0.0,0.0034409353905497,52.47265625,2.0,3.4002311419300355,4.628940365824274,0.0,0.0035229576957628,142.1796875,2.0,0.0045434271627586,46.6171875,2.0
2026-05-29T11:06:37Z,2.8670489398586483,1074.999999999994,0.0,0.0158480304831821,61.06640625,2.0,7.000208906371299,4.785148249941527,0.0,0.0068678522571819,93.79296875,0.0,0.3999866675554963,24.25,0.0,0.0031497175721475,55.3671875,2.0,16.333288891851655,4.2897297297297285,0.0,0.0080669446128757,84.91015625,2.0,0.2666577789629234,4.8,0.0,0.0044204684736471,80.0,3.0,0.2666577789629234,4.64999333288886,0.0,0.0021106614879685,79.73046875,2.0,33.86860915410902,1.677715681922973,0.0,0.0108234276891409,51.890625,2.0,4.6,4.82289156626506,0.0,0.0097622885009968,81.23828125,2.0,1.7999733351109926,0.4844998986632436,0.0,0.0034464524142216,52.47265625,2.0,3.4002311419300355,4.628940365824274,0.0,0.0031799271804063,142.1796875,2.0,0.0044314847052973,46.6328125,2.0
2026-05-29T11:06:42Z,2.933333333333333,687.5000000000013,0.0,0.0207087846398166,61.3984375,2.0,7.000208906371299,4.785148249941527,0.0,0.0068678522571819,93.79296875,0.0,0.3999866675554963,24.25,0.0,0.0037282834149178,55.38671875,2.0,16.333288891851655,4.2897297297297285,0.0,0.0094575665642087,85.03125,2.0,0.3333200008888296,4.8,0.0,0.0055386437138704,80.0,3.0,0.3999866675554963,4.6,0.0,0.0024762382578996,79.765625,2.0,35.865515632291185,1.5386666666666629,0.0,0.0121401676152072,52.140625,2.0,4.6,4.82289156626506,0.0,0.0097622885009968,81.23828125,2.0,2.1333688948149727,0.4831895547596168,0.0,0.0034145432904249,52.47265625,2.0,3.4002311419300355,4.628940365824274,0.0,0.0038313737291232,142.2890625,2.0,0.0044314847052973,46.6328125,2.0
2026-05-29T11:06:47Z,2.933333333333333,687.5000000000013,0.0,0.022449057655285,61.3984375,2.0,4.533351113481798,4.780785913650822,0.0,0.0068965763437935,93.79296875,0.0,0.1333422234075654,24.25,0.0,0.0037282834149178,55.38671875,2.0,15.266728897186292,4.307838284758585,0.0,0.0094575665642087,85.03125,2.0,0.2000088900742321,4.8,0.0,0.0055386437138704,80.0,3.0,0.2666755567408988,4.64000355563457,0.0,0.0024762382578996,79.765625,2.0,31.19893341510708,1.2346476141479543,0.0,0.0121401676152072,52.140625,2.0,3.866666666666667,4.863333114400805,0.0,0.0100273063510528,81.23828125,2.0,1.5334133398524443,0.489393861849526,0.0,0.0034145432904249,52.47265625,2.0,2.933333333333333,4.608104019065878,0.0,0.0038313737291232,142.2890625,2.0,0.0043967577270436,46.6328125,2.0
2026-05-29T11:06:52Z,2.933333333333333,687.5000000000013,0.0,0.022449057655285,61.3984375,2.0,4.533351113481798,4.780785913650822,0.0,0.0054937265082616,93.79296875,0.0,0.1333422234075654,24.25,0.0,0.0031450519658121,55.38671875,2.0,14.400528928299478,4.273256476857795,0.0,0.0099788680279583,85.03125,2.0,0.2000088900742321,4.8,0.0,0.0054915582618324,79.99609375,3.0,0.2666755567408988,4.64000355563457,0.0,0.0020415845570738,79.765625,2.0,31.26574231347809,1.074987932424922,0.0,0.01178965272039,51.890625,2.0,3.9334755650376687,4.862982982058771,0.0,0.0100273063510528,81.23828125,2.0,1.5334133398524443,0.489393861849526,0.0,0.0034145432904249,52.47265625,2.0,2.933333333333333,4.608104019065878,0.0,0.0038313737291232,142.2890625,2.0,0.004518341801958,46.625,2.0
2026-05-29T11:06:57Z,2.666844456297086,700.000000000001,0.0,0.022449057655285,61.3984375,2.0,4.533351113481798,4.780785913650822,0.0,0.0066946102183226,94.2109375,0.0,0.1333422234075654,24.25,0.0,0.0036087068702649,55.38671875,2.0,14.400528928299478,4.273256476857795,0.0,0.0094923616568592,85.08984375,2.0,0.1333466681483259,4.8,0.0,0.0055241359194988,79.99609375,3.0,0.0666755567408987,4.639999999999999,0.0,0.0019821302109401,79.765625,2.0,29.202160278555027,1.005326448048933,0.0,0.0069843628791467,51.890625,2.0,3.9334755650376687,4.862982982058771,0.0,0.0099725904002087,81.23828125,2.0,1.2667288942227355,0.4889705060540204,0.0,0.0032485600950228,52.47265625,2.0,2.933333333333333,4.608104019065878,0.0,0.0039752824258895,142.2890625,2.0,0.004518341801958,46.625,2.0
2026-05-29T11:07:02Z,2.666844456297086,700.000000000001,0.0,0.0225386083251969,61.3984375,2.0,4.667133385191408,4.800000000000001,0.0,0.0066946102183226,94.2109375,0.0,0.0,24.25,0.0,0.0036087068702649,55.38671875,2.0,14.33477793927872,4.281025618817521,0.0,0.0094923616568592,85.08984375,2.0,0.0666711114074271,4.799999999999999,0.0,0.0055241359194988,79.99609375,3.0,0.0,4.599995555358015,0.0,0.0024949536223593,79.8125,2.0,28.737022704656287,1.2908760099634904,0.0,0.0065585249999998,51.890625,2.0,3.933715597041936,4.86551724137931,0.0,0.0096983819755564,81.4921875,2.0,1.0667644545196642,0.4979837583796874,0.0,0.0032485600950228,52.47265625,2.0,3.33377783704494,4.602848884537185,0.0,0.0039328620535627,142.234375,2.0,0.003763490342046,46.625,2.0
2026-05-29T11:07:07Z,2.666844456297086,700.000000000001,0.0,0.016619218492056,61.3984375,2.0,4.667133385191408,4.800000000000001,0.0,0.0067849323435444,94.2109375,0.0,0.0,24.25,0.0,0.0036087068702649,55.38671875,2.0,14.534791273501,4.295918353694908,0.0,0.009198848740454,85.08984375,2.0,0.0666711114074271,4.799999999999999,0.0,0.0055068318557535,79.99609375,3.0,0.0,4.599995555358015,0.0,0.0024949536223593,79.8125,2.0,28.070213806285285,1.394893828659356,0.0,0.0065585249999998,51.890625,2.0,3.266906698670934,4.867059071903704,0.0,0.0096983819755564,81.4921875,2.0,1.0667644545196642,0.4979837583796874,0.0,0.0032485600950228,52.47265625,2.0,3.33377783704494,4.602848884537185,0.0,0.003743024313494,142.234375,2.0,0.0037238201957628,46.625,2.0
2026-05-29T11:07:12Z,2.2,46.49999999999994,0.0,0.0218199367268448,61.359375,2.0,4.667133385191408,4.800000000000001,0.0,0.0069874314724391,94.34375,0.0,0.0,24.25,0.0,0.0032053718780859,55.484375,2.0,14.534791273501,4.295918353694908,0.0,0.009198848740454,85.08984375,2.0,0.1333333333333333,4.8,0.0,0.005335231335576,79.99609375,3.0,0.1333422228148543,4.649996666518511,0.0,0.0025102882878025,79.8125,2.0,27.468249099879984,1.5461734062281502,0.0,0.0114600453854465,51.953125,2.0,3.266906698670934,4.867059071903704,0.0,0.0082969364912769,81.4921875,2.0,1.0666755656303804,1.0666908649145033,0.0,0.0033786137547133,52.47265625,2.0,3.33377783704494,4.602848884537185,0.0,0.0037662854846371,142.25,2.0,0.0046676167689578,46.62890625,2.0
2026-05-29T11:07:17Z,2.2,46.49999999999994,0.0,0.0218199367268448,61.359375,2.0,5.000186681482785,4.801914511752742,0.0,0.0068733017460276,94.34375,0.0,0.2666933362966519,24.25,0.0,0.0037223913577215,55.484375,2.0,14.73433784770876,4.277010756070728,0.0,0.0094119102769698,85.18359375,2.0,0.2666844468151309,4.8,0.0,0.0054861030800661,79.99609375,3.0,0.2666933362966519,4.600008889283968,0.0,0.0026798888137629,82.6484375,2.0,28.467537837633856,1.47635493213203,0.0,0.0114600453854465,51.953125,2.0,3.4001288974820545,4.867059320283516,0.0,0.0098290688769754,81.23828125,2.0,1.4000222320005729,0.4925931573281168,0.0,0.0033786137547133,52.47265625,2.0,3.0000044577777976,4.588414943842553,0.0,0.0037662854846371,142.25,2.0,0.0046676167689578,46.62890625,2.0
2026-05-29T11:07:22Z,2.2,46.49999999999994,0.0,0.0212846329289647,61.359375,2.0,5.000186681482785,4.801914511752742,0.0,0.0068733017460276,94.34375,0.0,0.2666933362966519,24.25,0.0,0.0035764091093153,55.71875,2.0,16.734471189931575,4.298395686843339,0.0,0.0073838499557936,85.18359375,2.0,0.2666844468151309,4.8,0.0,0.0054861030800661,79.99609375,3.0,0.2666933362966519,4.600008889283968,0.0,0.0028270434881596,82.6484375,2.0,29.20131125898479,1.239506141558354,0.0,0.0114600453854465,51.953125,2.0,4.133902318832991,4.845508485425476,0.0,0.0098290688769754,81.23828125,2.0,1.4000222320005729,0.4925931573281168,0.0,0.0033786137547133,52.47265625,2.0,3.0000044577777976,4.588414943842553,0.0,0.0030625494315742,142.25,2.0,0.0048605878649936,46.625,2.0
2026-05-29T11:07:27Z,2.8670489398586483,37.49999999999925,0.0,0.0212846329289647,61.359375,2.0,5.000186681482785,4.801914511752742,0.0,0.0068733017460276,94.34375,0.0,0.2666933362966519,24.25,0.0,0.0035764091093153,55.71875,2.0,16.734471189931575,4.298395686843339,0.0,0.009122199003374,85.18359375,2.0,0.2000266702226963,4.8,0.0,0.0055702132816287,79.99609375,3.0,0.2000222248892247,4.533339259654348,0.0,0.0028270434881596,82.6484375,2.0,30.803409316503576,1.2371168014609508,0.0,0.0111837619366725,51.8359375,2.0,4.133902318832991,4.845508485425476,0.0,0.0098137623337629,81.24609375,2.0,1.5335600388219863,0.491964440560509,0.0,0.0033949832624629,51.4140625,2.0,3.0000044577777976,4.588414943842553,0.0,0.0037388483965018,142.2578125,2.0,0.0048605878649936,46.625,2.0
2026-05-29T11:07:32Z,2.8670489398586483,37.49999999999925,0.0,0.0210838654480207,61.28125,2.0,5.067164500154865,4.804831254068216,0.0,0.006787274281246,94.40625,0.0,0.1333377780740938,24.25,0.0,0.0031413568200489,55.71875,2.0,19.134582305487037,4.268788118517436,0.0,0.0097115931933512,85.31640625,2.0,0.1333422234075654,4.8,0.0,0.0047405919045887,79.99609375,3.0,0.1333377780740938,4.533327407012319,0.0,0.0028270434881596,82.6484375,2.0,29.603293751465667,1.5626676148569474,0.0,0.0111837619366725,51.8359375,2.0,3.800546761795856,4.823456790123457,0.0,0.0095483415192085,81.24609375,2.0,1.533533368006579,0.4916669395920812,0.0,0.0033949832624629,51.4140625,2.0,2.667022281492545,4.614084507042254,0.0,0.0037388483965018,142.2578125,2.0,0.0048605878649936,46.625,2.0
2026-05-29T11:07:37Z,2.8670489398586483,37.49999999999925,0.0,0.0210838654480207,61.28125,2.0,5.067164500154865,4.804831254068216,0.0,0.0056709977791509,94.40625,0.0,0.1333377780740938,24.25,0.0,0.003188449848024,56.0625,2.0,19.534608973931597,4.228130686165914,0.0,0.0097115931933512,85.31640625,2.0,0.1333422234075654,4.8,0.0,0.0054842815687648,79.99609375,3.0,0.1333377780740938,4.533327407012319,0.0,0.0021517570336212,82.6484375,2.0,28.602853663448062,1.6999932473677968,0.0,0.0111837619366725,51.8359375,2.0,2.800106673778252,4.847798738797872,0.0,0.0095483415192085,81.24609375,2.0,1.533533368006579,0.4916669395920812,0.0,0.0033949832624629,51.4140625,2.0,2.667022281492545,4.614084507042254,0.0,0.0037022212199798,142.265625,2.0,0.0047183949109183,46.62890625,2.0
2026-05-29T11:07:42Z,2.2,549.999999999993,0.0,0.0131244738061409,61.0,2.0,5.067164500154865,4.804831254068216,0.0,0.0068784463943699,94.7734375,0.0,0.1333377780740938,24.25,0.0,0.0032692416325374,56.0625,2.0,19.534608973931597,4.228130686165914,0.0,0.0103247200439824,85.31640625,2.0,0.0666666666666666,4.8,0.0,0.0054842815687648,79.99609375,3.0,0.0666666666666666,4.6,0.0,0.0020442251459088,82.6484375,2.0,21.93408893926262,1.9494106998865,0.0,0.0114059472190998,51.8359375,2.0,2.800106673778252,4.847798738797872,0.0,0.0093464541945036,81.234375,2.0,1.133373336000178,0.4922732018706801,0.0,0.0033590736824473,51.41015625,2.0,2.667022281492545,4.614084507042254,0.0,0.0030550496361487,142.265625,2.0,0.0047183949109183,46.62890625,2.0
2026-05-29T11:07:47Z,2.2,549.999999999993,0.0,0.0148154233276495,61.0,2.0,5.066666689185185,4.786274795176439,0.0,0.0068784463943699,94.7734375,0.0,0.0,24.25,0.0,0.0032692416325374,56.0625,2.0,18.401226748449893,4.171276595744681,0.0,0.0102313438928808,85.390625,2.0,0.0,4.800000000000001,0.0,0.0054842815687648,79.99609375,3.0,0.0,4.600004444641984,0.0,0.0028277731806103,82.6875,2.0,22.534151165633265,2.1277347666891946,0.0,0.0111663779111126,51.875,2.0,3.06679111940796,4.873548387096774,0.0,0.0094248762879216,81.234375,2.0,0.9333688912594172,0.4833334243065307,0.0,0.0033590736824473,51.41015625,2.0,3.600120008000533,4.632435854390864,0.0,0.0036419739754873,142.265625,2.0,0.0047183949109183,46.62890625,2.0
2026-05-29T11:07:52Z,2.2,549.999999999993,0.0,0.0176388351946544,60.74609375,2.0,5.066666689185185,4.786274795176439,0.0,0.0068784463943699,94.7734375,0.0,0.0,24.25,0.0,0.0031838177099629,55.32421875,2.0,16.46725337244705,4.194928615190305,0.0,0.0102313438928808,85.390625,2.0,0.0,4.800000000000001,0.0,0.0055105143768002,79.99609375,3.0,0.0,4.600004444641984,0.0,0.0028277731806103,82.6875,2.0,23.400955619263502,2.1547917545208053,0.0,0.008873706224097,51.875,2.0,3.9335955730382026,4.89681525236278,0.0,0.0094248762879216,81.234375,2.0,0.9333688912594172,0.4833334243065307,0.0,0.0033590736824473,51.41015625,2.0,3.600120008000533,4.632435854390864,0.0,0.0039907065659717,142.59375,2.0,0.003815011650171,46.87890625,2.0
2026-05-29T11:07:57Z,3.000200013334222,450.000000000001,0.0,0.0219158314583757,60.74609375,2.0,5.066666689185185,4.786274795176439,0.0,0.0065478351387397,94.7734375,0.0,0.0,24.25,0.0,0.0031021122390724,55.32421875,2.0,16.46725337244705,4.194928615190305,0.0,0.0103849819795671,85.390625,2.0,0.0666711114074271,4.8,0.0,0.0055105143768002,79.99609375,3.0,0.0666755567408987,4.533333333333332,0.0,0.0028277731806103,82.6875,2.0,31.00206680445363,2.1448335566814567,0.0,0.0108552397868561,51.875,2.0,3.9335955730382026,4.89681525236278,0.0,0.007711564679837,81.234375,2.0,1.2000800053336889,0.4826611996981846,0.0,0.0031731998092519,51.4140625,2.0,3.600120008000533,4.632435854390864,0.0,0.0039907065659717,142.59375,2.0,0.0044496850629887,46.87890625,2.0
2026-05-29T11:08:02Z,3.000200013334222,450.000000000001,0.0,0.0219158314583757,60.74609375,2.0,4.800302242371713,4.788292808573695,0.0,0.0068829493652772,94.9140625,0.0,0.2666755561481876,24.25,0.0,0.0031021122390724,55.32421875,2.0,14.000386692446163,4.230698332767635,0.0,0.0099512479095669,85.4609375,2.0,0.2000044447407604,4.8,0.0,0.0055105143768002,79.99609375,3.0,0.2000088900742321,4.5333214806913045,0.0,0.0028186520233321,82.6953125,2.0,30.802026801786784,2.156825153183948,0.0,0.0090340019316163,51.875,2.0,3.866924461630776,4.896202504582282,0.0,0.0099672237365405,81.2421875,2.0,1.333404449185501,0.4903224653001308,0.0,0.0031731998092519,51.4140625,2.0,2.6668444562970866,4.647997027299242,0.0,0.004047719768881,142.59375,2.0,0.0038491259023206,46.87890625,2.0
2026-05-29T11:08:07Z,3.000200013334222,450.000000000001,0.0,0.0216346497099526,60.9140625,2.0,4.800302242371713,4.788292808573695,0.0,0.0068829493652772,94.9140625,0.0,0.2666755561481876,24.25,0.0,0.0033221166055943,55.359375,2.0,13.200386692446164,4.2463149157668285,0.0,0.0099512479095669,85.4609375,2.0,0.2000044447407604,4.8,0.0,0.0055821218556028,79.99609375,3.0,0.2000088900742321,4.5333214806913045,0.0,0.0028186520233321,82.6953125,2.0,30.46844013363751,2.282586198007837,0.0,0.0081293986160449,51.875,2.0,3.5333377934815013,4.896815348292086,0.0,0.0099672237365405,81.2421875,2.0,1.333404449185501,0.4903224653001308,0.0,0.0031786339088765,51.41796875,2.0,2.6668444562970866,4.647997027299242,0.0,0.0041633878022454,142.6015625,2.0,0.0045201049105956,46.625,2.0
2026-05-29T11:08:12Z,2.0,575.000000000012,0.0,0.0184385223401328,60.9140625,2.0,4.800302242371713,4.788292808573695,0.0,0.0070352329671013,94.9140625,0.0,0.2666755561481876,24.25,0.0,0.0033929358819921,55.359375,2.0,13.200386692446164,4.2463149157668285,0.0,0.0099512479095669,85.4609375,2.0,0.2000044447407604,4.8,0.0,0.0055821218556028,79.99609375,3.0,0.2666577783703309,4.666666666666666,0.0,0.0027081271834158,82.72265625,2.0,28.200662281780723,2.3066884689006275,0.0,0.0071924639435838,51.875,2.0,3.5333377934815013,4.896815348292086,0.0,0.0099672237365405,81.2421875,2.0,1.200026668444563,1.2000385199451795,0.0,0.0031098956368662,51.41796875,2.0,2.6668444562970866,4.647997027299242,0.0,0.0043450226784431,142.6015625,2.0,0.0044867809191133,46.625,2.0
2026-05-29T11:08:17Z,2.0,575.000000000012,0.0,0.0220722968295724,60.9140625,2.0,4.266684446815131,4.790338394522342,0.0,0.0070352329671013,94.9140625,0.0,0.1333422234075654,24.25,0.0,0.0033929358819921,55.359375,2.0,15.600026670222697,4.280004644027094,0.0,0.0097244909363197,85.578125,2.0,0.1333466681483259,4.8,0.0,0.0047659170159614,79.99609375,3.0,0.2000000017778963,4.666672592724282,0.0,0.0018145632541054,82.72265625,2.0,27.066568898962768,2.594008339187177,0.0,0.0110706644568322,51.85546875,2.0,3.333217785480968,4.896202558707369,0.0,0.0081441592596041,81.2421875,2.0,1.0666844468151309,2.92001777834668,0.0,0.0031098956368662,51.41796875,2.0,3.2666666666666666,4.64500305702002,0.0,0.0043194326241132,142.60546875,2.0,0.0044867809191133,46.625,2.0
2026-05-29T11:08:22Z,2.0,575.000000000012,0.0,0.0218231115090415,60.78515625,2.0,4.266684446815131,4.790338394522342,0.0,0.0070141218177214,95.86328125,0.0,0.1333422234075654,24.25,0.0,0.0035129576795058,55.5234375,2.0,17.335080347624842,4.332071824073161,0.0,0.0097244909363197,85.578125,2.0,0.1333466681483259,4.8,0.0,0.0049118604581629,79.99609375,3.0,0.2000000017778963,4.666672592724282,0.0,0.0020412986351007,82.72265625,2.0,26.8669911748274,2.6237889966602896,0.0,0.0110706644568322,51.85546875,2.0,3.1336400613456026,4.873076652406615,0.0,0.007305976666208,81.2421875,2.0,1.0666844468151309,2.92001777834668,0.0,0.0024917261316482,51.41796875,2.0,3.2666666666666666,4.64500305702002,0.0,0.0043194326241132,142.60546875,2.0,0.0037110865552313,46.625,2.0
2026-05-29T11:08:27Z,2.466995599413255,424.99999999999824,0.0,0.0218231115090415,60.78515625,2.0,4.266684446815131,4.790338394522342,0.0,0.0070141218177214,95.86328125,0.0,0.1333422234075654,24.25,0.0,0.0035129576795058,55.5234375,2.0,17.335080347624842,4.332071824073161,0.0,0.0097244909363197,85.578125,2.0,0.1333422234075654,4.800000000000001,0.0,0.0044266761423334,79.99609375,3.0,0.0666755567408987,4.699999999999999,0.0,0.002212775777551,82.74609375,2.0,23.5351335938166,2.58810383728304,0.0,0.0113217538291685,51.85546875,2.0,3.1336400613456026,4.873076652406615,0.0,0.0073756720981625,81.2421875,2.0,1.0000800106680892,2.999991110597501,0.0,0.0030076315404496,51.41796875,2.0,3.2666666666666666,4.64500305702002,0.0,0.0045386198280296,142.60546875,2.0,0.0033354324854639,46.625,2.0
2026-05-29T11:08:32Z,2.466995599413255,424.99999999999824,0.0,0.022021618951729,60.78515625,2.0,4.267226760906552,4.791132803014893,0.0,0.0069249035322053,95.125,0.0,0.1333377780740938,24.25,0.0,0.0035129576795058,55.5234375,2.0,15.66883148481153,4.373019455040556,0.0,0.0095895862205498,85.578125,2.0,0.1333333333333333,4.800000000000001,0.0,0.0057429573502378,79.99609375,3.0,0.0666666666666666,4.719998577689278,0.0,0.002656880780183,82.74609375,2.0,23.269138081819342,2.467353694162739,0.0,0.0107543308724128,51.9765625,2.0,3.1337467351238546,4.849032254549464,0.0,0.010281921540509,81.23828125,2.0,1.066760010371615,2.9999875547811827,0.0,0.0030076315404496,51.41796875,2.0,2.6668444562970866,4.632,0.0,0.003820723636731,142.60546875,2.0,0.0044797177498791,46.88671875,2.0
2026-05-29T11:08:37Z,2.466995599413255,424.99999999999824,0.0,0.022021618951729,60.78515625,2.0,4.267226760906552,4.791132803014893,0.0,0.0069249035322053,95.125,0.0,0.1333377780740938,24.25,0.0,0.0035553510036596,55.55859375,2.0,14.467111140742716,4.335318642312245,0.0,0.0095073920247895,85.91796875,2.0,0.1333333333333333,4.800000000000001,0.0,0.005827996388933,79.99609375,3.0,0.0666666666666666,4.719998577689278,0.0,0.002656880780183,82.74609375,2.0,23.40205358343621,2.446778762933404,0.0,0.0107543308724128,51.9765625,2.0,3.266662236740721,4.82483687547487,0.0,0.010281921540509,81.23828125,2.0,1.066760010371615,2.9999875547811827,0.0,0.003164866206054,51.41796875,2.0,2.6668444562970866,4.632,0.0,0.0040737525153182,142.6015625,2.0,0.0045429076468593,46.88671875,2.0
2026-05-29T11:08:42Z,2.6666666666666665,1175.0000000000005,0.0,0.0209523409565434,60.78515625,2.0,4.267226760906552,4.791132803014893,0.0,0.0066300954971103,95.125,0.0,0.1333377780740938,24.25,0.0,0.0035553510036596,55.55859375,2.0,14.467111140742716,4.335318642312245,0.0,0.0095073920247895,85.91796875,2.0,0.1333377780740938,4.800000000000001,0.0,0.0057424767826545,79.99609375,3.0,0.1333333333333333,4.7200014222601485,0.0,0.0027252282504132,82.625,2.0,25.33304455555427,2.42199412730617,0.0,0.0107543308724128,51.9765625,2.0,3.266662236740721,4.82483687547487,0.0,0.0098347077209533,81.23828125,2.0,1.33331556088881,2.96001315590638,0.0,0.0032001158972374,51.41796875,2.0,2.6668444562970866,4.632,0.0,0.0040737525153182,142.6015625,2.0,0.0045429076468593,46.88671875,2.0
2026-05-29T11:08:47Z,2.6666666666666665,1175.0000000000005,0.0,0.0177941829639742,60.78515625,2.0,5.666684446815131,4.791999827548361,0.0,0.0066300954971103,95.125,0.0,0.1333422234075654,24.25,0.0,0.0035363195274596,55.4375,2.0,16.46672889718629,4.282169130830537,0.0,0.0098526050531606,85.7421875,2.0,0.1333466681483259,4.8,0.0,0.0057424767826545,79.99609375,3.0,0.1333422234075654,4.700005000194452,0.0,0.0026044575725031,82.625,2.0,27.799075627848456,2.3272707574006573,0.0,0.0072203380928082,51.9765625,2.0,3.533222229629136,4.824999999999999,0.0,0.00991053556938,81.24609375,2.0,1.5333022278519506,2.920011734219917,0.0,0.0032001158972374,51.41796875,2.0,3.0001022290374912,4.632428960162553,0.0,0.0040737525153182,142.6015625,2.0,0.0045849583698507,46.64453125,2.0
2026-05-29T11:08:52Z,2.6666666666666665,1175.0000000000005,0.0,0.0219169431441164,60.86328125,2.0,5.666684446815131,4.791999827548361,0.0,0.0053049880358191,95.125,0.0,0.1333422234075654,24.25,0.0,0.0034010987704239,55.4375,2.0,17.933986714374104,4.244538904501225,0.0,0.0098526050531606,85.7421875,2.0,0.1333466681483259,4.8,0.0,0.0055877207597473,79.99609375,3.0,0.1333422234075654,4.700005000194452,0.0,0.0026044575725031,82.625,2.0,28.06611121037205,2.357327650678537,0.0,0.0088272413169379,52.0,2.0,3.800257812152732,4.824999166620367,0.0,0.00991053556938,81.24609375,2.0,1.5333022278519506,2.920011734219917,0.0,0.0032862152249749,51.515625,2.0,3.0001022290374912,4.632428960162553,0.0,0.0039216691558367,142.30078125,2.0,0.0045392599160308,46.64453125,2.0
2026-05-29T11:08:57Z,2.533671156154154,350.000000000001,0.0434782608695652,0.0219169431441164,60.86328125,2.0,5.666684446815131,4.791999827548361,0.0,0.0047524800777266,95.125,0.0,0.1333422234075654,24.25,0.0,0.0034010987704239,55.4375,2.0,17.933986714374104,4.244538904501225,0.0,0.0098526050531606,85.7421875,2.0,0.1333511134817975,4.800000000000001,0.0,0.0058086964924145,82.49609375,3.0,0.1333555594080989,4.699998333157389,0.0,0.0031347823043539,85.7578125,2.0,27.469458315364008,2.2726745279909686,0.0,0.0109151222928564,52.0,2.0,3.800257812152732,4.824999166620367,0.0,0.0100183627876553,82.3515625,2.0,1.5334978094876652,2.1499274947635123,0.0,0.0033064954582623,51.515625,2.0,3.0001022290374912,4.632428960162553,0.0,0.0039216691558367,142.30078125,2.0,0.0047551054883999,49.39453125,2.0
2026-05-29T11:09:02Z,2.533671156154154,350.000000000001,0.0434782608695652,0.0219169431441164,60.86328125,2.0,5.333644485931457,4.770477672868134,0.0,0.0026822333333333,95.125,0.0,0.1333422234075654,24.06250208344908,0.0,0.0028361101321804,55.4375,2.0,12.80111566490084,4.245399893823048,0.0,0.0080485148332684,85.7421875,2.0,0.0666755567408987,4.8,0.0,0.0058086964924145,82.49609375,3.0,0.0666800026672001,4.666660740213944,0.0,0.0033629398982998,85.7578125,2.0,20.47022286174797,1.8499832547833976,0.0,0.0096687451760985,51.67578125,2.0,2.667022269635952,4.8,0.0,0.0068791563376427,82.3515625,2.0,1.0001822563027962,0.4836362729031951,0.0,0.0033064954582623,51.515625,2.0,1.0667733451866075,4.617857142857142,0.0,0.0039216691558367,142.30078125,2.0,0.0047551054883999,49.39453125,2.0
2026-05-29T11:09:07Z,2.533671156154154,350.000000000001,0.0434782608695652,0.0178996312552176,60.86328125,2.0,5.333644485931457,4.7701067144609,0.0,0.0032125288373773,165.98828125,0.0,0.1333422234075654,24.06250208344908,0.0,0.0035239849955868,56.8671875,2.0,6.267191181046362,4.298873678278036,0.0,0.0072427407386032,85.7421875,2.0,0.0666755567408987,4.8,0.0,0.0045002508605027,82.49609375,3.0,0.0666800026672001,4.666660740213944,0.0,0.0033629398982998,85.7578125,2.0,18.53663171626191,1.6211683292811632,0.0,0.0096687451760985,51.67578125,2.0,0.7334311241498866,4.800000000000001,0.0,0.0063952999999997,82.3515625,2.0,1.0001822563027962,0.4836362729031951,0.0,0.0023402999999994,51.515625,2.0,1.0667733451866075,4.617857142857142,0.0,0.003787849758512,144.06640625,2.0,0.003817824058064,49.39453125,2.0
2026-05-29T11:09:12Z,2.8000000000000003,26.249999999999822,0.3833333333333333,0.0160429771129039,60.86328125,2.0,5.333644485931457,4.769700118671349,0.0,0.0027024821854161,165.98828125,0.0,0.1333422234075654,24.06250208344908,0.0,0.0035239849955868,56.8671875,2.0,6.267191181046362,4.298873678278036,0.0,0.0082470318798087,85.97265625,2.0,0.0,4.8,0.0,0.0049083190550044,82.484375,3.0,0.0,4.6,0.0,0.003708547008547,85.7578125,2.0,8.467329008310145,2.0092743984906987,0.0,0.0096687451760985,51.67578125,2.0,0.7334311241498866,4.800000000000001,0.0,0.0063952999999997,82.3515625,2.0,0.2667022269635951,0.4846940006549127,0.0,0.0026039182315628,51.515625,2.0,1.0667733451866075,4.617857142857142,0.0,0.003787849758512,144.06640625,2.0,0.0038990134083333,49.375,2.0
2026-05-29T11:09:17Z,2.8000000000000003,26.249999999999822,0.3833333333333333,0.0172522141930704,63.26953125,2.0,5.466835566815565,4.686064172208599,0.0,0.0162255717068731,178.0234375,0.0,0.2666844456297086,22.75,0.0,0.0035239849955868,56.8671875,2.0,4.333466675556148,4.30567138253428,0.0,0.007781607101023,85.97265625,2.0,0.0,4.8,0.0,0.0058559403328703,82.484375,3.0,0.0,4.400008889283968,0.0,0.0032314133667241,85.91796875,2.0,4.59999557599998,2.535254307807893,0.0,0.009526628396987,51.67578125,2.0,0.0,4.800000000000001,0.0,0.0079564347290646,82.44921875,2.0,0.0,0.4863096674307314,0.0,0.0037090765588001,54.75390625,2.0,0.0,4.622222222222222,0.0,0.0031958223088622,144.06640625,2.0,0.0046842498197909,49.375,2.0
2026-05-29T11:09:22Z,2.8000000000000003,26.249999999999822,0.3833333333333333,0.0163021334027894,63.26953125,2.0,5.466835566815565,4.679935149845342,0.0,0.0178115788695458,178.0234375,0.0,0.2666844456297086,22.75,0.0,0.0030508151674879,56.8671875,2.0,5.733715581038736,4.420003419611151,0.0,0.007781607101023,85.97265625,2.0,0.0,4.8,0.0,0.0058559403328703,82.484375,3.0,0.0,4.400008889283968,0.0,0.0032314133667241,85.91796875,2.0,5.133364467259398,2.485351439568988,0.0,0.0075460820475384,51.67578125,2.0,0.5333688912594172,4.846914159472682,0.0,0.0079564347290646,82.44921875,2.0,0.0,0.4863096674307314,0.0,0.0037090765588001,54.75390625,2.0,0.0,4.622222222222222,0.0,0.0038487074125604,144.06640625,2.0,0.0040479725526026,49.375,2.0
2026-05-29T11:09:27Z,2.3336444859314573,26.87499999999986,0.5391304347826087,0.0169465563344652,64.01953125,2.0,5.466835566815565,4.672880200667004,0.0,0.0215900215656734,178.0234375,0.0,0.2666844456297086,22.75,0.0,0.0032958251793868,57.98046875,2.0,5.733715581038736,4.420003419611151,0.0,0.007781607101023,85.97265625,2.0,0.0,4.8,0.0,0.0057354721445845,82.3671875,3.0,0.0,4.599995555160458,0.0,0.0033739286314489,85.91796875,2.0,10.934604601501594,2.8029703994963384,0.0,0.0067521963477895,51.67578125,2.0,0.5333688912594172,4.846914159472682,0.0,0.0079564347290646,82.44921875,2.0,0.1333422228148543,0.489393793989156,0.0,0.0037025699745546,54.75390625,2.0,0.0,4.622222222222222,0.0,0.0038546298316247,142.046875,2.0,0.0047423330622566,49.36328125,2.0
2026-05-29T11:09:32Z,2.3336444859314573,26.87499999999986,0.5391304347826087,0.0140883127722285,64.01953125,2.0,2.0,4.776744496137813,0.0,0.0180579333333333,178.0234375,0.0,0.0,4.700001666750005,0.0,0.0032958251793868,57.98046875,2.0,10.600248905482587,4.460134475717983,0.0,0.0079446581881669,85.8984375,2.0,0.0,4.8,0.0,0.0058038774752741,82.3671875,3.0,0.0,0.475,0.0,0.0033739286314489,85.91796875,2.0,18.267786813649067,3.055866736476474,0.0,0.0071564588838817,51.73046875,2.0,2.000035557926084,4.965216699519447,0.0,0.0076335440577747,81.59765625,2.0,0.4000088894815209,0.475,0.0,0.0034389495047615,55.9453125,2.0,3.000097784296731,4.635294117647058,0.0,0.0038546298316247,142.046875,2.0,0.0047514869222497,49.36328125,2.0
2026-05-29T11:09:37Z,2.3336444859314573,26.87499999999986,0.5391304347826087,0.0140883127722285,64.01953125,2.0,2.0,4.776744496137812,0.0,0.0283063143180188,188.76953125,0.0,0.0,4.700001666750005,0.0,0.0032467326339801,57.98046875,2.0,13.733791141631665,4.497405673582831,0.0,0.0073370704251144,85.8984375,2.0,0.0,4.8,0.0,0.0058038774752741,82.3671875,3.0,0.0,0.475,0.0,0.0031719619392842,85.50390625,2.0,19.667751255722987,3.0357974703790704,0.0,0.0071564588838817,51.73046875,2.0,3.4,4.972727912493454,0.0,0.0076335440577747,81.59765625,2.0,0.4000088894815209,0.475,0.0,0.0034075747046562,55.9453125,2.0,3.000097784296731,4.635294117647058,0.0,0.0037948581659493,142.046875,2.0,0.0047514869222497,49.36328125,2.0
2026-05-29T11:09:42Z,2.6,574.9999999999995,0.4913793103448275,0.0164031801262359,64.0,2.0,2.0,4.776744496137812,0.0,0.0318212512455588,188.76953125,0.0,0.0,4.700001666750005,0.0,0.0032467326339801,57.98046875,2.0,13.733791141631665,4.497405673582831,0.0,0.0073370704251144,85.8984375,2.0,0.0,0.0,0.0,0.0047044102239789,82.296875,3.0,0.0,0.0,0.0,0.0026302859340946,85.50390625,2.0,26.000964508745028,3.0500157197248208,0.0,0.0071564588838817,51.73046875,2.0,3.4,4.972727912493454,0.0,0.0076335440577747,81.59765625,2.0,0.7333333333333334,0.475,0.0,0.0034075747046562,55.9453125,2.0,3.000097784296731,4.635294117647058,0.0,0.0038518465735578,142.16015625,2.0,0.0047813841390472,49.40625,2.0
2026-05-29T11:09:47Z,2.6,574.9999999999995,0.4913793103448275,0.0164031801262359,64.0,2.0,4.667124494524465,4.820074281209312,0.0,0.0353361881730988,188.76953125,0.0,0.0,4.66666370350616,0.0,0.0025692889561272,57.88671875,2.0,13.600906727115142,4.5325153374233125,0.0,0.006235779826519,85.8984375,2.0,0.0,0.0,0.0,0.0054450592885375,82.296875,3.0,0.0,0.0,0.0,0.0026262570925456,85.21484375,2.0,30.86859568415672,3.1064935064935097,0.0,0.0087213925840005,52.0234375,2.0,4.133480009778429,4.994871794871795,0.0,0.0068404650919186,81.59765625,2.0,1.1333777807409384,0.475,0.0,0.0034075747046562,55.9453125,2.0,3.1334400071115853,4.634042553191488,0.0,0.0038518465735578,142.16015625,2.0,0.0045932720982951,49.40625,2.0
2026-05-29T11:09:52Z,2.6,574.9999999999995,0.4913793103448275,0.0130038000000013,64.0,2.0,4.667124494524465,4.817507543346302,0.0,0.0356785430298412,188.76953125,0.0,0.0,4.66666370350616,0.0,0.0025692889561272,57.88671875,2.0,12.134502348162943,4.517153332281311,0.0,0.0062735359703836,85.8984375,2.0,0.0,0.0,0.0,0.0054313615863437,82.15625,3.0,0.0,0.0,0.0,0.0026262570925456,85.21484375,2.0,30.668711247416493,3.207142857142859,0.0,0.0095293721556597,52.0234375,2.0,3.933595573038202,4.988118811881188,0.0,0.007926758748019,81.31640625,2.0,1.1333777807409384,0.475,0.0,0.0022999818674151,56.0234375,2.0,3.1334400071115853,4.634042553191488,0.0,0.0037970775604758,142.07421875,2.0,0.0045932720982951,49.40625,2.0
2026-05-29T11:09:57Z,1.8001200080005333,100.0,0.1584158415841584,0.0177322995888832,64.05859375,2.0,4.667124494524465,4.815315760076604,0.0,0.0387413762037278,193.0546875,0.0,0.0,4.66666370350616,0.0,0.0025692889561272,57.88671875,2.0,12.134502348162943,4.517153332281311,0.0,0.009538597364967,86.8671875,2.0,0.0,0.0,0.0,0.005353353726778,82.15625,3.0,0.0,0.0,0.0,0.0022953988872357,85.21484375,2.0,28.06853790252683,2.7877545953874527,0.0,0.0095293721556597,52.0234375,2.0,3.933595573038202,4.988118811881188,0.0,0.0094549886252838,81.31640625,2.0,1.2667111140742715,0.475,0.0,0.0029271010768828,56.0234375,2.0,3.1334400071115853,4.634042553191488,0.0,0.0037970775604758,142.07421875,2.0,0.0048646986721148,49.57421875,2.0
2026-05-29T11:10:02Z,1.8001200080005333,100.0,0.1584158415841584,0.0208618698083235,64.05859375,2.0,3.4001111185190123,4.98480349988715,0.0,0.0387413762037278,193.0546875,0.0,0.0,0.0,0.0,0.0026752354333931,58.19921875,2.0,11.667804568310956,4.538302872801703,0.0,0.009538597364967,86.8671875,2.0,0.0,0.0,0.0,0.005353353726778,82.15625,3.0,0.0,0.0,0.0,0.0027294225655313,85.21484375,2.0,22.334822321488097,2.5184680583930263,0.0,0.0079233586555605,52.4140625,2.0,3.0668711247416494,5.458333333333328,0.0,0.0094549886252838,81.31640625,2.0,1.06669777985199,0.4889707343377234,0.0,0.0034983994608712,56.19140625,2.0,2.33356891526244,4.8151479775298665,0.0,0.0042555613129164,141.9296875,2.0,0.0048646986721148,49.57421875,2.0
2026-05-29T11:10:07Z,1.8001200080005333,100.0,0.1584158415841584,0.0208618698083235,64.05859375,2.0,3.4001111185190123,4.982028487899438,0.0,0.036666271940212,193.0546875,0.0,0.0,0.0,0.0,0.002654328860033,58.19921875,2.0,12.600417805631489,4.534243945267489,0.0,0.0109200493986261,86.9140625,2.0,0.0,0.0,0.0,0.0044849951410135,82.15625,3.0,0.0,0.0,0.0,0.0030899042578033,85.09375,2.0,22.13470675822833,2.694195527409248,0.0,0.0088843073909763,52.4140625,2.0,2.8667555614818765,7.324995444282463,0.0,0.0110264909378044,81.6171875,2.0,1.06669777985199,0.4889707343377234,0.0,0.0034983994608712,56.19140625,2.0,2.33356891526244,4.8151479775298665,0.0,0.0035533440298084,141.9296875,2.0,0.0048646986721148,49.57421875,2.0
2026-05-29T11:10:12Z,2.4001600106673777,500.0,0.0,0.0208618698083235,64.05859375,2.0,3.4001111185190123,4.979508864066701,0.0,0.0289191047369102,192.109375,0.0,0.0,0.0,0.0,0.002654328860033,58.19921875,2.0,12.600417805631489,4.534243945267489,0.0,0.0121383595040232,86.9140625,2.0,0.0,0.0,0.0,0.0061169658647678,82.1171875,3.0,0.0,0.0,0.0,0.0030899042578033,85.09375,2.0,22.800582261039622,3.391172517198976,0.0,0.0115313848249894,52.4140625,2.0,2.8667555614818765,7.324995444282463,0.0,0.0110264909378044,81.6171875,2.0,1.0001022337791805,2.8999999999999964,0.0,0.0034983994608712,56.19140625,2.0,2.33356891526244,4.8151479775298665,0.0,0.0044651998573424,141.9296875,2.0,0.0052928059963986,49.875,2.0
2026-05-29T11:10:17Z,2.4001600106673777,500.0,0.0,0.0261182429519755,64.1796875,2.0,4.933511122963753,6.703762888088004,0.0,0.0229660504296698,192.109375,0.0,0.2666755561481876,47.5,0.0,0.0035351684420373,58.4921875,2.0,14.466715558815032,4.585597440410989,0.0,0.0121383595040232,86.9140625,2.0,0.1333422228148543,4.8,0.0,0.0061169658647678,82.1171875,3.0,0.1333422228148543,4.8,0.0,0.0032657684474378,85.09375,2.0,27.93337333600018,3.849493365717223,0.0,0.0096121299631802,52.4140625,2.0,3.466666666666667,9.133346370775978,0.0,0.0121509678510038,81.6171875,2.0,1.4667555662235654,3.959999999999997,0.0,0.0038914364166814,56.19140625,2.0,2.4665866719996448,4.831887164777673,0.0,0.0048190054989136,141.98828125,2.0,0.0052928059963986,49.875,2.0
2026-05-29T11:10:22Z,2.4001600106673777,500.0,0.0,0.0261182429519755,64.1796875,2.0,4.933511122963753,5.944420025927521,0.0,0.0229660504296698,192.109375,0.0,0.2666755561481876,47.5,0.0,0.0035351684420373,58.4921875,2.0,17.4673378225215,4.640134677650636,0.0,0.0118839998472166,87.0,2.0,0.1333422228148543,4.8,0.0,0.0061169658647678,82.1171875,3.0,0.1333422228148543,4.8,0.0,0.0032657684474378,85.09375,2.0,29.0670622723028,3.872550998887072,0.0,0.0146436230476646,53.33984375,2.0,4.600355602969285,9.212491013399616,0.0,0.0121509678510038,81.6171875,2.0,1.4667555662235654,3.959999999999997,0.0,0.0040923685182372,56.64453125,2.0,2.4665866719996448,4.831887164777673,0.0,0.0048190054989136,141.98828125,2.0,0.0052928059963986,49.875,2.0
2026-05-29T11:10:27Z,3.133542236149077,97.18750000000011,0.0,0.0266562809800248,64.1796875,2.0,4.933511122963753,5.944420025927521,0.0,0.0229660504296698,192.109375,0.0,0.2666755561481876,47.5,0.0,0.0041789852555805,58.4921875,2.0,17.4673378225215,4.640134677650636,0.0,0.0118839998472166,87.0,2.0,0.4000266684445629,4.759999644425481,0.0,0.0060948037895023,82.1171875,3.0,0.4000266684445629,4.75999964442548,0.0,0.0025475579290036,85.09375,2.0,36.86841791823475,3.819907282138568,0.0,0.0146436230476646,53.33984375,2.0,4.600355602969285,9.212491013399616,0.0,0.0121880873593656,81.8125,2.0,2.066760006222637,3.719992977356417,0.0,0.0040923685182372,56.64453125,2.0,2.4665866719996448,4.831887164777673,0.0,0.0051077950648042,141.98828125,2.0,0.0053223665722746,49.65625,2.0
2026-05-29T11:10:32Z,3.133542236149077,97.18750000000011,0.0,0.0266562809800248,64.1796875,2.0,6.000382272006559,4.995647590209896,0.0,0.0190475134742555,193.01953125,0.0,0.2666933362966519,44.99999999999999,0.0,0.0041789852555805,58.4921875,2.0,16.201506824018075,4.613770641542725,0.0,0.0097430564766389,87.0,2.0,0.4000266684445629,4.771428208596046,0.0,0.0060948037895023,82.1171875,3.0,0.4000266684445629,4.771428208596046,0.0,0.0030494505494501,84.92578125,2.0,38.6037692996042,3.710151446262691,0.0,0.0142369357397013,53.0859375,2.0,5.067342312308308,9.049999999999994,0.0,0.0133899221581804,81.8125,2.0,1.9334977934831603,3.6909123233759873,0.0,0.0046978988065227,56.64453125,2.0,3.667155620749434,4.824324324324325,0.0,0.0043175482266809,141.98828125,2.0,0.0053223665722746,49.65625,2.0
2026-05-29T11:10:37Z,3.133542236149077,97.18750000000011,0.0,0.0198061721073455,64.1796875,2.0,6.000382272006559,4.993725829012304,0.0,0.0107566259227883,193.01953125,0.0,0.2666933362966519,44.99999999999999,0.0,0.0040358702923928,58.7109375,2.0,12.800884560311609,4.592766209045728,0.0,0.0086998749999992,87.0,2.0,0.4000266684445629,4.771428208596046,0.0,0.0060948037895023,82.1171875,3.0,0.4000266684445629,4.771428208596046,0.0,0.0031732955211284,84.92578125,2.0,37.60341369663491,3.702916813204595,0.0,0.0142369357397013,53.0859375,2.0,4.066986709339023,8.986850138955168,0.0,0.0133899221581804,81.8125,2.0,1.9334977934831603,3.6909123233759873,0.0,0.0043282187985393,56.59375,2.0,3.667155620749434,4.824324324324325,0.0,0.0046945707505296,142.19921875,2.0,0.0053223665722746,49.65625,2.0
2026-05-29T11:10:42Z,2.2666666666666666,324.9999999999995,0.0,0.0223321736605988,64.1796875,2.0,6.000382272006559,4.991858196882653,0.0,0.0107566259227883,193.01953125,0.0,0.2666933362966519,44.99999999999999,0.0,0.0040358702923928,58.7109375,2.0,12.800884560311609,4.592766209045728,0.0,0.0112576165706844,87.12109375,2.0,0.1333422228148543,4.771428934251881,0.0,0.0061462113127001,82.1171875,3.0,0.1333422228148543,4.771428571428571,0.0,0.0029424679371057,84.9375,2.0,30.80205805070296,3.6946968450456312,0.0,0.0142369357397013,53.0859375,2.0,4.066986709339023,8.986850138955168,0.0,0.0121798283176322,81.828125,2.0,1.4667555662235654,3.6909123233759873,0.0,0.0043282187985393,56.59375,2.0,3.667155620749434,4.824324324324325,0.0,0.00503838407223,142.19921875,2.0,0.005153187255829,49.90234375,2.0
2026-05-29T11:10:47Z,2.2666666666666666,324.9999999999995,0.0,0.0270013573490782,64.5,2.0,5.533524457186035,4.913796925074514,0.0,0.008725057840171,193.01953125,0.0,0.1333377780740938,44.37499305516972,0.0,0.0045682765455129,58.7109375,2.0,14.133342222814854,4.566667860111194,0.0,0.0112576165706844,87.12109375,2.0,0.0666711114074271,4.775000694471451,0.0,0.0061462113127001,82.1171875,3.0,0.0666711114074271,4.775000347240548,0.0,0.0025383854931644,84.9375,2.0,29.866671111407427,3.636280774025128,0.0,0.0158526244329927,53.0859375,2.0,3.866666666666667,8.597222222222221,0.0,0.0121798283176322,81.828125,2.0,1.5333422228148543,3.5399897327172964,0.0,0.0043282187985393,56.59375,2.0,3.0666666666666664,4.655265951132105,0.0,0.00503838407223,142.19921875,2.0,0.005153187255829,49.90234375,2.0
2026-05-29T11:10:52Z,2.2666666666666666,324.9999999999995,0.0,0.0270013573490782,64.5,2.0,5.533524457186035,4.913247689886553,0.0,0.0078286723466053,193.01953125,0.0,0.1333377780740938,44.37499305516972,0.0,0.0045682765455129,58.7109375,2.0,16.800582261039626,4.502602105484394,0.0,0.0110634090781789,87.13671875,2.0,0.0666711114074271,4.775000694471451,0.0,0.0055574878018265,82.1171875,3.0,0.0666711114074271,4.775000347240548,0.0,0.0025383854931644,84.9375,2.0,30.53349334400071,3.5830921202050283,0.0,0.0148887220391215,53.5078125,2.0,4.53348889925995,7.423055784438762,0.0,0.0110230078067472,81.828125,2.0,1.5333422228148543,3.5399897327172964,0.0,0.0040089696269872,56.65625,2.0,3.0666666666666664,4.655265951132105,0.0,0.0045295250052311,142.421875,2.0,0.0050921709643759,49.65625,2.0
2026-05-29T11:10:57Z,2.8666666666666667,75.00000000000017,0.0,0.0230098478361181,64.5,2.0,5.533524457186035,4.912728743378659,0.0,0.0070416379932334,193.01953125,0.0,0.1333377780740938,44.37499305516972,0.0,0.0040315631450554,58.71875,2.0,16.800582261039626,4.502602105484394,0.0,0.0096456198189169,87.13671875,2.0,0.2000133342222814,4.780000222234568,0.0,0.0055574878018265,82.1171875,3.0,0.2000222248892247,4.755555555555555,0.0,0.0027003459663468,85.02734375,2.0,34.86920921722825,3.0519333286865824,0.0,0.0148887220391215,53.5078125,2.0,4.53348889925995,7.423055784438762,0.0,0.01111706749257,81.8203125,2.0,1.8000711158521678,2.742850793227481,0.0,0.0040089696269872,56.65625,2.0,3.0666666666666664,4.655265951132105,0.0,0.0045295250052311,142.421875,2.0,0.0040064813112293,49.65625,2.0
2026-05-29T11:11:02Z,2.8666666666666667,75.00000000000017,0.0,0.0225587370153283,64.3671875,2.0,4.533617815708761,4.837413835463888,0.0,0.0096270182416971,191.44921875,0.0,0.1333422234075654,37.500222232099205,0.0,0.0034319171256225,58.71875,2.0,14.66803125483143,4.455875264590562,0.0,0.0096456198189169,87.13671875,2.0,0.2000088894815209,4.777777777777778,0.0,0.0055336436648415,82.1875,3.0,0.2000177801484642,4.749999444413579,0.0,0.0027003459663468,85.02734375,2.0,31.80407608866298,1.7833469415957777,0.0,0.0120921165381324,53.5078125,2.0,4.133728931264217,4.93571360862906,0.0,0.01111706749257,81.8203125,2.0,1.6001333469645038,0.4876670344961644,0.0,0.0037791069337637,56.65625,2.0,2.8002755857813733,4.621337145146398,0.0,0.004026028678304,142.421875,2.0,0.0046437749224635,49.65625,2.0
2026-05-29T11:11:07Z,2.8666666666666667,75.00000000000017,0.0,0.0225587370153283,64.3671875,2.0,4.533617815708761,4.837143378144169,0.0,0.0096270182416971,191.44921875,0.0,0.1333422234075654,37.500222232099205,0.0,0.0034147423406985,58.67578125,2.0,13.00079121660666,4.369621144791605,0.0,0.0092542489920494,87.54296875,2.0,0.2000088894815209,4.777777777777778,0.0,0.0055336436648415,82.1875,3.0,0.2000177801484642,4.749999444413579,0.0,0.002010032844135,85.02734375,2.0,31.137253856069695,1.5573010417010749,0.0,0.0117745346206399,53.83203125,2.0,3.4669066986709343,4.860638842642656,0.0,0.0088432051481355,81.8203125,2.0,1.6001333469645038,0.4876670344961644,0.0,0.0036611751904241,56.6796875,2.0,2.8002755857813733,4.621337145146398,0.0,0.004026028678304,142.421875,2.0,0.0046642206477731,47.8515625,2.0
2026-05-29T11:11:12Z,2.533502233482232,42.708333333333314,0.0,0.0225587370153283,64.3671875,2.0,4.533617815708761,4.836874804014967,0.0,0.0089220861982223,191.44921875,0.0,0.1333422234075654,37.500222232099205,0.0,0.0034147423406985,58.67578125,2.0,13.00079121660666,4.369621144791605,0.0,0.0092542489920494,87.54296875,2.0,0.2,4.76666716050846,0.0,0.0055994444132661,82.1875,3.0,0.1999911117036641,4.7200014222601485,0.0,0.0022062863728336,84.97265625,2.0,26.00068915054209,1.5087021616680296,0.0,0.0117745346206399,53.83203125,2.0,3.4669066986709343,4.860638842642656,0.0,0.0087899945724124,81.8203125,2.0,1.5334044539271905,0.4889711270047681,0.0,0.0036611751904241,56.6796875,2.0,2.8002755857813733,4.621337145146398,0.0,0.004026028678304,142.421875,2.0,0.0045822461170841,47.8515625,2.0
2026-05-29T11:11:17Z,2.533502233482232,42.70833333333337,0.0,0.0153789139990088,64.3671875,2.0,5.266742250964009,4.848924475356718,0.0,0.0087815972857113,191.4375,0.0,0.4000133377781927,24.25,0.0,0.0026408421017655,58.67578125,2.0,15.79950226785047,4.359605990498116,0.0,0.0092542489920494,87.54296875,2.0,0.3333600035560297,4.771429478489725,0.0,0.0055994444132661,82.1875,3.0,0.3333511152596939,4.733335802542296,0.0,0.0026346514197862,84.97265625,2.0,27.065026783104297,1.4906659555081394,0.0,0.0117745346206399,53.83203125,2.0,3.5332088971846325,4.84393063583815,0.0,0.0103321225426584,81.82421875,2.0,1.8666800097785483,0.4887680272531711,0.0,0.0036611751904241,56.6796875,2.0,2.7332400062218074,4.623880597014924,0.0,0.0028596,142.421875,2.0,0.0045822461170841,47.8515625,2.0
2026-05-29T11:11:22Z,2.533502233482232,42.70833333333337,0.0,0.0172227868849706,64.3671875,2.0,5.266742250964009,4.848806976738516,0.0,0.0087815972857113,191.4375,0.0,0.4000133377781927,24.25,0.0,0.0039048694112439,58.734375,2.0,18.06739576476117,4.319989830519021,0.0,0.0087306318137615,88.78125,2.0,0.3333600035560297,4.771429478489725,0.0,0.0042199746200212,82.1875,3.0,0.3333511152596939,4.733335802542296,0.0,0.0026346514197862,84.97265625,2.0,27.465302375405493,1.4378604184623165,0.0,0.0124648944552732,54.0078125,2.0,3.933484489485828,4.843428543853667,0.0,0.0103321225426584,81.82421875,2.0,1.8666800097785483,0.4887680272531711,0.0,0.0036621052884732,56.69140625,2.0,2.7332400062218074,4.623880597014924,0.0,0.0040809214668783,142.7421875,2.0,0.0046461216398967,48.1015625,2.0
2026-05-29T11:11:27Z,2.933528901926795,49.53124999999997,0.0,0.0221264746315418,64.3671875,2.0,5.266742250964009,4.848689295209531,0.0,0.0087815972857113,191.4375,0.0,0.4000133377781927,24.25,0.0,0.0039048694112439,58.734375,2.0,18.06739576476117,4.319989830519021,0.0,0.0102346073662288,88.78125,2.0,0.466711115852405,4.78333348766318,0.0,0.0036930224809194,82.1875,3.0,0.4667288971862915,4.628571428571428,0.0,0.0022068133031176,84.97265625,2.0,30.868302605669736,1.5594546551648911,0.0,0.0124648944552732,54.0078125,2.0,3.933484489485828,4.843428543853667,0.0,0.0106345592179752,81.82421875,2.0,2.066822250966262,0.4870249511163695,0.0,0.0036621052884732,56.69140625,2.0,2.7332400062218074,4.623880597014924,0.0,0.0040809214668783,142.7421875,2.0,0.0048099833931027,48.1015625,2.0
2026-05-29T11:11:32Z,2.933528901926795,49.53124999999997,0.0,0.023400599145894,63.796875,2.0,5.93365780414959,4.840992988757593,0.0,0.0060950717570036,191.296875,0.0,0.4666622242962766,40.0,0.0,0.0039048694112439,58.734375,2.0,19.80177354402424,4.298108485120104,0.0,0.0102346073662288,88.78125,2.0,0.5333333357037037,4.786666508636591,0.0,0.0057505600265492,82.1875,3.0,0.5333511170375902,4.6799957330868,0.0,0.0029645732689211,84.76953125,2.0,30.803142601824103,1.484597605735929,0.0,0.009727388691124,54.0078125,2.0,3.800391155560968,4.84367814418369,0.0,0.0106345592179752,81.82421875,2.0,2.133475579261788,0.4919641600422714,0.0,0.0036621052884732,56.69140625,2.0,2.9336266992631708,4.620891964820277,0.0,0.0040809214668783,142.7421875,2.0,0.0048099833931027,48.1015625,2.0
2026-05-29T11:11:37Z,2.933528901926795,49.53124999999997,0.0,0.023400599145894,63.796875,2.0,5.93365780414959,4.84082197206081,0.0,0.0068039658901745,191.296875,0.0,0.4666622242962766,40.0,0.0,0.0034378996523471,58.80859375,2.0,20.333231201481027,4.277630596384499,0.0,0.0102346073662288,88.78125,2.0,0.5333333357037037,4.786666508636591,0.0,0.0057505600265492,82.1875,3.0,0.5333511170375902,4.6799957330868,0.0,0.0029645732689211,84.76953125,2.0,30.536200342856244,1.2766823824806828,0.0,0.0114041884362729,54.1171875,2.0,3.5334488965931063,4.846913580246913,0.0,0.0080616162365129,81.82421875,2.0,2.133475579261788,0.4919641600422714,0.0,0.0035456437768237,56.9609375,2.0,2.9336266992631708,4.620891964820277,0.0,0.0039325703073903,142.765625,2.0,0.0046441142429194,47.8515625,2.0
2026-05-29T11:11:42Z,2.8666666666666667,762.5000000000007,0.0,0.023400599145894,63.796875,2.0,5.93365780414959,4.840650587101019,0.0,0.0085067295980511,191.296875,0.0,0.4666622242962766,40.0,0.0,0.0040671966547539,58.80859375,2.0,20.333231201481027,4.277630596384499,0.0,0.0103084750515796,89.21875,2.0,0.3333155567406617,4.785714285714286,0.0,0.0058108233117484,82.43359375,3.0,0.3333155567406617,4.666666666666666,0.0,0.0028060534363075,84.94921875,2.0,29.13404894489207,1.4301663025275824,0.0,0.0114041884362729,54.1171875,2.0,3.5334488965931063,4.846913580246913,0.0,0.0101723497780814,80.078125,2.0,1.6666666714074074,0.493750087721658,0.0,0.0035456437768237,56.9609375,2.0,2.9336266992631708,4.620891964820277,0.0,0.0039325703073903,142.765625,2.0,0.0045778229029397,47.8515625,2.0
2026-05-29T11:11:47Z,2.8666666666666667,762.5000000000007,0.0,0.0204986809652665,63.796875,2.0,5.667226728303645,4.79217365972105,0.0,0.0085067295980511,191.296875,0.0,0.0666711114074271,41.24999999999999,0.0,0.0037892809204217,58.92578125,2.0,17.199848965332663,4.267907002513548,0.0,0.0103084750515796,89.21875,2.0,0.0666666666666666,4.784615752809949,0.0,0.0058108233117484,82.43359375,3.0,0.0666666666666666,4.650005833495374,0.0,0.0028060534363075,84.94921875,2.0,31.46766228859702,1.546671107295969,0.0,0.0114041884362729,54.1171875,2.0,4.133488899259951,4.823313153600831,0.0,0.0101723497780814,80.078125,2.0,1.1333688912594173,0.4881941838044734,0.0,0.0035456437768237,56.9609375,2.0,3.866791119407961,4.627023614820812,0.0,0.0039325703073903,142.765625,2.0,0.0046485214456973,48.1015625,2.0
2026-05-29T11:11:52Z,2.8666666666666667,762.5000000000007,0.0,0.025210976732505,63.8515625,2.0,5.667226728303645,4.79217365972105,0.0,0.0065601063083637,191.296875,0.0,0.0666711114074271,41.24999999999999,0.0,0.0037892809204217,58.92578125,2.0,15.002004779025452,4.244114951159816,0.0,0.0105192813858111,89.21875,2.0,0.0666666666666666,4.784615752809949,0.0,0.0058108233117484,82.43359375,3.0,0.0666666666666666,4.650005833495374,0.0,0.0028060534363075,84.94921875,2.0,31.73446674222726,1.821970843869164,0.0,0.0115782448334404,54.1171875,2.0,4.400293352890193,4.913775028900165,0.0,0.0101723497780814,80.078125,2.0,1.1333688912594173,0.4881941838044734,0.0,0.0040445810914683,56.74609375,2.0,3.866791119407961,4.627023614820812,0.0,0.0038870608246818,142.765625,2.0,0.003974813718181,48.1015625,2.0
2026-05-29T11:11:57Z,2.667200106688004,849.9999999999959,0.0,0.025210976732505,63.8515625,2.0,5.667226728303645,4.79217365972105,0.0,0.0058512121751928,191.296875,0.0,0.0666711114074271,41.24999999999999,0.0,0.0038949521861173,58.92578125,2.0,15.002004779025452,4.244114951159816,0.0,0.013415593542651,89.35546875,2.0,0.0666800026672001,4.799999999999999,0.0,0.0058108233117484,82.43359375,3.0,0.0666711114074271,4.688888888888888,0.0,0.0029053239255932,84.94921875,2.0,30.53627142729638,2.7321934072983787,0.0,0.013833626303384,54.015625,2.0,4.400293352890193,4.913775028900165,0.0,0.0132436382393397,80.08203125,2.0,1.200124458668405,3.100016112083392,0.0,0.0040445810914683,56.74609375,2.0,3.866791119407961,4.627023614820812,0.0,0.0045294161550951,142.86328125,2.0,0.0046218167030955,48.1015625,2.0
2026-05-29T11:12:02Z,2.667200106688004,849.9999999999959,0.0,0.0261996490824325,63.8515625,2.0,4.7999822429628844,6.125036344204023,0.0,0.0128869954303122,190.7890625,0.0,0.1333377780740938,46.5624930552469,0.0,0.0032649653086361,58.92578125,2.0,16.335413672951717,4.422829433416204,0.0,0.013415593542651,89.35546875,2.0,0.1333466693338667,4.799999999999999,0.0,0.0024436999999996,82.43359375,3.0,0.1333377780740938,4.657138321750697,0.0,0.0036343689480404,84.96484375,2.0,26.335982519146945,3.762955056477328,0.0,0.013833626303384,54.015625,2.0,3.6002400160010666,9.403846153846152,0.0,0.0132436382393397,80.08203125,2.0,1.4001289034091655,4.039997510881429,0.0,0.0040445810914683,56.74609375,2.0,2.5335822494847218,4.661173982103055,0.0,0.0048368595608416,142.86328125,2.0,0.0039178113121762,48.1015625,2.0
2026-05-29T11:12:07Z,2.667200106688004,849.9999999999959,0.0,0.0261996490824325,63.8515625,2.0,4.7999822429628844,6.125036344204023,0.0,0.0128869954303122,190.7890625,0.0,0.1333377780740938,46.5624930552469,0.0,0.0049492327422281,59.1171875,2.0,18.200573371558104,4.568548033224824,0.0,0.0164896118986736,89.51171875,2.0,0.1333466693338667,4.799999999999999,0.0,0.0024436999999996,82.43359375,3.0,0.1333377780740938,4.657138321750697,0.0,0.0036343689480404,84.96484375,2.0,25.935955850702385,3.847609231677627,0.0,0.0144355850754497,54.015625,2.0,3.2002133475565038,12.550053669409769,0.0,0.0132436382393397,80.08203125,2.0,1.4001289034091655,4.039997510881429,0.0,0.0041708598534888,56.74609375,2.0,2.5335822494847218,4.661173982103055,0.0,0.0048368595608416,142.86328125,2.0,0.0064246887966806,47.8515625,2.0
2026-05-29T11:12:12Z,3.0,412.49999999999926,0.0,0.020022426820022,63.8515625,2.0,4.7999822429628844,6.125036344204023,0.0,0.0128869954303122,190.7890625,0.0,0.1333377780740938,46.5624930552469,0.0,0.0049492327422281,59.1171875,2.0,18.200573371558104,4.568548033224824,0.0,0.0164896118986736,89.51171875,2.0,0.1999911117036641,4.8,0.0,0.0085116512327673,82.6171875,3.0,0.2666800008889481,4.733332098715133,0.0,0.0038771193129798,84.96484375,2.0,29.668635686823563,4.120537991725307,0.0,0.0185216346153847,54.0546875,2.0,3.2002133475565038,12.550053669409769,0.0,0.014961629204237,80.0703125,2.0,1.8001111185190124,4.305264586064887,0.0,0.0053586663866023,56.5078125,2.0,2.5335822494847218,4.661173982103055,0.0,0.0054901362984213,142.96875,2.0,0.0064246887966806,47.8515625,2.0
2026-05-29T11:12:17Z,3.0,412.49999999999926,0.0,0.0419052307126143,63.6875,2.0,6.133973406823824,8.430001013421615,0.0,0.0151049452459586,191.546875,0.0,0.4000400044449779,88.7500138899692,0.0,0.0049492327422281,59.1171875,2.0,18.60065338222619,4.695962314595256,0.0,0.0174715202640747,89.8359375,2.0,0.3333511152596939,8.000044446419839,0.0,0.0085116512327673,82.6171875,3.0,0.4000400044449779,4.720002844596156,0.0,0.0040919869174165,85.46484375,2.0,33.66893793275155,4.38911553011827,0.0,0.0185216346153847,54.0546875,2.0,3.933595573038202,16.25005222477543,0.0,0.0139079535129392,80.0703125,2.0,2.066831125631072,4.553334464292195,0.0,0.0053586663866023,56.5078125,2.0,3.600120008000533,4.784467047527319,0.0,0.0054901362984213,142.96875,2.0,0.0064246887966806,47.8515625,2.0
2026-05-29T11:12:22Z,3.0,412.49999999999926,0.0,0.0419052307126143,63.6875,2.0,6.133973406823824,8.430001013421615,0.0,0.0151049452459586,191.546875,0.0,0.4000400044449779,88.7500138899692,0.0,0.0048233332161411,59.1171875,2.0,17.26785786252488,4.754407441641726,0.0,0.0171854326565463,89.8359375,2.0,0.3333511152596939,8.000044446419839,0.0,0.0085116512327673,82.6171875,3.0,0.4000400044449779,4.720002844596156,0.0,0.0040919869174165,85.46484375,2.0,34.20230682401096,4.409150392368357,0.0,0.0228991277479161,54.0546875,2.0,4.46696446429762,15.799999999999992,0.0,0.0139957163964489,80.0703125,2.0,2.066831125631072,4.553334464292195,0.0,0.0063815085592007,56.5078125,2.0,3.600120008000533,4.784467047527319,0.0,0.0057912552579147,143.07421875,2.0,0.0075499038203999,48.10546875,2.0
2026-05-29T11:12:27Z,3.0666666666666664,216.24999999999991,0.0,0.0380080240347842,63.43359375,2.0,6.133973406823824,8.430001013421615,0.0,0.0151049452459586,191.546875,0.0,0.4000400044449779,88.7500138899692,0.0,0.0059033100689768,59.2890625,2.0,17.26785786252488,4.754407441641726,0.0,0.0207111629653473,89.8359375,2.0,0.3333777837044939,7.749999999999999,0.0,0.0085116512327673,82.6171875,3.0,0.2666977816301235,4.742857868536015,0.0,0.0040919869174165,85.46484375,2.0,30.93542236504703,4.429957014916564,0.0,0.0185281613260003,54.0546875,2.0,4.46696446429762,15.799999999999992,0.0,0.0154925951331724,80.0703125,2.0,1.800146680001363,4.600000120129066,0.0,0.0055770665409018,56.50390625,2.0,3.600120008000533,4.784467047527319,0.0,0.0057912552579147,143.07421875,2.0,0.0075499038203999,48.10546875,2.0
2026-05-29T11:12:32Z,3.0666666666666664,216.24999999999991,0.0,0.0443574875039727,63.43359375,2.0,4.800155565926618,8.540027023054648,0.0,0.0107302012919007,191.546875,0.0,0.1333377780740938,87.5,0.0,0.0059033100689768,59.2890625,2.0,15.534360068449008,4.752400223820131,0.0,0.0172337587034655,89.8359375,2.0,0.2000177801484642,7.499944439505735,0.0,0.0080902802083543,82.62109375,3.0,0.1333377780740938,4.749999305515043,0.0,0.0040731183692184,85.69140625,2.0,28.1352045691935,4.441065049670266,0.0,0.0203107450980389,54.1328125,2.0,4.000266684445629,16.199999999999985,0.0,0.0160500750225052,80.07421875,2.0,1.4667555614818764,4.589188172977052,0.0,0.0055770665409018,56.50390625,2.0,3.000200013334222,4.798019801980198,0.0,0.0057912552579147,143.07421875,2.0,0.0075499038203999,48.10546875,2.0
2026-05-29T11:12:37Z,3.0666666666666664,216.24999999999991,0.0,0.0443574875039727,63.43359375,2.0,4.800155565926618,8.540027023054648,0.0,0.0088954666666666,191.546875,0.0,0.1333377780740938,87.5,0.0,0.0068174016058971,59.2890625,2.0,17.400488921483657,4.752404257328337,0.0,0.0173284456424062,89.7265625,2.0,0.2000177801484642,7.499944439505735,0.0,0.0080902802083543,82.62109375,3.0,0.1333377780740938,4.749999305515043,0.0,0.0040731183692184,85.69140625,2.0,28.201724559415076,4.435339966112759,0.0,0.0210497150997142,54.1328125,2.0,4.0667866746672,16.35005933623421,0.0,0.0160500750225052,80.07421875,2.0,1.4667555614818764,4.589188172977052,0.0,0.0054094224003349,56.51953125,2.0,3.000200013334222,4.798019801980198,0.0,0.0042130530231021,143.1015625,2.0,0.0067210844775398,48.10546875,2.0
2026-05-29T11:12:42Z,3.000200013334222,122.4999999999991,0.0,0.0377463838184522,63.6171875,2.0,4.800155565926618,8.540027023054648,0.0,0.0109153322631196,191.546875,0.0,0.1333377780740938,87.5,0.0,0.0068174016058971,59.2890625,2.0,17.400488921483657,4.752404257328337,0.0,0.0164977343847787,89.7265625,2.0,0.2,7.2500333340740895,0.0,0.0036009828947367,82.62109375,3.0,0.2,4.725,0.0,0.0030304618059865,85.69140625,2.0,31.66745783052204,4.384272822508687,0.0,0.0210497150997142,54.1328125,2.0,4.0667866746672,16.35005933623421,0.0,0.014793806297113,80.07421875,2.0,1.4666488948147358,4.503228382559227,0.0,0.0054094224003349,56.51953125,2.0,3.000200013334222,4.798019801980198,0.0,0.005192503400675,143.1015625,2.0,0.0060227428256319,48.10546875,2.0
2026-05-29T11:12:47Z,3.000200013334222,122.4999999999991,0.0,0.0377463838184522,63.6171875,2.0,7.3336089072604835,5.964254930067101,0.0,0.011134459823836,192.25,0.0,0.4000133342222814,83.74998611033944,0.0,0.0046841097973413,59.59375,2.0,20.466720003555796,4.693780896790744,0.0,0.0164977343847787,89.7265625,2.0,0.3333466675556148,6.750066668148184,0.0,0.0042071994765421,80.6953125,3.0,0.3333466675556148,4.740000933381039,0.0,0.0033273067720796,85.85546875,2.0,37.46670666933351,4.1966758516417215,0.0,0.0189634531447999,54.16015625,2.0,4.866666666666667,9.86734693877551,0.0,0.0137994927297736,80.05859375,2.0,1.999973338666548,4.352001166271743,0.0,0.0049427198885198,56.5,2.0,3.666666666666667,4.768422441404258,0.0,0.005192503400675,143.1015625,2.0,0.005580505505506,48.10546875,2.0
2026-05-29T11:12:52Z,3.000200013334222,122.4999999999991,0.0,0.0169336217411834,63.6171875,2.0,7.3336089072604835,5.964254930067101,0.0,0.011134459823836,192.25,0.0,0.4000133342222814,83.74998611033944,0.0,0.0046841097973413,59.59375,2.0,19.86734226726226,4.605899898203697,0.0,0.0134004222351564,89.7265625,2.0,0.3333466675556148,6.750066668148184,0.0,0.0056762319583225,80.6953125,3.0,0.3333466675556148,4.740000933381039,0.0,0.0033273067720796,85.85546875,2.0,37.46685779051937,4.154335217530516,0.0,0.0189634531447999,54.16015625,2.0,4.866817787852524,9.292857142857136,0.0,0.0137994927297736,80.05859375,2.0,1.999973338666548,4.352001166271743,0.0,0.0028934857376404,56.5,2.0,3.666666666666667,4.768422441404258,0.0,0.0050617986874943,143.0703125,2.0,0.005580505505506,48.10546875,2.0
2026-05-29T11:12:57Z,3.133542236149077,89.74999999999999,0.0,0.0198798276419621,63.73046875,2.0,7.3336089072604835,5.964254930067101,0.0,0.011134459823836,192.25,0.0,0.4000133342222814,83.74998611033944,0.0,0.0044188004002589,59.82421875,2.0,19.86734226726226,4.605899898203697,0.0,0.0129025676248964,89.84765625,2.0,0.2666844456297086,6.999999999999997,0.0,0.0056762319583225,80.6953125,3.0,0.2666888909631802,4.74,0.0,0.0033273067720796,85.85546875,2.0,37.00132453274663,3.9130434831621255,0.0,0.0152933889081866,54.16015625,2.0,4.866817787852524,9.292857142857136,0.0,0.0115127905742493,80.05859375,2.0,2.066751116741116,4.228575298707784,0.0,0.0036040926771523,56.5,2.0,3.666666666666667,4.768422441404258,0.0,0.004306709183018,143.0703125,2.0,0.0055044468486965,47.13671875,2.0
2026-05-29T11:13:02Z,3.133542236149077,89.74999999999999,0.0,0.023936058754043,63.73046875,2.0,4.600151121185856,4.800876852524208,0.0,0.0081415694359154,192.5234375,0.0,0.0,24.25,0.0,0.0044188004002589,59.82421875,2.0,16.9339555970398,4.438708264746003,0.0,0.0129025676248964,89.84765625,2.0,0.0666711114074271,4.8,0.0,0.0056762319583225,80.6953125,3.0,0.0666755567408987,4.7142835373113,0.0,0.0026785320267377,85.85546875,2.0,30.93461786341312,2.907139363829684,0.0,0.014385855349864,51.25,2.0,4.000151121185857,7.176496636522159,0.0,0.0097353436294805,80.05859375,2.0,1.4000577816298865,3.636363636363635,0.0,0.003531143804815,56.50390625,2.0,3.0002044717073386,4.639018216291838,0.0,0.0042658031088087,143.1015625,2.0,0.0055044468486965,47.13671875,2.0
2026-05-29T11:13:07Z,3.133542236149077,89.74999999999999,0.0,0.0207806213197392,63.73046875,2.0,4.600151121185856,4.800876852524208,0.0,0.0081415694359154,192.5234375,0.0,0.0,24.25,0.0,0.0034346033419105,59.82421875,2.0,15.867217814520968,4.267302739158886,0.0,0.0104080418936325,89.84765625,2.0,0.0666711114074271,4.8,0.0,0.0056749095754811,80.6953125,3.0,0.0666755567408987,4.7142835373113,0.0,0.0025699378986947,85.8984375,2.0,30.33446674222726,2.6888790746886677,0.0,0.014385855349864,51.25,2.0,3.4000000000000004,4.820879120879121,0.0,0.0110169995750105,80.05859375,2.0,1.4000577816298865,3.636363636363635,0.0,0.003531143804815,56.50390625,2.0,3.0002044717073386,4.639018216291838,0.0,0.0042658031088087,143.1015625,2.0,0.004939557528821,47.13671875,2.0
2026-05-29T11:13:12Z,2.7335155677045138,47.678571428571445,0.0,0.0227931468608008,63.875,2.0,4.600151121185856,4.800876852524208,0.0,0.0081415694359154,192.5234375,0.0,0.0,24.25,0.0,0.0034346033419105,59.82421875,2.0,15.867217814520968,4.267302739158886,0.0,0.0103064335390687,87.02734375,2.0,0.0,4.8,0.0,0.0058345788849356,80.6953125,3.0,0.0,4.719998577720887,0.0,0.0025699378986947,85.8984375,2.0,24.466666666666665,1.884444444444438,0.0,0.010327918144317,51.25,2.0,3.4000000000000004,4.820879120879121,0.0,0.0104296245104823,80.05859375,2.0,0.8666888903704691,1.6499999999999957,0.0,0.0035441717621676,56.50390625,2.0,3.0002044717073386,4.639018216291838,0.0,0.0042558859819203,143.1015625,2.0,0.004939557528821,47.13671875,2.0
2026-05-29T11:13:17Z,2.7335155677045138,47.678571428571445,0.0,0.0231406068200137,63.875,2.0,4.333768937487329,4.801754054733455,0.0,0.0055279366200856,192.5234375,0.0,0.0,24.25,0.0,0.0026672700227859,59.82421875,2.0,18.60192910936028,4.258215866823907,0.0,0.0102312772421102,87.02734375,2.0,0.0,4.800000000000001,0.0,0.0056410124410128,80.6953125,3.0,0.0,4.700001666750005,0.0,0.0027228596262493,85.8125,2.0,21.60117348979864,2.150537540286308,0.0,0.0120796718972889,51.25,2.0,2.933502244743744,4.821348559814126,0.0,0.0104296245104823,80.05859375,2.0,0.5333822272598322,2.520023111387647,0.0,0.0028300113071693,56.50390625,2.0,3.600120040003734,4.627503434804275,0.0,0.0035423748751459,143.1015625,2.0,0.0047302204699357,47.38671875,2.0
2026-05-29T11:13:22Z,2.7335155677045138,47.678571428571445,0.0,0.0231406068200137,63.875,2.0,4.333768937487329,4.801754054733455,0.0,0.005929432121072,192.7421875,0.0,0.0,24.25,0.0,0.0023810530776267,59.82421875,2.0,19.06862688921227,4.2260410981559575,0.0,0.0102312772421102,87.02734375,2.0,0.0,4.800000000000001,0.0,0.0056410124410128,80.6953125,3.0,0.0,4.700001666750005,0.0,0.0027228596262493,85.8125,2.0,21.06806686847437,2.147957756601496,0.0,0.0120796718972889,51.25,2.0,2.4003956234194788,4.823029812924725,0.0,0.0085902671207371,80.05859375,2.0,0.5333822272598322,2.520023111387647,0.0,0.0025346636603219,56.50390625,2.0,3.600120040003734,4.627503434804275,0.0,0.0042390486976215,143.19921875,2.0,0.0037392223597304,47.38671875,2.0
2026-05-29T11:13:27Z,2.2,375.0,0.0,0.0185879057205064,63.875,2.0,4.333768937487329,4.801754054733455,0.0,0.0073624768946395,192.7421875,0.0,0.0,24.25,0.0,0.0015515666666667,59.82421875,2.0,19.06862688921227,4.2260410981559575,0.0,0.0102312772421102,87.02734375,2.0,0.0,4.8,0.0,0.0056410124410128,80.6953125,3.0,0.0,4.733333333333333,0.0,0.0027228596262493,85.8125,2.0,22.13636041872552,2.385553566368902,0.0,0.0117387344537232,51.54296875,2.0,2.4003956234194788,4.823029812924725,0.0,0.0098744704438388,79.98828125,2.0,0.6000800106680891,2.879953773787304,0.0,0.0020920427461939,56.50390625,2.0,3.600120040003734,4.627503434804275,0.0,0.0042390486976215,143.19921875,2.0,0.0047284793446159,47.38671875,2.0
2026-05-29T11:13:32Z,2.2,375.0,0.0,0.0223721634515644,62.18359375,2.0,4.466960039116326,4.787317370156268,0.0,0.0073624768946395,97.6171875,0.0,0.0,24.25,0.0,0.0027049986646489,59.90625,2.0,15.73484905216733,4.197092802410181,0.0,0.0103501716782854,83.99609375,2.0,0.0,4.8,0.0,0.005443553443554,80.6953125,3.0,0.0,0.475,0.0,0.0022146289348121,85.8125,2.0,25.470138255770458,2.268207832352206,0.0,0.0109706042847992,51.54296875,2.0,3.000475634087568,4.824358974358974,0.0,0.0092580310007865,79.98828125,2.0,1.0668089078543803,2.649999999999997,0.0,0.0032546609301372,56.50390625,2.0,2.867048939858648,4.62308038814061,0.0,0.0042390486976215,143.19921875,2.0,0.0046428632606731,47.10546875,2.0
2026-05-29T11:13:37Z,2.2,375.0,0.0,0.0223721634515644,62.18359375,2.0,4.466960039116326,4.787317370156268,0.0,0.0076769497788477,95.62109375,0.0,0.0,24.25,0.0,0.0027049986646489,59.90625,2.0,13.934266791127706,4.234323357129084,0.0,0.0103460334989871,83.99609375,2.0,0.0,4.8,0.0,0.0054503150553647,80.6953125,3.0,0.0,0.475,0.0,0.0025607939931965,85.109375,2.0,26.603093776057012,2.3377883742570043,0.0,0.0109706042847992,51.54296875,2.0,4.133431154374124,4.875999391959825,0.0,0.0095466305655838,79.8359375,2.0,1.0668089078543803,2.649999999999997,0.0,0.003264529010482,56.50390625,2.0,2.867048939858648,4.62308038814061,0.0,0.0041237904077751,141.6875,2.0,0.0046428632606731,47.10546875,2.0
2026-05-29T11:13:42Z,3.000200013334222,399.999999999999,0.0,0.021358937700374,62.26171875,2.0,4.466960039116326,4.787317370156268,0.0,0.0076769497788477,95.62109375,0.0,0.0,24.25,0.0,0.0027049986646489,59.90625,2.0,13.934266791127706,4.234323357129084,0.0,0.0103460334989871,83.99609375,2.0,0.0666666666666666,4.8,0.0,0.0054503150553647,80.6953125,3.0,0.2000133342222814,0.475,0.0,0.0025607939931965,85.109375,2.0,30.133751406838247,2.4000576818372994,0.0,0.0115333333333335,51.2421875,2.0,4.133431154374124,4.875999391959825,0.0,0.0095466305655838,79.8359375,2.0,1.4667555674089878,2.800022223703804,0.0,0.0034189071678292,53.44921875,2.0,2.867048939858648,4.62308038814061,0.0,0.0041237904077751,141.6875,2.0,0.0046428632606731,47.10546875,2.0
2026-05-29T11:13:47Z,3.000200013334222,399.999999999999,0.0,0.021358937700374,62.26171875,2.0,7.200346753786668,4.788235301216135,0.0,0.007669120374333,95.62109375,0.0,0.4000133377781927,24.25,0.0,0.0023356795814128,59.90625,2.0,16.666151163258153,4.255177454149502,0.0,0.0109360863052925,84.88671875,2.0,0.266693336889363,4.8,0.0,0.0053282336578582,80.6953125,3.0,0.4000400044449779,4.8,0.0,0.0026616384751323,85.109375,2.0,35.53105794191664,2.256220746480692,0.0,0.0112867044882668,51.2421875,2.0,4.86634224385041,4.949020084039485,0.0,0.009382617801048,79.8359375,2.0,2.066662233185877,3.0000035558558245,0.0,0.003443608846406,53.44921875,2.0,3.399884452147635,4.618189143565798,0.0,0.0041237904077751,141.6875,2.0,0.0036338300566987,47.10546875,2.0
2026-05-29T11:13:52Z,3.000200013334222,399.999999999999,0.0,0.021358937700374,62.26171875,2.0,7.200346753786668,4.788235301216135,0.0,0.007669120374333,95.62109375,0.0,0.4000133377781927,24.25,0.0,0.0030289246649206,59.94140625,2.0,19.73348454103889,4.235826341200449,0.0,0.0109360863052925,84.88671875,2.0,0.266693336889363,4.8,0.0,0.005216667044398,80.6953125,3.0,0.4000400044449779,4.8,0.0,0.0026459434861744,85.1328125,2.0,35.26480907851465,2.2270224466839017,0.0,0.0112867044882668,51.2421875,2.0,4.600093380448415,4.9853658034199935,0.0,0.0099218611871743,79.83203125,2.0,2.066662233185877,3.0000035558558245,0.0,0.003443608846406,53.44921875,2.0,3.399884452147635,4.618189143565798,0.0,0.0041234286982822,141.6875,2.0,0.0045149441422475,47.08203125,2.0
2026-05-29T11:13:57Z,3.333555570371358,44.82142857142854,0.0,0.0239556861464817,62.39453125,2.0,7.200346753786668,4.788235301216135,0.0,0.008364873306524,96.19921875,0.0,0.4000133377781927,24.25,0.0,0.0027175320652537,59.94140625,2.0,19.73348454103889,4.235826341200449,0.0,0.0113802392607824,84.88671875,2.0,0.5334044539271903,4.799999999999999,0.0,0.005216667044398,80.6953125,3.0,0.4000400044449779,4.600004444740761,0.0,0.0026459434861744,85.1328125,2.0,41.86883607235004,2.077281215132782,0.0,0.0115766664262023,51.4296875,2.0,4.600093380448415,4.9853658034199935,0.0,0.0099218611871743,79.83203125,2.0,2.800097795556701,2.480005867162115,0.0,0.0034931481343557,53.453125,2.0,3.399884452147635,4.618189143565798,0.0,0.0041118422296591,141.7265625,2.0,0.0046504029559796,47.08203125,2.0
2026-05-29T11:14:02Z,3.333555570371358,44.82142857142854,0.0,0.0239556861464817,62.39453125,2.0,6.20018223437118,4.783539094650205,0.0,0.0074773160429079,96.19921875,0.0,0.4000133342222814,24.25,0.0,0.0030635293743691,59.94140625,2.0,19.001204524746093,4.293212669683257,0.0,0.0113802392607824,84.88671875,2.0,0.533377783704494,4.8,0.0,0.005216667044398,80.6953125,3.0,0.4000133342222814,4.699997777629619,0.0,0.0026459434861744,85.1328125,2.0,39.87089827621022,1.5654253451736595,0.0,0.0121314054610075,51.4296875,2.0,4.20041337867206,4.970786730085039,0.0,0.0100402672854471,79.83203125,2.0,2.7334888992599504,2.399975553925811,0.0,0.0025929878767818,53.453125,2.0,2.866955587855744,4.60276950030836,0.0,0.004199552676678,141.7265625,2.0,0.0046504029559796,47.08203125,2.0
2026-05-29T11:14:07Z,3.333555570371358,44.82142857142854,0.0,0.0246419583860524,63.05078125,2.0,6.20018223437118,4.783539094650205,0.0,0.0091640326121041,96.19921875,0.0,0.4000133342222814,24.25,0.0,0.0034109333302279,56.0625,2.0,19.001204524746093,4.303669724770639,0.0,0.0091206453378904,84.88671875,2.0,0.533377783704494,4.8,0.0,0.005389489120355,80.6875,3.0,0.4000133342222814,4.699997777629619,0.0,0.0025293565605017,85.1328125,2.0,41.003964907316586,1.6729007804782718,0.0,0.0121314054610075,51.4296875,2.0,5.333480009778429,4.951243889786406,0.0,0.0091479132861376,79.83203125,2.0,2.7334888992599504,2.399975553925811,0.0,0.0028690369200814,53.453125,2.0,2.866955587855744,4.60276950030836,0.0,0.004199552676678,141.7265625,2.0,0.0046504029559796,47.08203125,2.0
2026-05-29T11:14:12Z,3.466897793186212,41.62499999999997,0.0,0.0219647360150997,63.05078125,2.0,6.20018223437118,4.783539094650205,0.0,0.0104532130777903,96.93359375,0.0,0.4000133342222814,24.25,0.0,0.004256262539409,56.0625,2.0,19.001204524746093,4.303669724770639,0.0,0.0061110666666688,84.88671875,2.0,0.2666666666666666,4.799999999999999,0.0,0.005389489120355,80.6875,3.0,0.2666666666666666,4.5666666666666655,0.0,0.0027692599117276,82.28515625,2.0,37.13555125897282,1.2413648192593751,0.0,0.0135812447591544,51.921875,2.0,5.333480009778429,4.951243889786406,0.0,0.0107016780283153,79.83203125,2.0,2.133386670222459,1.833370371193432,0.0,0.0031806076682197,53.453125,2.0,2.866955587855744,4.60276950030836,0.0,0.0042603535154711,141.765625,2.0,0.004732031321971,47.33203125,2.0
2026-05-29T11:14:17Z,3.466897793186212,41.62499999999997,0.0,0.0262666255827661,63.05078125,2.0,5.667035580149787,4.780842542843695,0.0,0.0104532130777903,96.93359375,0.0,0.1333377780740938,24.25,0.0,0.004256262539409,56.0625,2.0,16.534417850078892,4.342852088799203,0.0,0.0107064699369391,85.07421875,2.0,0.1333333333333333,4.800000000000001,0.0,0.0043111894961091,80.6875,3.0,0.1333333333333333,4.6,0.0,0.0029472144300669,82.28515625,2.0,37.00224459408405,1.406349204848142,0.0,0.0135812447591544,51.921875,2.0,5.533493344000711,4.944761904761904,0.0,0.0107764426251139,79.83203125,2.0,1.5333644465186569,1.800001481541831,0.0,0.0035956527910136,53.453125,2.0,3.800253350223348,4.61999239951019,0.0,0.0042603535154711,141.765625,2.0,0.0048357651154459,47.33203125,2.0
2026-05-29T11:14:22Z,3.466897793186212,41.62499999999997,0.0,0.0217090741927608,63.05078125,2.0,5.667035580149787,4.780842542843695,0.0,0.0114665154322959,96.93359375,0.0,0.1333377780740938,24.25,0.0,0.0040627490803187,56.06640625,2.0,14.26760006222637,4.333625828851918,0.0,0.0107064699369391,85.07421875,2.0,0.1333333333333333,4.800000000000001,0.0,0.0056619766959887,80.6953125,3.0,0.1333333333333333,4.6,0.0,0.0029249973005077,82.29296875,2.0,35.46901793452897,1.220209281007488,0.0,0.0135812447591544,51.921875,2.0,4.00026668444563,4.911218700367031,0.0,0.0107764426251139,79.83203125,2.0,1.5333644465186569,1.800001481541831,0.0,0.0035956527910136,53.453125,2.0,3.800253350223348,4.61999239951019,0.0,0.0042354711529775,141.765625,2.0,0.0048357651154459,47.33203125,2.0
2026-05-29T11:14:27Z,2.3334888992599505,49.21874999999992,0.0,0.0236808825653644,63.1484375,2.0,5.667035580149787,4.780842542843695,0.0,0.0093359413106801,96.93359375,0.0,0.1333377780740938,24.25,0.0,0.0040627490803187,56.06640625,2.0,14.26760006222637,4.333625828851918,0.0,0.010577651837159,85.36328125,2.0,0.1333377780740938,4.8,0.0,0.0056619766959887,80.6953125,3.0,0.1333377780740938,4.571428571428571,0.0,0.0029249973005077,82.29296875,2.0,27.53445340800498,1.306769840673407,0.0,0.0122882001328296,51.8203125,2.0,4.00026668444563,4.911218700367031,0.0,0.010963341330648,79.83203125,2.0,1.000084453630716,1.8999314771423796,0.0,0.0035956527910136,53.453125,2.0,3.800253350223348,4.61999239951019,0.0,0.0041331031609022,141.91015625,2.0,0.0047124436090223,47.3828125,2.0
2026-05-29T11:14:32Z,2.3334888992599505,49.21874999999992,0.0,0.023832740054178,63.1484375,2.0,5.000151121185857,4.7823532729335065,0.0,0.0104769080807096,96.96484375,0.0,0.2666755561481876,24.25,0.0,0.0040081243049548,56.06640625,2.0,17.401124519412402,4.300465861042925,0.0,0.0098526018365892,85.36328125,2.0,0.2000044447407604,4.799999999999999,0.0,0.005746623517527,80.69921875,3.0,0.2000044447407604,4.533321480954708,0.0,0.0029249973005077,82.29296875,2.0,23.66751561215192,1.0683578059071814,0.0,0.0122882001328296,51.8203125,2.0,3.266884458963931,4.8578680203045685,0.0,0.0090519741308273,79.83203125,2.0,1.2000888983714766,0.491764863669305,0.0,0.0029281190421375,53.453125,2.0,2.933431117630064,4.632911392405063,0.0,0.0041331031609022,141.91015625,2.0,0.0046647864151824,47.3828125,2.0
2026-05-29T11:14:37Z,2.3334888992599505,49.21874999999992,0.0,0.023832740054178,63.1484375,2.0,5.000151121185857,4.7823532729335065,0.0,0.0107554245685973,96.96484375,0.0,0.2666755561481876,24.25,0.0,0.0037948341888698,56.09375,2.0,17.53394226281752,4.297228228142624,0.0,0.0103331605907791,85.98828125,2.0,0.2000044447407604,4.799999999999999,0.0,0.0059942886431863,80.69921875,3.0,0.2000044447407604,4.533321480954708,0.0,0.0030507050079879,82.15625,2.0,23.867408938373668,1.2843107282337165,0.0,0.0122882001328296,51.8203125,2.0,3.4667777851856787,4.903259417863438,0.0,0.010965163842316,79.8046875,2.0,1.2000888983714766,0.491764863669305,0.0,0.0036042487125112,53.45703125,2.0,2.933431117630064,4.632911392405063,0.0,0.0041562285748355,141.91015625,2.0,0.004859537995192,47.296875,2.0
2026-05-29T11:14:42Z,2.533333333333333,399.999999999999,0.0,0.0227834041015435,63.4375,2.0,5.000151121185857,4.7823532729335065,0.0,0.0107554245685973,96.96484375,0.0,0.2666755561481876,24.25,0.0,0.0037948341888698,56.09375,2.0,17.53394226281752,4.297228228142624,0.0,0.0103331605907791,85.98828125,2.0,0.2000044447407604,4.8,0.0,0.0059942886431863,80.69921875,3.0,0.2,4.657140136002591,0.0,0.0030507050079879,82.15625,2.0,28.067408938373667,1.9408376943749897,0.0,0.0121588108625417,51.8203125,2.0,3.4667777851856787,4.903259417863438,0.0,0.010965163842316,79.8046875,2.0,1.600035557926084,0.4996757217029692,0.0,0.0035829584609497,53.45703125,2.0,2.933431117630064,4.632911392405063,0.0,0.0041562285748355,141.91015625,2.0,0.004859537995192,47.296875,2.0
2026-05-29T11:14:47Z,2.533333333333333,399.999999999999,0.0,0.0227834041015435,63.4375,2.0,4.667031221945565,4.822964859381926,0.0,0.0096456722276741,96.76953125,0.0,0.0666800026672001,24.25,0.0,0.0037948341888698,56.09375,2.0,14.199613366221453,4.256078579982978,0.0,0.0072565288743903,85.98828125,2.0,0.1333511140746272,4.799999999999999,0.0,0.0060028437341898,80.69921875,3.0,0.1333466693338667,4.550008333611121,0.0,0.0030414109359748,82.08203125,2.0,28.13257783170082,2.6368414034619816,0.0,0.0127364727681291,52.08984375,2.0,3.666542230517965,5.041666666666673,0.0,0.010965163842316,79.8046875,2.0,1.3333333404453929,1.5499613870909577,0.0,0.0035829584609497,53.45703125,2.0,3.3332222296291363,4.646341463414634,0.0,0.0042263945248624,141.9296875,2.0,0.004859537995192,47.296875,2.0
2026-05-29T11:14:52Z,2.533333333333333,399.999999999999,0.0,0.0233240403969059,62.92578125,2.0,4.667031221945565,4.822964859381926,0.0,0.0096456722276741,96.76953125,0.0,0.0666800026672001,24.25,0.0,0.0034672991262636,56.10546875,2.0,11.667346912930794,4.310866325759521,0.0,0.0072606522501553,86.2265625,2.0,0.1333511140746272,4.799999999999999,0.0,0.0061201773730769,80.69921875,3.0,0.1333466693338667,4.550008333611121,0.0,0.0024755463328217,82.08203125,2.0,28.59954676089138,2.5690991902138705,0.0,0.0127364727681291,52.08984375,2.0,4.133511159708524,5.458317591892978,0.0,0.0111262699564586,79.734375,2.0,1.3333333404453929,1.5499613870909577,0.0,0.0029470629554302,53.45703125,2.0,3.3332222296291363,4.646341463414634,0.0,0.0042263945248624,141.9296875,2.0,0.0040362976877111,47.30078125,2.0
2026-05-29T11:14:57Z,2.7336978263768503,749.99999999999,0.0,0.0223175857615125,62.92578125,2.0,4.667031221945565,4.822964859381926,0.0,0.0081574143849953,96.76953125,0.0,0.0666800026672001,24.25,0.0,0.0034672991262636,56.10546875,2.0,11.667346912930794,4.310866325759521,0.0,0.0080722731384041,86.2265625,2.0,0.2000311161489976,4.8,0.0,0.0061201773730769,80.69921875,3.0,0.2667200106688004,4.649997499791649,0.0,0.0029614061408728,82.08203125,2.0,30.669574099692472,2.7799750128592478,0.0,0.0123808653766277,52.26171875,2.0,4.133511159708524,5.458317591892978,0.0,0.0111262699564586,79.734375,2.0,1.2667644645952794,2.099938329175647,0.0,0.0026503173879167,53.45703125,2.0,3.3332222296291363,4.646341463414634,0.0,0.0041464893231996,141.9296875,2.0,0.0047988638069974,47.30078125,2.0
2026-05-29T11:15:02Z,2.7336978263768503,749.99999999999,0.0,0.0223175857615125,62.92578125,2.0,7.000591344353458,4.823149188074519,0.0,0.0084705655873407,97.80078125,0.0,0.6000889125989153,24.25,0.0,0.0034672991262636,56.10546875,2.0,16.070276447038317,4.28400006533774,0.0,0.0097394506589856,86.2265625,2.0,0.4000177801484642,4.8,0.0,0.0051318197288031,80.69921875,3.0,0.466706674668267,4.724998541541077,0.0,0.0025364032290167,82.08203125,2.0,35.9412462902198,2.601954148455118,0.0,0.0123808653766277,52.26171875,2.0,4.667609099902749,5.50000833398153,0.0,0.0110269708209181,79.8125,2.0,1.933608949347717,0.4979839863072621,0.0,0.003545199613468,53.31640625,2.0,3.467360154111061,4.648107333523496,0.0,0.0033884419667633,141.9296875,2.0,0.0047988638069974,47.30078125,2.0
2026-05-29T11:15:07Z,2.7336978263768503,749.99999999999,0.0,0.0204682445426832,62.9765625,2.0,7.000591344353458,4.823149188074519,0.0,0.0084705655873407,97.80078125,0.0,0.6000889125989153,24.25,0.0,0.0039104312983968,56.1171875,2.0,21.46849405914061,4.253149871529024,0.0,0.0103820661282937,86.6875,2.0,0.4000177801484642,4.8,0.0,0.0063018888963223,80.57421875,3.0,0.466706674668267,4.724998541541077,0.0,0.0022896193839439,82.08203125,2.0,35.474397369029774,2.6400116410862613,0.0,0.0123808653766277,52.26171875,2.0,4.200760178712724,6.714281292166037,0.0,0.0110269708209181,79.8125,2.0,1.933608949347717,0.4979839863072621,0.0,0.0036626787910953,53.31640625,2.0,3.467360154111061,4.648107333523496,0.0,0.00304290118983,141.9296875,2.0,0.0038240279453149,47.30078125,2.0
2026-05-29T11:15:12Z,3.0,78.74999999999973,0.0,0.0242796026049331,62.9765625,2.0,7.000591344353458,4.823149188074519,0.0,0.0081842311183448,97.80078125,0.0,0.6000889125989153,24.25,0.0,0.0039104312983968,56.1171875,2.0,21.46849405914061,4.253149871529024,0.0,0.0103820661282937,86.6875,2.0,0.4666666666666667,4.8,0.0,0.0063018888963223,80.57421875,3.0,0.4,4.675,0.0,0.0020723747128239,82.08203125,2.0,33.80437003022868,2.6854650604843737,0.0,0.0118338893705641,52.26171875,2.0,4.200760178712724,6.714281292166037,0.0,0.0110269708209181,79.8125,2.0,2.266844491864497,1.400015556938386,0.0,0.0036626787910953,53.31640625,2.0,3.467360154111061,4.648107333523496,0.0,0.0028235487249261,141.9296875,2.0,0.0050870680616598,47.05078125,2.0
2026-05-29T11:15:17Z,3.0,78.74999999999973,0.0,0.0242796026049331,62.9765625,2.0,3.4667866746672003,4.839449460848432,0.0,0.0081842311183448,97.80078125,0.0,0.0,24.25,0.0,0.0039104312983968,56.1171875,2.0,16.19928449214497,4.282763793167144,0.0,0.0104580566703147,86.6875,2.0,0.2,4.8,0.0,0.0063018888963223,80.57421875,3.0,0.1333333333333333,4.63333950663012,0.0,0.0028800818106389,81.95703125,2.0,25.000120008000533,2.964798933214799,0.0,0.0129025969820621,52.328125,2.0,3.1334533413338663,7.6562500000000036,0.0,0.0091280358087744,79.8125,2.0,1.4666666666666668,2.239989687153554,0.0,0.0033871046765142,53.3203125,2.0,2.400080005333689,4.645,0.0,0.0044633924116536,142.40234375,2.0,0.0050870680616598,47.05078125,2.0
2026-05-29T11:15:22Z,3.0,78.74999999999973,0.0,0.0238828444475891,61.4453125,2.0,3.4667866746672003,4.839449460848432,0.0,0.007783348448405,97.484375,0.0,0.0,24.25,0.0,0.0034667894720372,56.1171875,2.0,13.334382362092724,4.329698664806993,0.0,0.0088277327858849,86.6875,2.0,0.2,4.8,0.0,0.005963107892773,80.578125,3.0,0.1333333333333333,4.63333950663012,0.0,0.0028453348484475,81.95703125,2.0,25.2,2.8749988887654148,0.0,0.0129025969820621,52.328125,2.0,3.333333333333333,5.099999999999978,0.0,0.0103407331840056,79.8203125,2.0,1.4666666666666668,2.239989687153554,0.0,0.0033871046765142,53.3203125,2.0,2.400080005333689,4.645,0.0,0.0044633924116536,142.40234375,2.0,0.0050870680616598,47.05078125,2.0
2026-05-29T11:15:27Z,2.600173344889659,49.46428571428569,0.0,0.0236009361206744,61.4453125,2.0,3.4667866746672003,4.839449460848432,0.0,0.007783348448405,97.484375,0.0,0.0,24.25,0.0,0.0038761065722388,56.26171875,2.0,13.334382362092724,4.329698664806993,0.0,0.0097653367560041,86.74609375,2.0,0.1333422228148543,4.8,0.0,0.005963107892773,80.578125,3.0,0.2000133342222814,4.520006222775358,0.0,0.0028453348484475,81.95703125,2.0,24.200942285041226,2.5256897949847588,0.0,0.0103082126792963,52.38671875,2.0,3.333333333333333,5.099999999999978,0.0,0.0103407331840056,79.8203125,2.0,1.2667244482965532,1.4499777753083642,0.0,0.0033871046765142,53.3203125,2.0,2.400080005333689,4.645,0.0,0.0045110424761712,142.40234375,2.0,0.0049059539330727,47.05078125,2.0
2026-05-29T11:15:32Z,2.600173344889659,49.46428571428569,0.0,0.0236009361206744,61.4453125,2.0,6.8666711416296495,4.799194246620859,0.0,0.0080552880481513,97.484375,0.0,0.3999733351109926,24.25,0.0,0.0038761065722388,56.26171875,2.0,17.93371129571937,4.302343707187889,0.0,0.0097653367560041,86.74609375,2.0,0.3333288903703506,4.8,0.0,0.0059330103223079,80.578125,3.0,0.4000000017777778,4.624988332296203,0.0,0.0028453348484475,81.95703125,2.0,33.066480138073246,1.766269611998299,0.0,0.012275294529629,52.38671875,2.0,4.466502233184455,4.904395604395605,0.0,0.0103407331840056,79.8203125,2.0,2.1333066761480297,0.4930378596699589,0.0,0.0033871046765142,53.3203125,2.0,3.333333348148148,4.640503053712138,0.0,0.0045110424761712,142.40234375,2.0,0.0049059539330727,47.05078125,2.0
2026-05-29T11:15:37Z,2.600173344889659,49.46428571428569,0.0,0.0232059540205514,62.33203125,2.0,6.8666711416296495,4.799194246620859,0.0,0.0079900845382002,99.33984375,0.0,0.3999733351109926,24.25,0.0,0.0040896360181257,56.26171875,2.0,18.33266226695998,4.231589725857198,0.0,0.0106688661906066,86.74609375,2.0,0.3333288903703506,4.8,0.0,0.0057962449463406,80.57421875,3.0,0.4000000017777778,4.624988332296203,0.0,0.0027550911854097,81.95703125,2.0,33.066480138073246,1.8044087557013888,0.0,0.0120177915335465,52.34375,2.0,4.466502233184455,4.904972752035233,0.0,0.008034166014109,79.8203125,2.0,2.1333066761480297,0.4930378596699589,0.0,0.0018250666666659,53.3203125,2.0,3.333333348148148,4.640503053712138,0.0,0.0045110424761712,142.40234375,2.0,0.004985820610126,47.05078125,2.0
2026-05-29T11:15:42Z,2.8001866791119405,189.9999999999994,0.0,0.0226322958077316,62.33203125,2.0,6.8666711416296495,4.799194246620859,0.0,0.0079900845382002,99.33984375,0.0,0.3999733351109926,24.25,0.0,0.0038411794531767,56.61328125,2.0,18.33266226695998,4.231589725857198,0.0,0.0100044231627659,86.91796875,2.0,0.266653334222163,4.799999999999999,0.0,0.0057962449463406,80.57421875,3.0,0.266648890073995,4.650003333333334,0.0,0.0027657348494681,81.890625,2.0,32.533111246813824,1.7348994987351862,0.0,0.0120177915335465,52.34375,2.0,4.466502233184455,4.904972752035233,0.0,0.009982515909238,79.82421875,2.0,1.9332488945181432,0.4930379679178984,0.0,0.003438206709653,53.328125,2.0,3.333333348148148,4.640503053712138,0.0,0.0045110424761712,142.40234375,2.0,0.0049573106713415,47.01171875,2.0
2026-05-29T11:15:47Z,2.8001866791119405,189.9999999999994,0.0,0.0226322958077316,62.33203125,2.0,4.400595636751922,4.802713873395613,0.0,0.0074405841615716,99.33984375,0.0,0.1333555594080989,24.25,0.0,0.0038411794531767,56.61328125,2.0,15.600991245944437,4.21139833403844,0.0,0.0100044231627659,86.91796875,2.0,0.1333466693338667,4.8,0.0,0.004413264453477,80.57421875,3.0,0.1333422251856988,4.500026666666667,0.0,0.0027758889412445,81.890625,2.0,26.33568025425245,1.8833027852113504,0.0,0.0113602223104415,52.34375,2.0,3.66688891852247,4.935714285714285,0.0,0.009982515909238,79.82421875,2.0,1.133404455705561,0.4953574595498486,0.0,0.003438206709653,53.328125,2.0,3.133546695114904,4.630552103762444,0.0,0.004253262602923,141.76171875,2.0,0.0049573106713415,47.01171875,2.0
2026-05-29T11:15:52Z,2.8001866791119405,189.9999999999994,0.0,0.0208631851631097,61.27734375,2.0,4.400595636751922,4.802713873395613,0.0,0.0074405841615716,99.33984375,0.0,0.1333555594080989,24.25,0.0,0.003355164422865,56.61328125,2.0,13.135098015735965,4.256826609355513,0.0,0.0091108274059235,86.91796875,2.0,0.1333466693338667,4.8,0.0,0.004174286434808,80.57421875,3.0,0.1333422251856988,4.500026666666667,0.0,0.0027758889412445,81.890625,2.0,25.86932031559805,1.9720795647494191,0.0,0.0090229512385874,52.34375,2.0,3.2005289798680723,4.941613877333661,0.0,0.0098175946296609,79.82421875,2.0,1.133404455705561,0.4953574595498486,0.0,0.003438206709653,53.328125,2.0,3.133546695114904,4.630552103762444,0.0,0.004253262602923,141.76171875,2.0,0.0048343922739689,47.01171875,2.0
2026-05-29T11:15:57Z,2.133475565037669,1049.999999999999,0.0,0.0208631851631097,61.27734375,2.0,4.400595636751922,4.802713873395613,0.0,0.0073063168449197,99.27734375,0.0,0.1333555594080989,24.25,0.0,0.003355164422865,56.61328125,2.0,13.135098015735965,4.256826609355513,0.0,0.0089895175626797,86.97265625,2.0,0.2000400080016003,4.8,0.0,0.0057043739706611,80.38671875,3.0,0.1333600053344002,4.60000444474076,0.0,0.0027758889412445,81.890625,2.0,26.47030717429435,1.904801507359304,0.0,0.0094747832889535,52.3515625,2.0,3.2005289798680723,4.941613877333661,0.0,0.0099286148007588,79.828125,2.0,1.2668978210452957,0.4893938376136755,0.0,0.003438206709653,53.328125,2.0,3.133546695114904,4.630552103762444,0.0,0.004253262602923,141.76171875,2.0,0.0048524408284022,47.0234375,2.0
2026-05-29T11:16:02Z,2.133475565037669,1049.999999999999,0.0,0.0208631851631097,61.27734375,2.0,5.533635595857226,4.787610603631336,0.0,0.0074161274691446,99.27734375,0.0,0.4000266702226963,24.25,0.0,0.0033996215314862,55.765625,2.0,14.268506912032716,4.248975037318393,0.0,0.0089895175626797,86.97265625,2.0,0.2666933386677335,4.800000000000001,0.0,0.0057043739706611,80.38671875,3.0,0.2666800026672001,16.74993332888858,0.0,0.0029707558422054,82.3046875,2.0,27.00366717607201,1.5432105757768757,0.0,0.0110574051103926,52.3515625,2.0,3.267204536608971,4.893251533742332,0.0,0.0101732223690514,79.828125,2.0,1.7335733760078238,0.4817855182434025,0.0,0.0034279128648548,53.33203125,2.0,2.8671467502372767,4.632428859356093,0.0,0.0041645213555968,141.73828125,2.0,0.0048524408284022,47.0234375,2.0
2026-05-29T11:16:07Z,2.133475565037669,1049.999999999999,0.0,0.0216160944112399,61.26953125,2.0,5.533635595857226,4.787610603631336,0.0,0.007373008454332,98.515625,0.0,0.4000266702226963,24.25,0.0,0.0034186794549392,55.765625,2.0,19.401795746392573,4.2130001835637945,0.0,0.0103916598341987,90.0078125,2.0,0.2666933386677335,4.800000000000001,0.0,0.0059678237650204,80.38671875,3.0,0.2666800026672001,16.74993332888858,0.0,0.0029707558422054,82.3046875,2.0,27.20336044805974,1.844414269524038,0.0,0.0110232190777062,52.3671875,2.0,3.466897808596702,4.893827160493827,0.0,0.0101099670682393,79.83984375,2.0,1.7335733760078238,0.4817855182434025,0.0,0.0034279128648548,53.33203125,2.0,2.8671467502372767,4.632428859356093,0.0,0.0041645213555968,141.73828125,2.0,0.0048524408284022,47.0234375,2.0
2026-05-29T11:16:12Z,3.333333333333333,49.06249999999994,0.0080645161290322,0.0216160944112399,61.26953125,2.0,5.533635595857226,4.787610603631336,0.0,0.007373008454332,98.515625,0.0,0.4000266702226963,24.25,0.0,0.0034186794549392,55.765625,2.0,19.401795746392573,4.2130001835637945,0.0,0.0103916598341987,90.0078125,2.0,0.3333333333333333,4.8,0.0,0.0059678237650204,80.38671875,3.0,0.4666666666666667,15.249999999999975,0.0,0.0029707558422054,82.3046875,2.0,27.8014668622483,1.901235500727327,0.0,0.0110232190777062,52.3671875,2.0,3.466897808596702,4.893827160493827,0.0,0.0101099670682393,79.83984375,2.0,1.7333600142234076,0.4817856604276759,0.0,0.0034279128648548,53.33203125,2.0,2.8671467502372767,4.632428859356093,0.0,0.0041531306024425,141.609375,2.0,0.0048918710290357,47.0234375,2.0
2026-05-29T11:16:17Z,3.333333333333333,49.06249999999994,0.0080645161290322,0.0216160944112399,61.26953125,2.0,5.400200013334222,4.790867685558235,0.0,0.007373008454332,98.515625,0.0,0.4000133342222814,24.25,0.0,0.0038142642924088,55.82421875,2.0,20.0007644954108,4.225257936423308,0.0,0.0103916598341987,90.0078125,2.0,0.4000133342222814,4.8,0.0,0.0048064355284827,80.38671875,3.0,0.4666800008889482,15.250200008889257,0.0,0.0021763784160903,82.40625,2.0,28.400022223703804,2.2643840977318384,0.0,0.0107360550105772,52.3671875,2.0,3.533333333333333,4.898701327188746,0.0,0.0101099670682393,79.83984375,2.0,1.5333066719998816,0.4900797161571436,0.0,0.002403528422799,53.33203125,2.0,3.5332133413328,4.613341069004118,0.0,0.0027315648690681,141.609375,2.0,0.0048184202285889,47.28125,2.0
2026-05-29T11:16:22Z,3.333333333333333,49.06249999999994,0.0080645161290322,0.021346823467579,61.26953125,2.0,5.400200013334222,4.790867685558235,0.0,0.0071885724512852,98.5703125,0.0,0.4000133342222814,24.25,0.0,0.0038142642924088,55.82421875,2.0,17.13336889125942,4.2689700390153815,0.0,0.010294347226256,90.390625,2.0,0.4000133342222814,4.8,0.0,0.0047691441009562,80.38671875,3.0,0.4666800008889482,15.250200008889257,0.0,0.0024235845879108,82.40625,2.0,28.666822232593283,2.262097178991679,0.0,0.0089075259080257,52.3671875,2.0,3.800133342222815,4.898064516129032,0.0,0.0088318691508926,79.828125,2.0,1.5333066719998816,0.4900797161571436,0.0,0.0026755392445708,53.33203125,2.0,3.5332133413328,4.613341069004118,0.0,0.0030686307281946,141.609375,2.0,0.0048184202285889,47.28125,2.0
2026-05-29T11:16:27Z,2.6003467128950524,34.374999999999936,0.0082644628099173,0.0214320626777211,61.50390625,2.0,5.400200013334222,4.790867685558235,0.0,0.0071885724512852,98.5703125,0.0,0.4000133342222814,24.25,0.0,0.0040358629434629,55.82421875,2.0,17.13336889125942,4.2689700390153815,0.0,0.0109796106793864,90.390625,2.0,0.2666844456297086,4.8,0.0,0.0058344154632641,80.390625,3.0,0.2666844456297086,14.499999999999996,0.0,0.0029664740618458,82.40625,2.0,26.86768895704158,2.301150365555505,0.0,0.0081170104975749,52.3671875,2.0,3.800133342222815,4.898064516129032,0.0,0.0102565957757799,79.828125,2.0,1.6667555614818763,0.4893941138796794,0.0,0.0032641298612618,53.33203125,2.0,3.5332133413328,4.613341069004118,0.0,0.0031876704401098,141.4921875,2.0,0.0046938072634947,47.03125,2.0
2026-05-29T11:16:32Z,2.6003467128950524,34.374999999999936,0.0082644628099173,0.0214320626777211,61.50390625,2.0,4.53348889925995,4.790783604577986,0.0,0.0071885724512852,98.5703125,0.0,0.0,24.25,0.0,0.0040358629434629,55.82421875,2.0,14.533764473187102,4.28457698681528,0.0,0.0095488759111067,90.390625,2.0,0.0666711114074271,4.800000000000001,0.0,0.0058344154632641,80.390625,3.0,0.0666711114074271,15.249649968886136,0.0,0.0023844271302945,82.40625,2.0,27.801853456897124,2.2292262002708307,0.0,0.0111232795509693,52.1796875,2.0,4.0669377958530575,4.84662629451131,0.0,0.0102565957757799,79.828125,2.0,1.8001200080005333,0.4956520009752292,0.0,0.0026737439731471,53.33203125,2.0,2.466911138077294,4.61142462368913,0.0,0.0038054289821876,141.4921875,2.0,0.0046938072634947,47.03125,2.0
2026-05-29T11:16:37Z,2.6003467128950524,34.374999999999936,0.0082644628099173,0.0229253899076235,61.50390625,2.0,4.53348889925995,4.790783604577986,0.0,0.004615375,98.5703125,0.0,0.0,24.25,0.0,0.0035965230334721,55.83984375,2.0,12.533764473187102,4.299018537033582,0.0,0.0086339083544911,90.390625,2.0,0.0666711114074271,4.800000000000001,0.0,0.0055003646973017,80.390625,3.0,0.0666711114074271,15.249649968886136,0.0,0.002137220958474,82.40625,2.0,27.535169011267417,2.1863533075441683,0.0,0.011475881929446,52.1796875,2.0,3.800253350223348,4.8,0.0,0.0102554852580926,79.83203125,2.0,1.8001200080005333,0.4956520009752292,0.0,0.0024017331513753,53.33203125,2.0,2.466911138077294,4.61142462368913,0.0,0.0038054289821876,141.4921875,2.0,0.0046938072634947,47.03125,2.0
2026-05-29T11:16:42Z,2.4,33.75000000000003,0.008,0.0229253899076235,61.50390625,2.0,4.53348889925995,4.790783604577986,0.0,0.0071090087672213,98.0234375,0.0,0.0,24.25,0.0,0.0036464268503558,55.83984375,2.0,12.533764473187102,4.299018537033582,0.0,0.0071974000000011,90.390625,2.0,0.0666711114074271,4.8,0.0,0.0055003646973017,80.390625,3.0,0.0666711114074271,15.999899995555362,0.0,0.0011841333333336,82.40625,2.0,26.734302286819123,2.16981253159086,0.0,0.011475881929446,52.1796875,2.0,3.800253350223348,4.8,0.0,0.0102985543205802,79.83203125,2.0,1.4667644509633977,0.4953574487687612,0.0,0.0035220910930711,53.0859375,2.0,2.466911138077294,4.61142462368913,0.0,0.0039547664923384,141.453125,2.0,0.0037339316016331,47.03125,2.0
2026-05-29T11:16:47Z,2.4,33.75000000000003,0.008,0.021779423927503,61.296875,2.0,4.600466719117453,4.78862545943864,0.0,0.0071090087672213,98.0234375,0.0,0.1333422228148543,24.25,0.0,0.0036464268503558,55.83984375,2.0,13.2671466986688,4.273579572310625,0.0,0.0105438160348047,91.01171875,2.0,0.1333422228148543,4.8,0.0,0.005347901378877,80.390625,3.0,0.1333422228148543,7.5,0.0,0.0026236229830413,82.15234375,2.0,24.000786719114608,2.190725572429333,0.0,0.0111822670716179,52.44140625,2.0,3.266884458963931,4.9888198757763975,0.0,0.0102985543205802,79.83203125,2.0,1.2000800053336889,0.4959561357497561,0.0,0.0035220910930711,53.0859375,2.0,2.866662234962943,4.722396160517945,0.0,0.0039511082777555,141.453125,2.0,0.0045605935522106,47.35546875,2.0
2026-05-29T11:16:52Z,2.4,33.75000000000003,0.008,0.020596634344054,61.296875,2.0,4.600466719117453,4.78862545943864,0.0,0.0071090087672213,98.0234375,0.0,0.1333422228148543,24.25,0.0,0.0034348407047547,56.03125,2.0,15.268222397650886,4.270212765957446,0.0,0.0105438160348047,91.01171875,2.0,0.1333422228148543,4.8,0.0,0.005347901378877,80.390625,3.0,0.1333422228148543,7.5,0.0,0.0026236229830413,82.15234375,2.0,24.267471164744315,2.236821329745888,0.0,0.0111822670716179,52.44140625,2.0,3.53356890459364,74.53128711138521,0.0,0.065109320957154,84.6796875,2.0,1.2000800053336889,0.4959561357497561,0.0,0.0035220910930711,53.0859375,2.0,2.866662234962943,4.722396160517945,0.0,0.0038428337854408,141.36328125,2.0,0.0045605935522106,47.35546875,2.0
2026-05-29T11:16:57Z,2.600173344889659,649.999999999997,0.0,0.020596634344054,61.296875,2.0,4.600466719117453,4.78862545943864,0.0,0.0066145716348467,97.33203125,0.0,0.1333422228148543,24.25,0.0,0.0034348407047547,56.03125,2.0,15.268222397650886,4.270212765957446,0.0,0.0090923835616431,91.01171875,2.0,0.1333377780740938,4.8,0.0,0.003236281905744,80.39453125,3.0,0.2000133342222814,4.679997866533917,0.0,0.0026236229830413,82.15234375,2.0,26.335089005933728,2.3217500972885503,0.0,0.0112679243337979,52.44140625,2.0,3.53356890459364,74.53128711138521,0.0,0.0805836364868849,84.6796875,2.0,1.5334977970394277,0.4956516683844369,0.0,0.0035220910930711,53.0859375,2.0,2.866662234962943,4.722396160517945,0.0,0.0038428337854408,141.36328125,2.0,0.0037387917559974,47.109375,2.0
2026-05-29T11:17:02Z,2.600173344889659,649.999999999997,0.0,0.0209027918877233,61.9140625,2.0,5.333333333333334,4.789108903702086,0.0,0.0066145716348467,97.33203125,0.0,0.2666666666666666,24.25,0.0,0.0028091469836011,56.03125,2.0,15.801075698982086,4.304761976430041,0.0,0.0090923835616431,91.01171875,2.0,0.2,4.8,0.0,0.0036659528969474,80.39453125,3.0,0.2666755561481876,4.649994999722207,0.0,0.0025222240581621,82.08203125,2.0,28.867751183412228,2.389483657135816,0.0,0.0112679243337979,52.44140625,2.0,4.000133342222815,83.49995199718381,0.0,0.0805836364868849,84.6796875,2.0,2.00012446103925,1.9599242601428293,0.0,0.0036062524591336,53.0859375,2.0,2.6001689114104103,4.750815899901706,0.0,0.0037393059743444,141.36328125,2.0,0.0044143605969023,47.109375,2.0
2026-05-29T11:17:07Z,2.600173344889659,649.999999999997,0.0,0.0169947719711114,61.9140625,2.0,5.333333333333334,4.789108903702086,0.0,0.006387830068143,97.33203125,0.0,0.2666666666666666,24.25,0.0,0.0033179233318329,56.63671875,2.0,15.2,4.309189263470543,0.0,0.0087304107424953,91.01171875,2.0,0.2,4.8,0.0,0.0040956238881508,80.39453125,3.0,0.2666755561481876,4.649994999722207,0.0,0.0025222240581621,82.08203125,2.0,28.867484516744376,2.7137475883578963,0.0,0.0057395666666669,52.44140625,2.0,3.999866675554963,87.42646482102658,0.0,0.1318002713764566,84.8359375,2.0,2.00012446103925,1.9599242601428293,0.0,0.0036062524591336,53.0859375,2.0,2.6001689114104103,4.750815899901706,0.0,0.0036507288846021,141.328125,2.0,0.0044143605969023,47.109375,2.0
2026-05-29T11:17:12Z,2.933333333333333,574.999999999992,0.0,0.0205095025069856,61.9140625,2.0,5.333333333333334,4.789108903702086,0.0,0.0065381345478698,97.37109375,0.0,0.2666666666666666,24.25,0.0,0.0033179233318329,56.63671875,2.0,15.2,4.309189263470543,0.0,0.0063532654041595,91.01171875,2.0,0.3333466675556148,4.8,0.0,0.0052492908575164,80.265625,3.0,0.2666666666666666,4.5333274071440215,0.0,0.0025222240581621,82.08203125,2.0,31.066533342221632,2.7819884520825475,0.0,0.0070039604761908,52.44140625,2.0,3.999866675554963,87.42646482102658,0.0,0.1318002713764566,84.8359375,2.0,2.199924449481146,2.433328271473705,0.0,0.0025861938989638,53.0859375,2.0,2.6001689114104103,4.750815899901706,0.0,0.0037680362420655,141.328125,2.0,0.0044191783741538,47.1171875,2.0
2026-05-29T11:17:17Z,2.933333333333333,574.999999999992,0.0,0.0224266610190017,61.625,2.0,6.467542369509082,4.787499585780806,0.0,0.0065381345478698,97.37109375,0.0,0.2667022281492545,24.25,0.0,0.0030634140783047,55.97265625,2.0,17.534057836746804,4.336841988853457,0.0,0.0091915275212072,91.9375,2.0,0.3333733395566817,4.8,0.0,0.0052492908575164,80.265625,3.0,0.2666933386677335,4.640007111427174,0.0,0.0016985143897157,82.08203125,2.0,33.934266753783824,2.886448626167182,0.0,0.0116397414836589,52.1875,2.0,4.333355574814913,90.00001938045591,0.0,0.1318002713764566,84.8359375,2.0,2.133360018964978,2.7428587756449696,0.0,0.0034517220466658,53.078125,2.0,3.4667866746672003,4.748574869925392,0.0,0.0037680362420655,141.328125,2.0,0.004420422658716,47.1171875,2.0
2026-05-29T11:17:22Z,2.933333333333333,575.000000000012,0.0,0.0224266610190017,61.625,2.0,6.467542369509082,4.787499585780806,0.0,0.0063378228394876,97.37109375,0.0,0.2667022281492545,24.25,0.0,0.0035878711425699,55.97265625,2.0,20.069391570160157,4.285974285379108,0.0,0.0095751223839396,91.9375,2.0,0.3333733395566817,4.8,0.0,0.0052492908575164,80.265625,3.0,0.2666933386677335,4.640007111427174,0.0,0.0019309828392497,82.13671875,2.0,33.801564655449454,3.0254405826783937,0.0,0.0116397414836589,52.1875,2.0,4.200653476480543,92.17593983477116,0.0,0.1991951791323348,84.8359375,2.0,2.133360018964978,2.7428587756449696,0.0,0.0034517220466658,53.078125,2.0,3.4667866746672003,4.748574869925392,0.0,0.0036914590371619,141.35546875,2.0,0.0042815069569316,47.1171875,2.0
2026-05-29T11:17:27Z,3.3342224593224854,699.999999999999,0.0,0.0201185846467177,61.625,2.0,6.467542369509082,4.787499585780806,0.0,0.0063378228394876,97.37109375,0.0,0.2667022281492545,24.25,0.0,0.0035878711425699,55.97265625,2.0,20.069391570160157,4.285974285379108,0.0,0.0095751223839396,91.9375,2.0,0.2667111188161978,4.8,0.0,0.0051381459655486,80.26171875,3.0,0.2667111188161978,4.560005333688912,0.0,0.0023780088740991,82.13671875,2.0,33.60481863957961,2.9450272639272272,0.0,0.0122289245305626,51.92578125,2.0,4.200653476480543,92.17593983477116,0.0,0.1991951791323348,84.8359375,2.0,1.8668844737821837,2.628554012662656,0.0,0.0034517220466658,53.078125,2.0,3.4667866746672003,4.748574869925392,0.0,0.0034684848764295,141.35546875,2.0,0.0034809886219701,47.1171875,2.0
2026-05-29T11:17:32Z,3.3342224593224854,699.999999999999,0.0,0.0204941936909425,61.625,2.0,6.2001956213393,4.785714468390459,0.0,0.0066700108961575,97.34765625,0.0,0.2666933362966519,24.25,0.0,0.0030405115008446,55.97265625,2.0,20.936756142919645,4.322796883462265,0.0,0.0095751223839396,91.9375,2.0,0.2666933362966519,4.8,0.0,0.0051381459655486,80.26171875,3.0,0.2666933362966519,4.600004444740761,0.0,0.0023780088740991,82.13671875,2.0,32.93903215249612,3.011105385349176,0.0,0.0128764218375245,51.92578125,2.0,4.000782392929353,92.85714184925304,0.0,0.1991951791323348,84.8359375,2.0,1.8668978074112796,2.485714648557178,0.0,0.0034517220466658,53.078125,2.0,3.60060010401867,4.613505560367559,0.0,0.0034684848764295,141.35546875,2.0,0.004153194724837,47.1171875,2.0
2026-05-29T11:17:37Z,3.3342224593224854,699.999999999999,0.0,0.0233238859144586,61.15625,2.0,6.2001956213393,4.785714468390459,0.0,0.0066700108961575,97.34765625,0.0,0.2666933362966519,24.25,0.0,0.0036370693050956,56.0703125,2.0,20.934089120614445,4.284216013384336,0.0,0.010148934455949,92.53515625,2.0,0.2666933362966519,4.8,0.0,0.0051381459655486,80.26171875,3.0,0.2666933362966519,4.600004444740761,0.0,0.0023780088740991,82.13671875,2.0,33.33853424194219,2.9972053149021187,0.0,0.0128764218375245,51.92578125,2.0,4.400284482375428,92.91044776119404,0.0,0.2012443271887302,82.08984375,2.0,1.8668978074112796,2.485714648557178,0.0,0.0034517220466658,53.078125,2.0,3.60060010401867,4.613505560367559,0.0,0.0034684848764295,141.35546875,2.0,0.0035001625376165,47.1171875,2.0
2026-05-29T11:17:42Z,2.933137790813946,238.12499999999983,0.0,0.0233238859144586,61.15625,2.0,6.2001956213393,4.785714468390459,0.0,0.0069762424837403,97.27734375,0.0,0.2666933362966519,24.25,0.0,0.0036370693050956,56.0703125,2.0,20.934089120614445,4.284216013384336,0.0,0.010148934455949,92.53515625,2.0,0.2000088894815209,4.800000000000001,0.0,0.0050990563640373,80.26171875,3.0,0.2000088894815209,4.600008889283968,0.0,0.00179813141015,82.13671875,2.0,32.201946924478705,2.932374282230591,0.0,0.0122593092469543,52.17578125,2.0,4.400284482375428,92.91044776119404,0.0,0.2012443271887302,82.08984375,2.0,1.8001689066687212,2.571446350000536,0.0,0.0034517220466658,53.078125,2.0,3.60060010401867,4.613505560367559,0.0,0.0036401104437903,140.71875,2.0,0.004294818385265,47.11328125,2.0
2026-05-29T11:17:47Z,2.933137790813946,238.12499999999983,0.0,0.0238860814354123,61.1171875,2.0,4.66696890903838,4.785484043977936,0.0,0.0069762424837403,97.27734375,0.0,0.1333377780740938,24.25,0.0,0.0036370693050956,56.0703125,2.0,16.73310229570268,4.256513678231985,0.0,0.0072351997789025,92.9140625,2.0,0.1333333333333333,4.8,0.0,0.0050540997287717,80.26171875,3.0,0.1333333333333333,4.560010667140761,0.0,0.0024779008139314,82.1484375,2.0,27.73401337866969,2.804621788259411,0.0,0.0082670818018534,52.17578125,2.0,3.866773340444919,92.03388780280171,0.0,0.2012443271887302,82.08984375,2.0,1.5334266728893038,0.4930381032327321,0.0,0.0032019192718646,52.828125,2.0,2.399991121777738,4.605341754853407,0.0,0.0036401104437903,140.71875,2.0,0.0043134423351261,47.11328125,2.0
2026-05-29T11:17:52Z,2.933137790813946,238.12499999999983,0.0,0.0238860814354123,61.1171875,2.0,4.66696890903838,4.785484043977936,0.0,0.0069860220866476,98.0546875,0.0,0.1333377780740938,24.25,0.0,0.0025657251505736,56.0703125,2.0,13.668026818981335,4.265777777777776,0.0,0.0081074360391681,92.9140625,2.0,0.1333333333333333,4.8,0.0,0.0050540997287717,80.26171875,3.0,0.1333333333333333,4.560010667140761,0.0,0.0024779008139314,82.1484375,2.0,27.26734671200302,2.6151475955770627,0.0,0.0092913891036232,52.17578125,2.0,3.400106673778252,91.0,0.0,0.1387253641726031,82.59375,2.0,1.5334266728893038,0.4930381032327321,0.0,0.0032019192718646,52.828125,2.0,2.399991121777738,4.605341754853407,0.0,0.0037351151174141,140.71875,2.0,0.0043134423351261,47.11328125,2.0
2026-05-29T11:17:57Z,2.333333333333333,774.9999999999995,0.0,0.0238860814354123,61.1171875,2.0,4.66696890903838,4.785484043977936,0.0,0.0059915861338369,98.0546875,0.0,0.1333377780740938,24.25,0.0,0.0034232016790691,55.97265625,2.0,13.668026818981335,4.265777777777776,0.0,0.0104668351231863,92.9140625,2.0,0.1333377780740938,4.8,0.0,0.0048427066228797,80.26171875,3.0,0.1333377780740938,4.60000444474076,0.0,0.0026350661278475,82.3125,2.0,24.734853434673425,2.628813559322033,0.0,0.0096517199398283,51.92578125,2.0,3.400106673778252,91.0,0.0,0.1387253641726031,82.59375,2.0,1.5333733360001778,0.487025448389242,0.0,0.0032019192718646,52.828125,2.0,2.399991121777738,4.605341754853407,0.0,0.0037351151174141,140.71875,2.0,0.0042603277029178,47.11328125,2.0
2026-05-29T11:18:02Z,2.333333333333333,774.9999999999995,0.0,0.0189862031865062,61.1171875,2.0,5.20018223437118,4.786147831172045,0.0,0.0061582351084476,98.0546875,0.0,0.2666844456297086,24.25,0.0,0.0034232016790691,55.97265625,2.0,16.068200163870994,4.220853388651957,0.0,0.0104668351231863,92.9140625,2.0,0.2000133342222814,4.8,0.0,0.0050565593784685,80.26171875,3.0,0.2000133342222814,4.599995555259239,0.0,0.0027282051282052,82.3125,2.0,27.935075671711445,2.591229161841888,0.0,0.0115689909680001,51.92578125,2.0,3.800133342222815,89.32926829268293,0.0,0.1158375865239494,82.5703125,2.0,1.8000666711114073,0.475,0.0,0.0032019192718646,52.828125,2.0,2.933528901926795,4.608337474558473,0.0,0.003807250407596,140.390625,2.0,0.0050000617144271,51.484375,2.0
2026-05-29T11:18:07Z,2.333333333333333,774.9999999999995,0.0,0.0231777777777766,61.19921875,2.0,5.20018223437118,4.786147831172045,0.0,0.0071431894253134,96.94140625,0.0,0.2666844456297086,24.25,0.0,0.0035516757052005,56.01171875,2.0,19.866560088295824,4.265135738833841,0.0,0.010780577936635,93.01171875,2.0,0.2000133342222814,4.8,0.0,0.0050565593784685,80.26171875,3.0,0.2000133342222814,4.599995555259239,0.0,0.0027572406639,82.5390625,2.0,27.935075671711445,2.4499572007109807,0.0,0.0119696374795114,51.98046875,2.0,3.800133342222815,85.0834254356464,0.0,0.0858740545949604,82.5703125,2.0,1.8000666711114073,0.475,0.0,0.0032019192718646,52.828125,2.0,2.933528901926795,4.608337474558473,0.0,0.0039428938519999,140.390625,2.0,0.0050000617144271,51.484375,2.0
2026-05-29T11:18:12Z,2.866857790519368,375.0,0.0,0.0231777777777766,61.19921875,2.0,5.20018223437118,4.786147831172045,0.0,0.0059945021552042,96.94140625,0.0,0.2666844456297086,24.25,0.0,0.0035516757052005,56.01171875,2.0,19.866560088295824,4.265135738833841,0.0,0.010780577936635,93.01171875,2.0,0.2666755561481876,4.8,0.0,0.005224507729862,80.26171875,3.0,0.3333555570371358,4.639999999999999,0.0,0.0027572406639,82.5390625,2.0,31.26756894904105,2.5724986787422264,0.0,0.0119696374795114,51.98046875,2.0,3.800133342222815,85.0834254356464,0.0,0.0858740545949604,82.5703125,2.0,2.066804453630242,0.4810125533582428,0.0,0.0032019192718646,52.828125,2.0,2.933528901926795,4.608337474558473,0.0,0.0039428938519999,140.390625,2.0,0.0053984463812052,51.484375,2.0
2026-05-29T11:18:17Z,2.866857790519368,375.0,0.0,0.0197042314303564,61.19921875,2.0,5.867289010987067,4.79111091268889,0.0,0.0070411954120871,96.94140625,0.0,0.2666844468151309,24.25,0.0,0.0037684456541028,56.01171875,2.0,20.59933783259036,4.316226037742268,0.0,0.0106046780153084,93.01171875,2.0,0.2666844468151309,4.799999999999999,0.0,0.005576227180527,80.26171875,3.0,0.333364447704079,4.640003555713587,0.0,0.0027572406639,82.5390625,2.0,31.20003556029693,2.644860354667883,0.0,0.011716009207081,51.67578125,2.0,3.866666666666667,68.92800337791711,0.0,0.0729726705872703,82.5703125,2.0,1.9334400094824296,0.4935064400932931,0.0,0.0034491267162563,52.66015625,2.0,3.466666666666667,4.626094237923963,0.0,0.0040783505154637,140.26953125,2.0,0.0052936116504857,51.58203125,2.0
2026-05-29T11:18:22Z,2.866857790519368,375.0,0.0,0.019667821209171,61.19921875,2.0,5.867289010987067,4.79111091268889,0.0,0.0071731903184141,97.21484375,0.0,0.2666844468151309,24.25,0.0,0.0036307718092684,56.01171875,2.0,18.267840156465308,4.339551316545336,0.0,0.0107779222234677,93.3046875,2.0,0.2666844468151309,4.799999999999999,0.0,0.005576227180527,80.26171875,3.0,0.333364447704079,4.640003555713587,0.0,0.0017769499999999,82.5390625,2.0,31.46711564298013,2.533363051047333,0.0,0.011716009207081,51.67578125,2.0,4.13374674934987,7.444415361860047,0.0,0.0080188460731429,82.5703125,2.0,1.9334400094824296,0.4935064400932931,0.0,0.0034491267162563,52.66015625,2.0,3.466666666666667,4.626094237923963,0.0,0.003422180839558,140.26953125,2.0,0.0046731198559469,51.58203125,2.0
2026-05-29T11:18:27Z,3.000400053340446,800.000000000004,0.0,0.0176672596055772,61.19921875,2.0,5.867289010987067,4.79111091268889,0.0,0.0071731903184141,97.21484375,0.0,0.2666844468151309,24.25,0.0,0.0036307718092684,56.01171875,2.0,18.267840156465308,4.339551316545336,0.0,0.0107779222234677,93.3046875,2.0,0.2667022269635951,4.8,0.0,0.0058331928008593,80.26171875,3.0,0.2000222248892247,4.640000000000001,0.0,0.0022764678450161,82.55078125,2.0,30.735809246571723,2.523515554734388,0.0,0.010456126136078,51.67578125,2.0,4.13374674934987,7.444415361860047,0.0,0.0071321586839236,82.5703125,2.0,1.5334577943725831,0.4935063742183209,0.0,0.0034491267162563,52.66015625,2.0,3.466666666666667,4.626094237923963,0.0,0.0041647992530344,140.26953125,2.0,0.0053637415916829,51.84375,2.0
2026-05-29T11:18:32Z,3.000400053340446,800.000000000004,0.0,0.0231211195739212,61.828125,2.0,4.600257813930628,4.792626720559541,0.0,0.0073457443106688,97.21484375,0.0,0.1333377792593975,24.25,0.0,0.0036307718092684,56.01171875,2.0,14.26851580566274,4.327441815465795,0.0,0.0100480707449858,93.1171875,2.0,0.2000133360002963,4.800000000000001,0.0,0.0058311542771759,80.26171875,3.0,0.1333333339259259,4.639996444207392,0.0,0.0026997157876203,82.55078125,2.0,28.60391166289372,2.484849068488338,0.0,0.0119945217800143,51.67578125,2.0,3.800644557946572,4.9641975308641975,0.0,0.0101224556543161,82.56640625,2.0,1.2001333528913782,0.4953572074860707,0.0,0.003232560649227,52.66015625,2.0,3.0671778663862748,4.634663335216954,0.0,0.0033938602046373,140.26953125,2.0,0.0053637415916829,51.84375,2.0
2026-05-29T11:18:37Z,3.000400053340446,800.000000000004,0.0,0.0229925268780238,61.828125,2.0,4.600257813930628,4.792626720559542,0.0,0.0072130806680641,96.96484375,0.0,0.1333377792593975,24.25,0.0,0.0024990500000001,56.01171875,2.0,12.934533465496772,4.326070921663122,0.0,0.0101796706003287,93.1171875,2.0,0.2000133360002963,4.800000000000001,0.0,0.0058311542771759,80.26171875,3.0,0.1333333339259259,4.639996444207392,0.0,0.0029633854680739,83.7578125,2.0,28.603498246877184,2.291304975873328,0.0,0.0119945217800143,51.67578125,2.0,3.8002311419300354,4.939024390243901,0.0,0.0100600065313246,82.56640625,2.0,1.2001333528913782,0.4953572074860707,0.0,0.003232560649227,52.66015625,2.0,3.0671778663862748,4.634663335216954,0.0,0.0030467936002178,140.26953125,2.0,0.0053637415916829,51.84375,2.0
2026-05-29T11:18:42Z,2.7333333333333334,887.4999999999998,0.0,0.0229925268780238,61.828125,2.0,4.600257813930628,4.792626720559542,0.0,0.0072569587360981,96.96484375,0.0,0.1333377792593975,24.25,0.0,0.0042125765654607,60.78515625,2.0,12.934533465496772,4.326070921663122,0.0,0.0101796706003287,93.1171875,2.0,0.1333288891851654,4.8,0.0,0.0060165595650029,80.26171875,3.0,0.200004445333353,4.599995555259239,0.0,0.0029633854680739,83.7578125,2.0,27.66813797661893,2.133361334640054,0.0,0.0126816798042966,51.67578125,2.0,3.8002311419300354,4.939024390243901,0.0,0.0101550874047527,82.56640625,2.0,1.2667111188157236,0.4956522404288513,0.0,0.003232560649227,52.66015625,2.0,3.0671778663862748,4.634663335216954,0.0,0.0042977143927681,140.390625,2.0,0.0040546462918101,51.84375,2.0
2026-05-29T11:18:47Z,2.7333333333333334,887.4999999999998,0.0,0.0222647073752644,61.4453125,2.0,5.266893400007409,4.7924047399597045,0.0,0.0072569587360981,96.96484375,0.0,0.2666844503713977,24.25,0.0,0.0042125765654607,60.78515625,2.0,14.93338674726234,4.355755961528958,0.0,0.008082300064167,93.1171875,2.0,0.2000266720010668,4.800000000000001,0.0,0.0058936942078014,80.26171875,3.0,0.2667022281492545,4.60000444474076,0.0,0.0028980942036137,83.7578125,2.0,29.199213399998403,2.1726168703719013,0.0,0.0122888723541739,51.61328125,2.0,3.999871119703131,4.909195915526237,0.0,0.0101550874047527,82.56640625,2.0,1.6000133466686226,1.299923328332976,0.0,0.0027050905434263,57.8671875,2.0,2.9332355620736394,4.639993688499679,0.0,0.0042977143927681,140.390625,2.0,0.0037449242276233,51.84375,2.0
2026-05-29T11:18:52Z,2.7333333333333334,887.4999999999998,0.0,0.0222647073752644,61.4453125,2.0,5.266893400007409,4.7924047399597045,0.0,0.0071694729250933,96.96484375,0.0,0.2666844503713977,24.25,0.0,0.0040235670694175,60.796875,2.0,15.267235736314827,4.340445612736852,0.0,0.0094743173315991,93.390625,2.0,0.2000266720010668,4.800000000000001,0.0,0.0058936942078014,80.26171875,3.0,0.2667022281492545,4.60000444474076,0.0,0.0027959648085432,83.9921875,2.0,28.59940898163151,2.031098408281583,0.0,0.0122888723541739,51.61328125,2.0,3.400066701336238,4.8447039654209085,0.0,0.0098960921672488,82.56640625,2.0,1.6000133466686226,1.299923328332976,0.0,0.0030257565751156,57.8671875,2.0,2.9332355620736394,4.639993688499679,0.0,0.0046737521386595,144.4921875,2.0,0.0033477428167657,51.84375,2.0
2026-05-29T11:18:57Z,2.400480096019204,1012.5000000000052,0.0,0.0222647073752644,61.4453125,2.0,5.266893400007409,4.7924047399597045,0.0,0.0069770139509579,96.78515625,0.0,0.2666844503713977,24.25,0.0,0.0040902855805248,60.796875,2.0,15.267235736314827,4.340445612736852,0.0,0.0094743173315991,93.390625,2.0,0.2667200106688004,4.8,0.0,0.0058936942078014,80.26171875,3.0,0.200035562075299,4.666666666666666,0.0,0.0027817785174526,83.9921875,2.0,28.068822864408062,1.9198922250480612,0.0,0.011977160781873,51.61328125,2.0,3.400066701336238,4.8447039654209085,0.0,0.0098960921672488,82.56640625,2.0,1.6001600426744904,0.496921892639551,0.0,0.0038479923802718,57.8671875,2.0,2.9332355620736394,4.639993688499679,0.0,0.0046737521386595,144.4921875,2.0,0.0029505614059082,51.84375,2.0
2026-05-29T11:19:02Z,2.400480096019204,1012.5000000000052,0.0,0.0222647073752644,61.4453125,2.0,4.86727127233929,4.789320737451578,0.0,0.0069770139509579,96.78515625,0.0,0.1333511158531163,24.25,0.0,0.0040902855805248,60.796875,2.0,14.536151731110753,4.254839179117049,0.0,0.0094743173315991,93.390625,2.0,0.2000266720010668,4.8,0.0,0.0057326752156379,80.26171875,3.0,0.1333422234075654,4.639994310655963,0.0,0.0027817785174526,83.9921875,2.0,27.00603695618525,1.7797485232817665,0.0,0.0097961198034939,51.61328125,2.0,3.267342376333916,4.823456790123457,0.0,0.0069418354156078,82.56640625,2.0,1.200235608604783,0.4916668226204763,0.0,0.0036795548849489,57.73828125,2.0,3.400675704924612,4.643589743589743,0.0,0.0047732326733948,144.4921875,2.0,0.0044574976980263,51.76171875,2.0
2026-05-29T11:19:07Z,2.400480096019204,1012.5000000000052,0.0,0.0164082169511986,61.11328125,2.0,4.86727127233929,4.789320737451578,0.0,0.0067505193419796,96.78515625,0.0,0.1333511158531163,24.25,0.0,0.0040831119544592,60.78125,2.0,12.93555162531715,4.303788764734545,0.0,0.0069763054461383,93.390625,2.0,0.2000266720010668,4.8,0.0,0.0056454553073805,80.26953125,3.0,0.1333422234075654,4.639994310655963,0.0,0.0030581582942927,89.6484375,2.0,27.53930805010829,1.6499957891342767,0.0,0.0110992182802149,51.73828125,2.0,3.800613470256957,4.823313411081698,0.0,0.0077558023279956,82.56640625,2.0,1.200235608604783,0.4916668226204763,0.0,0.0036795548849489,57.73828125,2.0,3.400675704924612,4.643589743589743,0.0,0.0044638724035607,144.4453125,2.0,0.0044574976980263,51.76171875,2.0
2026-05-29T11:19:12Z,1.9333333333333331,887.4999999999998,0.0,0.0210625037080949,61.11328125,2.0,4.86727127233929,4.789320737451578,0.0,0.0066324935561652,97.1015625,0.0,0.1333511158531163,24.25,0.0,0.0040831119544592,60.78125,2.0,12.93555162531715,4.303788764734545,0.0,0.0062524195604506,93.390625,2.0,0.0666666666666666,4.8,0.0,0.0056454553073805,80.26953125,3.0,0.1333377780740938,4.679995732991973,0.0,0.0036110620473873,89.6484375,2.0,28.3365608339984,1.797460994903999,0.0,0.0110992182802149,51.73828125,2.0,3.800613470256957,4.823313411081698,0.0,0.0097676029486532,82.56640625,2.0,0.8000889125989152,0.4922733135538836,0.0,0.0036795548849489,57.73828125,2.0,3.400675704924612,4.643589743589743,0.0,0.0044638724035607,144.4453125,2.0,0.0044653965652633,52.0625,2.0
2026-05-29T11:19:17Z,1.9333333333333331,887.4999999999998,0.0,0.0210625037080949,61.11328125,2.0,4.533177827254657,4.7861747980628255,0.0,0.0066324935561652,97.1015625,0.0,0.1333200014813037,24.25,0.0,0.0040831119544592,60.78125,2.0,11.732942350802883,4.349986603295758,0.0,0.0087387021391334,93.92578125,2.0,0.0666622225184987,4.8,0.0,0.005572039018065,80.26953125,3.0,0.1333333339259259,4.679995732991973,0.0,0.0034299026868919,89.75,2.0,28.598533554935237,2.146015677857268,0.0,0.0109471846220383,51.73828125,2.0,3.933208932144159,4.8449694325544375,0.0,0.0097145341254896,82.55859375,2.0,0.9999200100727704,0.4911012825019417,0.0,0.0041082970253581,57.73828125,2.0,2.866471137181709,4.6455667352677406,0.0,0.0033559355914307,144.4453125,2.0,0.0044545905595271,52.0625,2.0
2026-05-29T11:19:22Z,1.9333333333333331,887.4999999999998,0.0,0.0205108435551011,60.57421875,2.0,4.533177827254657,4.7861747980628255,0.0,0.0068113703356716,96.86328125,0.0,0.1333200014813037,24.25,0.0,0.0029235604743729,60.8125,2.0,13.532555658356722,4.368991866648102,0.0,0.0090681458774311,93.92578125,2.0,0.0666622225184987,4.8,0.0,0.0046236083267026,80.26953125,3.0,0.1333333339259259,4.679995732991973,0.0,0.0034299026868919,89.75,2.0,28.59840021271242,2.175505499350824,0.0,0.0089058083696437,51.73828125,2.0,3.933075589921344,4.867455148219007,0.0,0.0097145341254896,82.55859375,2.0,0.9999200100727704,0.4911012825019417,0.0,0.0032122603262232,57.73828125,2.0,2.866471137181709,4.6455667352677406,0.0,0.0036382681183873,144.44140625,2.0,0.0044545905595271,52.0625,2.0
2026-05-29T11:19:27Z,2.933333333333333,583.3333333333284,0.0,0.0205108435551011,60.57421875,2.0,4.533177827254657,4.7861747980628255,0.0,0.0068113703356716,96.86328125,0.0,0.1333200014813037,24.25,0.0,0.0034662386485692,60.8125,2.0,13.532555658356722,4.368991866648102,0.0,0.0090681458774311,93.92578125,2.0,0.200004445333353,4.8,0.0,0.0056401672057344,80.265625,3.0,0.1333288891851654,4.679997866533917,0.0,0.0033196891704612,89.75,2.0,25.399155818641702,2.221904562737972,0.0,0.0079935429844739,51.73828125,2.0,3.933075589921344,4.867455148219007,0.0,0.0097145341254896,82.55859375,2.0,1.333253343406104,0.491963868322642,0.0,0.0028699022407767,57.73828125,2.0,2.866471137181709,4.6455667352677406,0.0,0.0045872086892334,144.44140625,2.0,0.0028480366020511,52.0625,2.0
2026-05-29T11:19:32Z,2.933333333333333,583.3333333333284,0.0,0.0197279562898367,60.57421875,2.0,4.600004464888909,4.785946334758727,0.0,0.0068113703356716,96.86328125,0.0,0.2666844456297086,24.25,0.0,0.0034662386485692,60.8125,2.0,16.400586705780384,4.310614905485961,0.0,0.0088011624229028,93.92578125,2.0,0.2666844456297086,4.8,0.0,0.0056330762212823,80.265625,3.0,0.2000088894815209,4.679993599658649,0.0,0.0031222911320215,89.77734375,2.0,23.201413427561835,2.2190210784468896,0.0,0.010247630602994,51.68359375,2.0,3.5334355623708245,4.873548387096774,0.0,0.0094207765263782,82.55859375,2.0,1.200035557926084,0.4845001013344142,0.0,0.0032448060941826,58.06640625,2.0,3.066871124741649,4.624657534246575,0.0,0.0045872086892334,144.44140625,2.0,0.0032366056959315,52.0625,2.0
2026-05-29T11:19:37Z,2.933333333333333,583.3333333333284,0.0,0.0189113936005444,60.62109375,2.0,4.600004464888909,4.785946334758727,0.0,0.004191575,96.86328125,0.0,0.2666844456297086,24.25,0.0,0.0028314740676093,60.8125,2.0,15.86725337244705,4.300567703477353,0.0,0.0088011624229028,93.92578125,2.0,0.2666844456297086,4.8,0.0,0.0056330762212823,80.265625,3.0,0.2000088894815209,4.679993599658649,0.0,0.0033460096542596,89.77734375,2.0,22.334671210376317,2.230918581994591,0.0,0.010247630602994,51.68359375,2.0,2.666693345185304,4.876000945810565,0.0,0.0089221753666133,82.55859375,2.0,1.200035557926084,0.4845001013344142,0.0,0.0032448060941826,58.06640625,2.0,3.066871124741649,4.624657534246575,0.0,0.0036688495096488,144.44140625,2.0,0.0035093210023055,51.89453125,2.0
2026-05-29T11:19:42Z,2.2666666666666666,204.9999999999997,0.0,0.0189113936005444,60.62109375,2.0,4.600004464888909,4.785946334758727,0.0,0.0066768603954463,96.25,0.0,0.2666844456297086,24.25,0.0,0.0026291303585552,60.8125,2.0,15.86725337244705,4.300567703477353,0.0,0.0063867101982198,93.92578125,2.0,0.2000088894815209,4.799999999999999,0.0,0.005733865639806,80.27734375,3.0,0.2000088894815209,4.599995555456788,0.0,0.0033460096542596,89.77734375,2.0,23.133915604447036,2.3671033347555337,0.0,0.010247630602994,51.68359375,2.0,2.666693345185304,4.876000945810565,0.0,0.0087779736422395,82.55859375,2.0,1.0667022245927509,0.4848962869131502,0.0,0.0033015076335878,58.4609375,2.0,3.066871124741649,4.624657534246575,0.0,0.0039075611983125,144.44140625,2.0,0.0038889491978363,51.89453125,2.0
2026-05-29T11:19:47Z,2.2666666666666666,204.9999999999997,0.0,0.0195747824327048,60.82421875,2.0,4.267262325946118,4.786734340773792,0.0,0.0066768603954463,96.25,0.0,0.1333555605938768,24.25,0.0,0.0033226351672142,60.90234375,2.0,13.733831158525474,4.319572032899174,0.0,0.0090651186639328,92.6328125,2.0,0.1333511158531163,4.8,0.0,0.0058509036987291,80.27734375,3.0,0.1333511158531163,4.600013333629636,0.0,0.0028792877798467,89.77734375,2.0,23.8673378432658,2.1037695839615544,0.0,0.0099376684241362,51.68359375,2.0,2.800035568000158,4.873548387096774,0.0,0.0087779736422395,82.55859375,2.0,1.0667289001507958,0.475,0.0,0.0033098827033099,58.4609375,2.0,3.266764450963397,4.623373119622364,0.0,0.0039075611983125,144.44140625,2.0,0.0045555383463687,51.89453125,2.0
2026-05-29T11:19:52Z,2.2666666666666666,204.9999999999997,0.0,0.0195747824327048,60.82421875,2.0,4.267262325946118,4.786734340773792,0.0,0.0066768603954463,96.25,0.0,0.1333555605938768,24.25,0.0,0.0033504721663654,60.90234375,2.0,14.93548482259162,4.318505381334987,0.0,0.0092928434984304,92.6328125,2.0,0.1333511158531163,4.8,0.0,0.0058509036987291,80.27734375,3.0,0.1333511158531163,4.600013333629636,0.0,0.0026767119746675,89.828125,2.0,25.00135133279061,2.187640245534965,0.0,0.0099376684241362,51.68359375,2.0,3.934049057524969,4.875999223084524,0.0,0.0090918779099834,82.81640625,2.0,1.0667289001507958,0.475,0.0,0.0033450817236257,58.91796875,2.0,3.266764450963397,4.623373119622364,0.0,0.004027336320557,144.44140625,2.0,0.0038290438685815,51.89453125,2.0
2026-05-29T11:19:57Z,3.0006001200240044,924.9999999999964,0.0,0.0195747824327048,60.82421875,2.0,4.267262325946118,4.786734340773792,0.0,0.0068289982133211,96.30859375,0.0,0.1333555605938768,24.25,0.0,0.0033504721663654,60.90234375,2.0,14.93548482259162,4.318505381334987,0.0,0.0092928434984304,92.6328125,2.0,0.2000355626682473,4.8,0.0,0.0058509036987291,80.27734375,3.0,0.2000444545208499,4.60000444474076,0.0,0.0026767119746675,89.828125,2.0,26.40225361516499,2.0049539918428776,0.0,0.0073090723120487,51.68359375,2.0,3.934049057524969,4.875999223084524,0.0,0.0090918779099834,82.81640625,2.0,1.2668755961566636,0.475,0.0,0.0033450817236257,58.91796875,2.0,3.266764450963397,4.623373119622364,0.0,0.0039827328433957,144.4609375,2.0,0.0046926071397391,52.15625,2.0
2026-05-29T11:20:02Z,3.0006001200240044,924.9999999999964,0.0,0.0195747824327048,60.82421875,2.0,5.9340490100962215,4.784615644335618,0.0,0.0068289982133211,96.30859375,0.0,0.2666844503713977,24.25,0.0,0.0035516744688512,61.140625,2.0,18.536934060589424,4.292865135856684,0.0,0.0095259570223189,92.8203125,2.0,0.2666755585187951,4.8,0.0,0.0056348093815086,80.265625,3.0,0.2666844503713977,4.640003555792608,0.0,0.0026767119746675,89.828125,2.0,28.403956271553017,1.7271096383659257,0.0,0.0109878196872138,51.6796875,2.0,4.134311347020893,4.850331088789137,0.0,0.0091640328479735,82.56640625,2.0,1.6002489434179972,0.4836365800022544,0.0,0.0023619486343325,58.91796875,2.0,3.200640128025605,4.618922605640147,0.0,0.0039827328433957,144.4609375,2.0,0.0047583152148767,52.15625,2.0
2026-05-29T11:20:07Z,3.0006001200240044,924.9999999999964,0.0,0.0214557579470777,60.92578125,2.0,5.9340490100962215,4.784615644335618,0.0,0.0068289982133211,96.30859375,0.0,0.2666844503713977,24.25,0.0,0.0034547553210385,61.140625,2.0,20.46861372985661,4.193628955926952,0.0,0.0095259570223189,92.8203125,2.0,0.2666755585187951,4.8,0.0,0.0055682901954305,80.265625,3.0,0.2666844503713977,4.640003555792608,0.0,0.0021517357125391,89.828125,2.0,27.86990278469469,1.7271032713633296,0.0,0.011923256218475,51.6796875,2.0,3.600257860162571,4.825000811465911,0.0,0.0091640328479735,82.56640625,2.0,1.6002489434179972,0.4836365800022544,0.0,0.002600059217764,59.40234375,2.0,3.200640128025605,4.618922605640147,0.0,0.0039538774098724,144.6328125,2.0,0.0047063612404777,51.80859375,2.0
2026-05-29T11:20:12Z,2.466666666666667,1062.5000000000011,0.0,0.0214557579470777,60.92578125,2.0,5.9340490100962215,4.784615644335618,0.0,0.0066292744215265,96.11328125,0.0,0.2666844503713977,24.25,0.0,0.0034547553210385,61.140625,2.0,20.46861372985661,4.193628955926952,0.0,0.0095259570223189,92.8203125,2.0,0.1999911117036641,4.775000694486884,0.0,0.0055682901954305,80.265625,3.0,0.1999911117036641,4.700001851982176,0.0,0.0027535741378307,89.6015625,2.0,29.6033516812878,1.8081801885724944,0.0,0.011923256218475,51.6796875,2.0,3.600257860162571,4.825000811465911,0.0,0.0091640328479735,82.56640625,2.0,1.6667155843007813,0.4829169686990884,0.0,0.0028819746686663,59.40234375,2.0,3.200640128025605,4.618922605640147,0.0,0.0039538774098724,144.6328125,2.0,0.0046625709786704,51.80859375,2.0
2026-05-29T11:20:17Z,2.466666666666667,1062.5000000000011,0.0,0.0214868192433463,60.8515625,2.0,5.399840011851141,4.785116136663425,0.0,0.0066292744215265,96.11328125,0.0,0.1333333339259259,24.25,0.0,0.0034620035009837,61.5625,2.0,16.86627558518345,4.235714096193108,0.0,0.0072837275564639,92.8203125,2.0,0.1333377780740938,4.771429297098228,0.0,0.0056410847113492,80.26953125,3.0,0.1333377780740938,4.680002133485047,0.0,0.0028147982188371,89.6015625,2.0,31.333324583703664,1.6657761100149933,0.0,0.0112243528718454,51.6640625,2.0,3.9330711285914273,4.824204075184879,0.0,0.0061636499999991,82.56640625,2.0,1.666573340740326,0.4825397437104521,0.0,0.0033829854108283,59.40234375,2.0,2.7998133457769483,4.605637814548704,0.0,0.0039538774098724,144.6328125,2.0,0.0046625709786704,51.80859375,2.0
2026-05-29T11:20:22Z,2.466666666666667,1062.5000000000011,0.0,0.0232487313547584,60.8515625,2.0,5.399840011851141,4.785116136663425,0.0,0.0062391417993852,98.26953125,0.0,0.1333333339259259,24.25,0.0,0.0029908176136538,61.5625,2.0,12.066275585183448,4.241052434824045,0.0,0.0091977502445395,92.90625,2.0,0.1333377780740938,4.771429297098228,0.0,0.0056410847113492,80.26953125,3.0,0.1333377780740938,4.680002133485047,0.0,0.0027594454371276,89.64453125,2.0,31.86692458607522,1.7922444088465883,0.0,0.0112243528718454,51.6640625,2.0,4.466671130962983,4.843678138604579,0.0,0.0101442012824085,82.81640625,2.0,1.666573340740326,0.4825397437104521,0.0,0.0028073798403576,59.40234375,2.0,2.7998133457769483,4.605637814548704,0.0,0.0034995135992912,144.828125,2.0,0.004733184880667,47.90234375,2.0
2026-05-29T11:20:27Z,2.666844456297086,45.17857142857143,0.0,0.0232487313547584,60.8515625,2.0,5.399840011851141,4.785116136663425,0.0,0.0073103520536462,98.26953125,0.0,0.1333333339259259,24.25,0.0,0.0037611870871707,61.5625,2.0,12.066275585183448,4.241052434824045,0.0,0.0091977502445395,92.90625,2.0,0.1333422228148543,4.771428934268007,0.0,0.0054898445445305,80.26953125,3.0,0.1333377780740938,4.680002133485047,0.0,0.0027594454371276,89.64453125,2.0,33.267017925631194,1.486851432767272,0.0,0.0112243528718454,51.6640625,2.0,4.466671130962983,4.843678138604579,0.0,0.0101442012824085,82.81640625,2.0,1.6000577946682275,0.4819851936680249,0.0,0.0034306693625627,60.62890625,2.0,2.7998133457769483,4.605637814548704,0.0,0.0041119013520402,144.828125,2.0,0.0048527988775459,47.90234375,2.0
2026-05-29T11:20:32Z,2.666844456297086,45.17857142857143,0.0,0.0227711548123124,61.18359375,2.0,4.800328932746589,4.784956185839738,0.0,0.0073103520536462,98.26953125,0.0,0.0,24.25,0.0,0.0037611870871707,61.5625,2.0,11.534151220162688,4.262111693254731,0.0,0.0089359396207794,92.95703125,2.0,0.0666711114074271,4.766665555518518,0.0,0.0054657271884202,80.20703125,3.0,0.0666666666666666,4.649992499624981,0.0,0.0024252029328334,89.64453125,2.0,32.00300476092548,1.6699141519985568,0.0,0.0050820666666671,51.6640625,2.0,4.333760046820386,4.841988950276244,0.0,0.0101442012824085,82.81640625,2.0,1.1334844645952795,0.4820896086735018,0.0,0.003413855991354,60.62890625,2.0,3.800506734231231,4.61081081081081,0.0,0.0041091095656141,145.1015625,2.0,0.0048527988775459,47.90234375,2.0
2026-05-29T11:20:37Z,2.666844456297086,45.17857142857143,0.0,0.0226027297099682,61.18359375,2.0,4.800328932746589,4.784956185839738,0.0,0.0071968737911875,96.1640625,0.0,0.0,24.25,0.0,0.002862247701724,61.5625,2.0,14.334151220162688,4.257014587987909,0.0,0.0089359396207794,92.95703125,2.0,0.0666711114074271,4.766665555518518,0.0,0.0054657271884202,80.20703125,3.0,0.0666666666666666,4.649992499624981,0.0,0.0023352285641894,89.64453125,2.0,31.80285363973962,1.6554235637672396,0.0,0.0050820666666671,51.6640625,2.0,4.13360892563453,4.840641778848507,0.0,0.0081848251740111,82.81640625,2.0,1.1334844645952795,0.4820896086735018,0.0,0.003413855991354,60.62890625,2.0,3.800506734231231,4.61081081081081,0.0,0.0041091095656141,145.1015625,2.0,0.0038298243686612,47.8984375,2.0
2026-05-29T11:20:42Z,2.8666666666666667,35.4166666666667,0.0,0.0226027297099682,61.18359375,2.0,4.800328932746589,4.784956185839738,0.0,0.0063395476753966,96.1640625,0.0,0.0,24.25,0.0,0.0025488154444598,61.5625,2.0,14.334151220162688,4.257014587987909,0.0,0.0089359396207794,92.95703125,2.0,0.0666666666666666,4.759999466659555,0.0,0.0056127983006403,80.20703125,3.0,0.0666666666666666,4.65,0.0,0.0027786535031319,90.03515625,2.0,29.73507578788283,1.77650129963625,0.0,0.0063028304527424,51.6640625,2.0,4.13360892563453,4.840641778848507,0.0,0.0100657133256167,82.5703125,2.0,1.200000010667378,0.482089947300546,0.0,0.0035539333976832,60.35546875,2.0,3.800506734231231,4.61081081081081,0.0,0.0042049339012111,145.1015625,2.0,0.0046824775093499,47.8984375,2.0
2026-05-29T11:20:47Z,2.8666666666666667,35.4166666666667,0.0,0.0179415600325458,61.18359375,2.0,6.067142364765853,4.787439184719349,0.0,0.0073880565575712,96.1640625,0.0,0.1333377792593975,24.25,0.0,0.0034522479442258,62.703125,2.0,16.466182263405848,4.282221939075983,0.0,0.0090576016430951,93.28515625,2.0,0.1333422234075654,4.750001111160496,0.0,0.0046006470604178,80.20703125,3.0,0.1333422234075654,4.600008889086423,0.0,0.0027786535031319,90.03515625,2.0,31.199084512589,1.8399394589374067,0.0,0.0116451703990085,51.68359375,2.0,4.199857787258628,4.841530054644808,0.0,0.0100657133256167,82.5703125,2.0,1.7999066764442668,0.475,0.0,0.0035539333976832,60.35546875,2.0,2.5332400062218072,4.597010549149484,0.0,0.0034658700465855,145.1015625,2.0,0.0046824775093499,47.8984375,2.0
2026-05-29T11:20:52Z,2.8666666666666667,35.4166666666667,0.0,0.0223057217777136,60.68359375,2.0,6.067142364765853,4.787439184719349,0.0,0.0071433898428404,96.14453125,0.0,0.1333377792593975,24.25,0.0,0.0034522479442258,62.703125,2.0,14.867062380754827,4.352321694302997,0.0,0.0090576016430951,93.28515625,2.0,0.1333422234075654,4.750001111160496,0.0,0.0056777510040152,80.20703125,3.0,0.1333422234075654,4.600008889086423,0.0,0.002602967077631,90.03515625,2.0,31.132684548149296,1.872056363845811,0.0,0.0116451703990085,51.68359375,2.0,4.133457822818924,4.841080984852143,0.0,0.0100589904528286,82.5703125,2.0,1.7999066764442668,0.475,0.0,0.0036826925769326,60.35546875,2.0,2.5332400062218072,4.597010549149484,0.0,0.0041824786165164,145.51953125,2.0,0.0046942092491402,48.15234375,2.0
2026-05-29T11:20:57Z,2.400320042672356,38.74999999999998,0.0,0.0223057217777136,60.68359375,2.0,6.067142364765853,4.787439184719349,0.0,0.0072343588921216,96.14453125,0.0,0.1333377792593975,24.25,0.0,0.0034522479442258,62.703125,2.0,14.867062380754827,4.352321694302997,0.0,0.0090576016430951,93.28515625,2.0,0.0666755567408987,4.800000000000001,0.0,0.0056777510040152,80.20703125,3.0,0.0666755567408987,4.600004444641984,0.0,0.0026360306001506,90.56640625,2.0,32.201440382260515,1.714210313690285,0.0,0.011578938935375,51.74609375,2.0,4.133457822818924,4.841080984852143,0.0,0.0100589904528286,82.5703125,2.0,1.4667200248926824,0.475,0.0,0.0034983750677052,60.4609375,2.0,2.5332400062218072,4.597010549149484,0.0,0.0041685322512948,145.51953125,2.0,0.0047407185761464,48.15234375,2.0
2026-05-29T11:21:02Z,2.400320042672356,38.74999999999998,0.0,0.0223057217777136,60.68359375,2.0,3.866822266967329,4.786046651050301,0.0,0.0072343588921216,96.14453125,0.0,0.0,24.25,0.0,0.0030801047120416,62.78125,2.0,12.06827577010268,4.361662911158481,0.0,0.0058877249999994,93.28515625,2.0,0.0,4.799999999999999,0.0,0.0056177061219795,80.20703125,3.0,0.0,4.399999999999999,0.0,0.0026360306001506,90.56640625,2.0,28.67048939858648,1.8157305368378385,0.0,0.0122049905630316,51.74609375,2.0,3.733831177490332,4.839790575916229,0.0,0.0100947061191628,82.5703125,2.0,0.8668133591157935,0.4833332423577898,0.0,0.0034983750677052,60.4609375,2.0,3.0670756100813445,4.621617871597149,0.0,0.0041685322512948,145.51953125,2.0,0.0047407185761464,48.15234375,2.0
2026-05-29T11:21:07Z,2.400320042672356,38.74999999999998,0.0,0.0210261475150355,60.76171875,2.0,3.866822266967329,4.786046651050301,0.0,0.0072343588921216,96.14453125,0.0,0.0,24.25,0.0,0.0030801047120416,62.78125,2.0,11.534062319420368,4.394849622673455,0.0,0.0090104636519733,93.12890625,2.0,0.0,4.799999999999999,0.0,0.0056177061219795,80.20703125,3.0,0.0,4.399999999999999,0.0,0.0026360306001506,90.56640625,2.0,28.203556029692848,1.73720299290793,0.0,0.0117573383296415,51.75,2.0,3.2668978085967018,4.821348543827263,0.0,0.0100947061191628,82.5703125,2.0,0.8668133591157935,0.4833332423577898,0.0,0.002935002180387,60.484375,2.0,3.0670756100813445,4.621617871597149,0.0,0.0032983614476699,145.51953125,2.0,0.0046572240424479,48.15234375,2.0
2026-05-29T11:21:12Z,2.066666666666667,41.49999999999999,0.0,0.0210261475150355,60.76171875,2.0,3.866822266967329,4.786046651050301,0.0,0.0066361637985177,96.140625,0.0,0.0,24.25,0.0,0.0030801047120416,62.78125,2.0,11.534062319420368,4.394849622673455,0.0,0.0090104636519733,93.12890625,2.0,0.0666666666666666,4.8,0.0,0.0042164161440694,80.20703125,3.0,0.0666711114074271,4.399991110518478,0.0,0.0026542721740834,90.56640625,2.0,24.733986916466908,1.925632892376505,0.0,0.0117573383296415,51.75,2.0,3.2668978085967018,4.821348543827263,0.0,0.0100947061191628,82.5703125,2.0,1.0666755656303804,0.483636566033271,0.0,0.003515159772108,60.484375,2.0,3.0670756100813445,4.621617871597149,0.0,0.0040123470991983,145.80078125,2.0,0.004671690307329,48.15234375,2.0
2026-05-29T11:21:17Z,2.066666666666667,41.49999999999999,0.0,0.0206827622183863,60.76171875,2.0,4.400320042672356,4.785858167510261,0.0,0.0066361637985177,96.140625,0.0,0.1333422234075654,24.25,0.0,0.0017432614155246,62.78125,2.0,13.066711117037828,4.366133104584643,0.0,0.008908245877061,88.609375,2.0,0.1333422234075654,4.8,0.0,0.0056892518560813,80.203125,3.0,0.1333466681483259,4.60000444474076,0.0,0.0026449037193843,90.94140625,2.0,24.46588894784887,1.374293693678016,0.0,0.0069978172051399,51.8203125,2.0,3.1333333333333337,4.8,0.0,0.0099093811439192,82.5703125,2.0,1.1999733386667852,0.483482102462588,0.0,0.003515159772108,60.484375,2.0,2.9332311179254718,4.617910447761194,0.0,0.0040123470991983,145.80078125,2.0,0.004671690307329,48.15234375,2.0
2026-05-29T11:21:22Z,2.066666666666667,41.49999999999999,0.0,0.0166622917776597,60.76171875,2.0,4.400320042672356,4.785858167510261,0.0,0.0065494385342789,96.140625,0.0,0.1333422234075654,24.25,0.0,0.0025955534285895,62.81640625,2.0,13.73427568120194,4.363717843474191,0.0,0.0091156820359678,88.609375,2.0,0.1333422234075654,4.8,0.0,0.0056892518560813,80.203125,3.0,0.1333466681483259,4.60000444474076,0.0,0.0026589399252993,90.94140625,2.0,24.8661467600016,1.4394667139107271,0.0,0.0078844885577954,51.8203125,2.0,3.533591145486065,4.8,0.0,0.008194801532492,82.5703125,2.0,1.1999733386667852,0.483482102462588,0.0,0.0034390191707531,60.5,2.0,2.9332311179254718,4.617910447761194,0.0,0.0039880183652919,145.80078125,2.0,0.004711771630372,48.15234375,2.0
2026-05-29T11:21:27Z,2.6003467128950524,48.00000000000008,0.0,0.0203133384703546,60.86328125,2.0,4.400320042672356,4.785858167510261,0.0,0.0063772775324917,96.12890625,0.0,0.1333422234075654,24.25,0.0,0.0032864986987727,62.81640625,2.0,13.73427568120194,4.363717843474191,0.0,0.0091156820359678,88.609375,2.0,0.1333466681483259,4.8,0.0,0.0056892518560813,80.203125,3.0,0.2000177795557531,4.6,0.0,0.0026589399252993,90.94140625,2.0,24.602680516545146,1.425641077740822,0.0,0.008771159910451,51.8203125,2.0,3.533591145486065,4.8,0.0,0.0099342467448142,82.5703125,2.0,1.0667911348193984,0.4836359448782864,0.0,0.0028379645222348,60.5,2.0,2.9332311179254718,4.617910447761194,0.0,0.0039880183652919,145.80078125,2.0,0.0048148878818661,48.15234375,2.0
2026-05-29T11:21:32Z,2.6003467128950524,48.00000000000008,0.0,0.0187710675819641,60.86328125,2.0,5.467173434686938,4.785507817099955,0.0,0.0063772775324917,96.12890625,0.0,0.2666933386677335,24.25,0.0,0.0032864986987727,62.81640625,2.0,14.602378193556657,4.380396342392194,0.0,0.008437073582683,88.93359375,2.0,0.2000044447407604,4.8,0.0,0.0058027926352604,80.203125,3.0,0.2666755561481876,4.666660740213945,0.0,0.002704297216025,90.8046875,2.0,26.87184546301624,1.5239694643312105,0.0,0.0088873138576488,51.8203125,2.0,3.867311222834868,4.823170986045625,0.0,0.0098993974220833,82.5703125,2.0,1.3335467093418685,1.3332785148639523,0.0,0.0032566316608319,60.5,2.0,2.8672401146896047,4.632880222997262,0.0,0.0038779401053931,145.80078125,2.0,0.0048148878818661,48.15234375,2.0
2026-05-29T11:21:37Z,2.6003467128950524,48.00000000000008,0.0,0.0187710675819641,60.86328125,2.0,5.467173434686938,4.785507817099955,0.0,0.0062579210138897,96.12890625,0.0,0.2666933386677335,24.25,0.0,0.003425424723953,63.2578125,2.0,15.001480296059212,4.374760351041417,0.0,0.008437073582683,88.93359375,2.0,0.2000044447407604,4.8,0.0,0.0058027926352604,80.203125,3.0,0.2666755561481876,4.666660740213945,0.0,0.002704297216025,90.8046875,2.0,26.40492098419684,1.586113310107038,0.0,0.0110092861832853,52.8046875,2.0,3.40038674401547,4.848101184633036,0.0,0.0098993974220833,82.5703125,2.0,1.3335467093418685,1.3332785148639523,0.0,0.002666828528458,60.5,2.0,2.8672401146896047,4.632880222997262,0.0,0.0029619383363317,145.80078125,2.0,0.0050234142772214,49.640625,2.0
2026-05-29T11:21:42Z,2.7333333333333334,48.43750000000003,0.081081081081081,0.0187315308675519,63.8359375,2.0,5.467173434686938,4.785507817099955,0.0,0.0050979632046235,96.12890625,0.0,0.2666933386677335,24.25,0.0,0.003425424723953,63.2578125,2.0,15.001480296059212,4.374760351041417,0.0,0.008437073582683,88.93359375,2.0,0.2666666666666666,4.8,0.0,0.0058027926352604,80.203125,3.0,0.2000044447407604,4.533327407012319,0.0,0.0027529045689596,90.12109375,2.0,25.86844055743131,1.7612026660027835,0.0,0.0110092861832853,52.8046875,2.0,3.40038674401547,4.848101184633036,0.0,0.0096504390418706,82.5703125,2.0,1.4667733546709345,2.2000200015556715,0.0,0.0033806058178095,61.14453125,2.0,2.8672401146896047,4.632880222997262,0.0,0.0026387766608823,145.80078125,2.0,0.0050234142772214,49.640625,2.0
2026-05-29T11:21:47Z,2.7333333333333334,48.43750000000003,0.081081081081081,0.0187315308675519,63.8359375,2.0,5.000017778963042,4.761852861035422,0.0,0.0045764697867993,96.12890625,0.0,0.4000133342222814,23.96875,0.0,0.0038778452837586,63.2578125,2.0,9.80000888948152,4.377664044908093,0.0,0.0055405000000007,88.93359375,2.0,0.2000044447407604,4.8,0.0,0.0058027926352604,80.203125,3.0,0.1333422228148543,4.6,0.0,0.0027529045689596,90.12109375,2.0,17.265911162070715,1.99433894376432,0.0,0.0109462407930689,52.8046875,2.0,1.933333333333333,4.855072516981233,0.0,0.0096504390418706,82.5703125,2.0,0.9333422228148543,2.8800154674228526,0.0,0.0033806058178095,61.14453125,2.0,0.7999688909628246,4.627593209324994,0.0,0.003830228884235,145.046875,2.0,0.0050332253432979,50.796875,2.0
2026-05-29T11:21:52Z,2.7333333333333334,48.43750000000003,0.081081081081081,0.0192321973213097,63.8359375,2.0,5.000017778963042,4.761002999597126,0.0,0.0028675333333332,171.32421875,0.0,0.4000133342222814,23.96875,0.0,0.0038778452837586,63.2578125,2.0,4.666942258375151,4.411760831519157,0.0,0.007770335035888,87.8046875,2.0,0.2000044447407604,4.8,0.0,0.0030085333333336,80.203125,3.0,0.1333422228148543,4.6,0.0,0.0027529045689596,90.12109375,2.0,15.79924449540405,1.9254471326398457,0.0,0.0096724638740197,52.8046875,2.0,0.4666666666666667,4.86551730414023,0.0,0.0085645394058659,82.390625,2.0,0.9333422228148543,2.8800154674228526,0.0,0.0033806058178095,61.14453125,2.0,0.7999688909628246,4.627593209324994,0.0,0.0037944174679231,145.046875,2.0,0.0043354884371298,50.796875,2.0
2026-05-29T11:21:57Z,2.000266702226964,40.00000000000003,0.3545454545454545,0.0170170428374002,64.0703125,2.0,5.000017778963042,4.760632494328396,0.0,0.0033117591022703,171.32421875,0.0,0.4000133342222814,23.96875,0.0,0.003494934681512,62.89453125,2.0,4.666942258375151,4.411760831519157,0.0,0.007770335035888,87.8046875,2.0,0.0666711114074271,4.8,0.0,0.0064489885359721,82.4921875,3.0,0.0666711114074271,4.649999999999999,0.0,0.0023806607355324,89.9765625,2.0,8.467213405935587,2.331326134058309,0.0,0.0095121905520304,52.8046875,2.0,0.4666666666666667,4.86551730414023,0.0,0.0085645394058659,82.390625,2.0,0.3333511128890864,3.199980442445228,0.0,0.0031946299161302,61.02734375,2.0,0.7999688909628246,4.627593209324994,0.0,0.0034688489033492,144.87109375,2.0,0.0051746945210871,50.796875,2.0
2026-05-29T11:22:02Z,2.000266702226964,40.00000000000003,0.3545454545454545,0.0170170428374002,64.0703125,2.0,4.666800008889481,4.8125936241878895,0.0,0.0028140271482792,171.32421875,0.0,0.1333422228148543,23.875,0.0,0.003198567976899,62.89453125,2.0,5.733848941042885,4.437647045904834,0.0,0.007770335035888,87.8046875,2.0,0.0666711114074271,4.799999999999999,0.0,0.0064489885359721,82.4921875,3.0,0.0666711114074271,4.649996666444429,0.0,0.0027717285339325,89.9765625,2.0,10.667648990530116,3.002468807924422,0.0,0.0095121905520304,52.8046875,2.0,0.9333955597039802,4.875247524752475,0.0,0.0081995591906091,82.390625,2.0,0.4667022251854616,3.319988976551372,0.0,0.0031946299161302,61.02734375,2.0,1.1334444565940347,4.628571428571428,0.0,0.0034688489033492,144.87109375,2.0,0.0043528236637754,50.796875,2.0
2026-05-29T11:22:07Z,2.000266702226964,40.00000000000003,0.3545454545454545,0.0153254772713129,64.0703125,2.0,4.666800008889481,4.816015925564107,0.0,0.0285705442092975,186.7578125,0.0,0.1333422228148543,23.875,0.0,0.003198567976899,62.89453125,2.0,8.866915572149255,4.488242288730994,0.0,0.0075359297745739,86.5234375,2.0,0.0666711114074271,4.799999999999999,0.0,0.0064489885359721,82.4921875,3.0,0.0666711114074271,4.649996666444429,0.0,0.0027150649608249,89.2890625,2.0,12.400982323863447,3.0123377556921964,0.0,0.0074569534610235,52.8046875,2.0,2.6667288930373134,4.918749120311723,0.0,0.0081995591906091,82.390625,2.0,0.4667022251854616,3.319988976551372,0.0,0.0033007568348999,61.01953125,2.0,1.1334444565940347,4.628571428571428,0.0,0.0035396442025202,144.890625,2.0,0.0050881410537003,50.58203125,2.0
2026-05-29T11:22:12Z,2.333333333333333,47.749999999999964,0.3679245283018868,0.0168334898211775,64.3125,2.0,4.666800008889481,4.8199772488107495,0.0,0.0314217979295095,186.7578125,0.0,0.1333422228148543,23.875,0.0,0.0031977864609974,62.84765625,2.0,8.866915572149255,4.488242288730994,0.0,0.0075359297745739,86.5234375,2.0,0.1333377780740938,4.8,0.0,0.0064489885359721,82.4921875,3.0,0.2000044447407604,4.65,0.0,0.0027150649608249,89.2890625,2.0,20.534586750227792,3.1000301371348025,0.0,0.0091301518015468,52.8125,2.0,2.6667288930373134,4.918749120311723,0.0,0.0065588957262281,82.390625,2.0,0.8666933351112296,3.400017778884019,0.0,0.0033007568348999,61.01953125,2.0,1.1334444565940347,4.628571428571428,0.0,0.0019203731244536,144.890625,2.0,0.0051182294408103,50.58203125,2.0
2026-05-29T11:22:17Z,2.333333333333333,47.749999999999964,0.3679245283018868,0.0168334898211775,64.3125,2.0,5.000022246222558,14.929653351285468,0.0,0.0365893468440096,186.7578125,0.0,0.1333377792593975,87.5,0.0,0.0031977864609974,62.84765625,2.0,12.599542258072397,4.5122736082776616,0.0,0.0072169664025898,86.5234375,2.0,0.1333422234075654,4.800000000000001,0.0,0.0061439783894162,82.3125,3.0,0.2000088900742321,4.600008889283968,0.0,0.002281551249644,89.2890625,2.0,26.266684555259577,3.0891278737792107,0.0,0.0060960593882162,52.8125,2.0,3.599875563851299,4.959999962572276,0.0,0.0088076070552726,86.26171875,2.0,1.0666533377779557,3.199993333851915,0.0,0.0033275212477,61.03515625,2.0,3.3332222296291363,4.662497453656549,0.0,0.0021882673720477,144.890625,2.0,0.0051182294408103,50.58203125,2.0
2026-05-29T11:22:22Z,2.333333333333333,47.749999999999964,0.3679245283018868,0.0177547838412494,64.29296875,2.0,5.000022246222558,14.726347986045594,0.0,0.0308482,186.7578125,0.0,0.1333377792593975,87.5,0.0,0.00291059293375,62.84765625,2.0,15.067222393201524,4.540816025955281,0.0,0.0078346380779749,86.12109375,2.0,0.1333422234075654,4.800000000000001,0.0,0.0061439783894162,82.3125,3.0,0.2000088900742321,4.600008889283968,0.0,0.0020587659920062,89.2890625,2.0,26.200240140448717,3.065829859125063,0.0,0.0075500397519463,52.8125,2.0,3.5334311490404358,4.918748130705687,0.0,0.0088076070552726,86.26171875,2.0,1.0666533377779557,3.199993333851915,0.0,0.0027613780016777,61.03515625,2.0,3.3332222296291363,4.662497453656549,0.0,0.0026437183070125,144.9296875,2.0,0.0049773256438725,50.6015625,2.0
2026-05-29T11:22:27Z,2.667022269635951,88.74999999999983,0.2857142857142857,0.0173689004554344,64.29296875,2.0,5.000022246222558,14.541903428861833,0.0,0.0428289415475131,192.54296875,0.0,0.1333377792593975,87.5,0.0,0.0030541199115404,62.8125,2.0,15.067222393201524,4.540816025955281,0.0,0.0078346380779749,86.12109375,2.0,0.1333511134817975,4.8,0.0,0.0061439783894162,82.3125,3.0,0.0666755567408987,4.75,0.0,0.0026210858468677,89.17578125,2.0,30.001560370705253,2.995035806473729,0.0,0.0092072757859325,52.8046875,2.0,3.5334311490404358,4.918748130705687,0.0,0.009296728250406,86.26171875,2.0,1.533444465483872,3.149971109827099,0.0,0.0033109606873209,61.03515625,2.0,3.3332222296291363,4.662497453656549,0.0,0.0029306579398352,144.9296875,2.0,0.0048504836905255,50.6015625,2.0
2026-05-29T11:22:32Z,2.667022269635951,88.74999999999983,0.2857142857142857,0.0173689004554344,64.29296875,2.0,4.800506768020271,8.289674465346671,0.0,0.0550920644981706,192.54296875,0.0,0.0,93.75,0.0,0.0030541199115404,62.8125,2.0,15.535933785859276,4.54974608665664,0.0,0.0084145600714603,86.12109375,2.0,0.0666755567408987,4.799999999999999,0.0,0.0039306177533506,82.203125,3.0,0.0,4.73333234559853,0.0,0.0025566244187107,89.17578125,2.0,31.2050630777798,2.6987603510677287,0.0,0.0092072757859325,52.8046875,2.0,3.667288998538473,4.896609993602127,0.0,0.010744072326151,86.26171875,2.0,1.8669778317133845,2.649991943773089,0.0,0.0028238447933118,61.03515625,2.0,2.467160098686404,4.644821402432902,0.0,0.0034432755938731,144.9296875,2.0,0.0047942650927972,50.6796875,2.0
2026-05-29T11:22:37Z,2.667022269635951,88.74999999999983,0.2857142857142857,0.0173689004554344,64.29296875,2.0,4.800506768020271,7.774066653419697,0.0,0.0554198754078908,192.54296875,0.0,0.0,93.75,0.0,0.0032550565230675,62.8125,2.0,15.534920317396812,4.489324043704823,0.0,0.008954789865361,85.44140625,2.0,0.0666755567408987,4.799999999999999,0.0,0.0052597881294453,82.203125,3.0,0.0,4.73333234559853,0.0,0.0025865548326968,88.94140625,2.0,31.404840825924,2.77041247609325,0.0,0.010585829397055,52.8046875,2.0,3.86706674668267,4.879166996546257,0.0,0.010744072326151,86.26171875,2.0,1.8669778317133845,2.649991943773089,0.0,0.0033557658042907,61.16015625,2.0,2.467160098686404,4.644821402432902,0.0,0.0028409606106149,144.9296875,2.0,0.0047294349540085,50.6796875,2.0
2026-05-29T11:22:42Z,2.466666666666667,675.0000000000005,0.0,0.02147539676958,64.27734375,2.0,4.800506768020271,7.258458841492673,0.0,0.0402592446814791,191.59375,0.0,0.0,93.75,0.0,0.0033777914867367,60.8515625,2.0,15.534920317396812,4.489324043704823,0.0,0.008954789865361,85.44140625,2.0,0.0,4.8,0.0,0.0052597881294453,82.203125,3.0,0.0666622225184987,4.733334321038868,0.0,0.0025698942537437,88.94140625,2.0,26.73528503625308,2.413352224815216,0.0,0.010585829397055,52.8046875,2.0,3.86706674668267,4.879166996546257,0.0,0.010744072326151,86.26171875,2.0,1.466853370674135,2.680006044766831,0.0,0.0035070841392654,61.16015625,2.0,2.467160098686404,4.644821402432902,0.0,0.0035191495328746,145.05859375,2.0,0.0047294349540085,50.6796875,2.0
2026-05-29T11:22:47Z,2.466666666666667,675.0000000000005,0.0,0.02147539676958,64.27734375,2.0,4.467124534832735,4.9888647832024775,0.0,0.0402592446814791,191.59375,0.0,0.1333422234075654,95.0,0.0,0.0033777914867367,60.8515625,2.0,18.133368893630266,4.423744242007005,0.0,0.008954789865361,85.44140625,2.0,0.0666755567408987,4.8,0.0,0.0052597881294453,82.203125,3.0,0.1333377792593975,4.733335308759037,0.0,0.0025698942537437,88.94140625,2.0,22.865937831700823,2.022221673476599,0.0,0.0105249665787469,52.94921875,2.0,3.2,4.8754966887417215,0.0,0.0098690870544594,86.87890625,2.0,1.0000177801484642,3.0333419760128555,0.0,0.0035467844483204,59.04296875,2.0,3.3332222296291363,4.653333333333332,0.0,0.0037712789479811,145.05859375,2.0,0.0030567500000003,50.6796875,2.0
2026-05-29T11:22:52Z,2.466666666666667,675.0000000000005,0.0,0.0212565869170195,64.27734375,2.0,4.467124534832735,4.98245243284146,0.0,0.0312142160550586,191.59375,0.0,0.1333422234075654,95.0,0.0,0.0033777914867367,60.8515625,2.0,21.06810685869227,4.316027096555064,0.0,0.0098724283396438,85.640625,2.0,0.0666755567408987,4.8,0.0,0.005403177681636,80.640625,3.0,0.1333377792593975,4.733335308759037,0.0,0.0021181996456725,88.94140625,2.0,22.732835640297523,1.862349814530244,0.0,0.0113338219541076,52.94921875,2.0,3.0668978085967016,4.849349538353195,0.0,0.0072003467138732,86.87890625,2.0,1.0000177801484642,3.0333419760128555,0.0,0.0035467844483204,59.04296875,2.0,3.3332222296291363,4.653333333333332,0.0,0.0037712789479811,145.05859375,2.0,0.0046253906156814,50.7109375,2.0
2026-05-29T11:22:57Z,2.600173344889659,708.3333333333322,0.0,0.0216897881044771,64.27734375,2.0,4.467124534832735,4.925914478553604,0.0,0.0254494116680699,192.55078125,0.0,0.1333422234075654,95.0,0.0,0.0034584260990884,60.8515625,2.0,21.06810685869227,4.316027096555064,0.0,0.0098724283396438,85.640625,2.0,0.200035562075299,4.8,0.0,0.0054070326046796,80.640625,3.0,0.1333511134817975,4.666666666666666,0.0,0.0019613849475059,88.94140625,2.0,25.60215139796417,1.765771585895094,0.0,0.0113338219541076,52.94921875,2.0,3.0668978085967016,4.849349538353195,0.0,0.0092990691226018,86.87890625,2.0,1.0667244494819754,3.0000007409767058,0.0,0.0035225944584376,59.04296875,2.0,3.3332222296291363,4.653333333333332,0.0,0.0039761983131044,143.0078125,2.0,0.0046253906156814,50.7109375,2.0
2026-05-29T11:23:02Z,2.600173344889659,708.3333333333322,0.0,0.0219336889507349,64.25390625,2.0,4.399973352888771,4.8135365676601385,0.0,0.0254494116680699,192.55078125,0.0,0.1333333339259259,24.25,0.0,0.0032901356943509,60.83984375,2.0,18.801911335138332,4.211340553733001,0.0,0.0098724283396438,85.640625,2.0,0.2000222278528989,4.8,0.0,0.0054070326046796,80.640625,3.0,0.1333377792593975,4.666660740345653,0.0,0.0027182133063934,84.3203125,2.0,25.93608921663317,1.730699138167192,0.0,0.0108191962543907,52.9296875,2.0,3.267000037634193,4.8,0.0,0.0090698078850995,87.25390625,2.0,0.9333777819261234,2.6400172452733326,0.0,0.0034771074026526,59.1015625,2.0,3.26699114696725,4.632,0.0,0.0039761983131044,143.0078125,2.0,0.0046253906156814,50.7109375,2.0
2026-05-29T11:23:07Z,2.600173344889659,708.3333333333322,0.0,0.0219336889507349,64.25390625,2.0,4.399973352888771,4.813075537173551,0.0,0.0095972005859238,190.5625,0.0,0.1333333339259259,24.25,0.0,0.0032901356943509,60.83984375,2.0,16.53328896237017,4.173214610753831,0.0,0.0105071806996812,85.69140625,2.0,0.2000222278528989,4.8,0.0,0.005339323708207,80.640625,3.0,0.1333377792593975,4.666660740345653,0.0,0.0028227887323945,84.3203125,2.0,25.869191408036468,1.7546842801251334,0.0,0.0108191962543907,52.9296875,2.0,3.2001022290374914,4.799999999999999,0.0,0.0090698078850995,87.25390625,2.0,0.9333777819261234,2.6400172452733326,0.0,0.003482618241698,59.1015625,2.0,3.26699114696725,4.632,0.0,0.0040023640153878,143.0703125,2.0,0.0035930021019349,50.7109375,2.0
2026-05-29T11:23:12Z,3.000200013334222,758.3333333333321,0.0,0.022153427721712,64.25390625,2.0,4.399973352888771,4.812871837220014,0.0,0.0095972005859238,190.5625,0.0,0.1333333339259259,24.25,0.0,0.0032825743385629,60.83984375,2.0,16.53328896237017,4.173214610753831,0.0,0.0105071806996812,85.69140625,2.0,0.1333244450369975,4.8,0.0,0.005339323708207,80.640625,3.0,0.1333288891851654,4.5,0.0,0.0027254922172974,83.74609375,2.0,25.867297822225023,1.8395482410131208,0.0,0.0100754196301565,52.9296875,2.0,3.2001022290374914,4.799999999999999,0.0,0.0090698078850995,87.25390625,2.0,0.7999733368887704,2.250072224123503,0.0,0.003482618241698,59.1015625,2.0,3.26699114696725,4.632,0.0,0.0040023640153878,143.0703125,2.0,0.0032075116719266,50.7109375,2.0
2026-05-29T11:23:17Z,3.000200013334222,758.3333333333321,0.0,0.0187457997770181,64.25390625,2.0,6.000622293342026,4.789872794438259,0.0,0.0095972005859238,190.5625,0.0,0.2666933362966519,24.25,0.0,0.0032825743385629,60.83984375,2.0,17.60009786133448,4.121511532253672,0.0,0.0105071806996812,85.69140625,2.0,0.2000133360002963,4.8,0.0,0.0054425880425882,80.640625,3.0,0.2000177801484642,4.650006666814818,0.0,0.0027254922172974,83.74609375,2.0,30.80101340326424,2.125953219145545,0.0,0.0100754196301565,52.9296875,2.0,3.800142231704336,4.827536231884058,0.0,0.008418262597271,87.25390625,2.0,1.5333911214822125,2.350021666314772,0.0,0.0022777249999997,59.1015625,2.0,3.066768895704158,4.621336979839521,0.0,0.0040023640153878,143.0703125,2.0,0.0047161653413242,51.0,2.0
2026-05-29T11:23:22Z,3.000200013334222,758.3333333333321,0.0,0.0128687000000013,64.25390625,2.0,6.000622293342026,4.7895864094244525,0.0,0.0081490096763984,190.5625,0.0,0.2666933362966519,24.25,0.0,0.0034081755448172,60.796875,2.0,19.069262658451848,4.0999867731245,0.0,0.010565046232718,85.69140625,2.0,0.2000133360002963,4.8,0.0,0.0055342863524676,80.64453125,3.0,0.2000177801484642,4.650006666814818,0.0,0.0027254922172974,83.74609375,2.0,31.20128899556543,2.1432492100876264,0.0,0.0110294694380638,53.11328125,2.0,4.200417824005531,4.850666576586747,0.0,0.0092352092352076,88.3359375,2.0,1.5333911214822125,2.350021666314772,0.0,0.0034083442689715,59.3359375,2.0,3.066768895704158,4.621336979839521,0.0,0.0033167129511847,143.07421875,2.0,0.0047579534748889,51.0,2.0
2026-05-29T11:23:27Z,2.6668444562970866,608.3333333333328,0.0,0.0144861249018963,64.25390625,2.0,6.000622293342026,4.789502139014175,0.0,0.0091223238180196,189.5703125,0.0,0.2666933362966519,24.25,0.0,0.0033133867982729,60.796875,2.0,19.069262658451848,4.0999867731245,0.0,0.0100648097293055,85.734375,2.0,0.2000311161489976,4.799999999999999,0.0,0.0055342863524676,80.64453125,3.0,0.2000266702226963,4.599995555160458,0.0,0.0027349081364836,83.74609375,2.0,33.47015151056743,2.081882288062229,0.0,0.0113793406079062,53.11328125,2.0,4.200417824005531,4.850666576586747,0.0,0.0098176465340327,88.3359375,2.0,2.200315609195123,1.1332740701231865,0.0,0.0034083442689715,59.3359375,2.0,3.066768895704158,4.621336979839521,0.0,0.0040398862568861,143.07421875,2.0,0.0047579534748889,51.0,2.0
2026-05-29T11:23:32Z,2.6668444562970866,608.3333333333328,0.0,0.0220257751362088,63.9609375,2.0,5.000160010667377,4.788257717060912,0.0,0.0091223238180196,189.5703125,0.0,0.0,24.25,0.0,0.0033133867982729,60.796875,2.0,15.802351527487088,4.17565472975541,0.0,0.0100648097293055,85.734375,2.0,0.0666800026672001,4.8,0.0,0.0045555178444367,80.64453125,3.0,0.0666755567408987,4.533315553975168,0.0,0.0026968289043764,83.6171875,2.0,31.1366448299736,1.8609550441694276,0.0,0.0113793406079062,53.11328125,2.0,4.067075601190677,4.846341469694455,0.0,0.0098176465340327,88.3359375,2.0,1.666928936601819,0.4908334037055802,0.0,0.0034083442689715,59.3359375,2.0,3.000200013334222,4.602739726027396,0.0,0.0040398862568861,143.07421875,2.0,0.0047386888273318,50.8203125,2.0
2026-05-29T11:23:37Z,2.6668444562970866,608.3333333333328,0.0,0.0220257751362088,63.9609375,2.0,5.000160010667377,4.788176465088484,0.0,0.0091223238180196,189.5703125,0.0,0.0,24.25,0.0,0.0031611092705551,60.81640625,2.0,13.000404471409205,4.253613608271078,0.0,0.009937206639955,85.734375,2.0,0.0666800026672001,4.8,0.0,0.0045444288835128,80.64453125,3.0,0.0666755567408987,4.533315553975168,0.0,0.0019662401688453,83.6171875,2.0,31.0029070240422,1.967015031783669,0.0,0.0114740858208951,53.35546875,2.0,3.933337795259279,4.845783132530121,0.0,0.0098854621201631,89.046875,2.0,1.666928936601819,0.4908334037055802,0.0,0.0027408735103452,59.3359375,2.0,3.000200013334222,4.602739726027396,0.0,0.0040165034331315,142.8046875,2.0,0.0047386888273318,50.8203125,2.0
2026-05-29T11:23:42Z,2.8,48.124999999999886,0.0,0.0224515880893334,63.9609375,2.0,5.000160010667377,4.788095150734399,0.0,0.0090528846153846,189.5703125,0.0,0.0,24.25,0.0,0.0032613405961563,60.81640625,2.0,13.000404471409205,4.253613608271078,0.0,0.009777448437693,85.74609375,2.0,0.0,4.8,0.0,0.0053933460549238,80.64453125,3.0,0.0,4.66666370357201,0.0,0.0020945340307325,83.52734375,2.0,28.06737784237353,1.9623642707235749,0.0,0.0114740858208951,53.35546875,2.0,3.933337795259279,4.845783132530121,0.0,0.0098854621201631,89.046875,2.0,1.0000044488889086,0.4913797622103783,0.0,0.0032946017306842,59.12109375,2.0,3.000200013334222,4.602739726027396,0.0,0.0038508409951968,142.8046875,2.0,0.0047386888273318,50.8203125,2.0
2026-05-29T11:23:47Z,2.8,48.124999999999886,0.0,0.0224653458094544,63.9375,2.0,5.867280070527172,4.783420436238302,0.0,0.0084546911947416,189.43359375,0.0,0.2000222248892247,24.25,0.0,0.0032613405961563,60.81640625,2.0,15.86731116059676,4.276772863336688,0.0,0.009777448437693,85.74609375,2.0,0.1333511134817975,4.8,0.0,0.0053933460549238,80.64453125,3.0,0.1333511134817975,4.666672592855979,0.0,0.0024607801418435,83.52734375,2.0,29.934208969782738,1.917656677558304,0.0,0.0122302586343662,53.35546875,2.0,4.000008906666706,4.845238083269816,0.0,0.0105747879241514,89.046875,2.0,1.2000355644450766,0.491102022418867,0.0,0.0032745533354477,59.12109375,2.0,3.733582238815921,4.600004131642907,0.0,0.0038508409951968,142.8046875,2.0,0.0047386888273318,50.8203125,2.0
2026-05-29T11:23:52Z,2.8,48.124999999999886,0.0,0.0224149797570865,63.9375,2.0,5.867280070527172,4.7833406327503045,0.0,0.0084546911947416,189.43359375,0.0,0.2000222248892247,24.25,0.0,0.0026343614554644,60.81640625,2.0,17.935177987284764,4.261605235194095,0.0,0.0092518758044778,85.74609375,2.0,0.1333511134817975,4.8,0.0,0.0055014796266785,80.64453125,3.0,0.1333511134817975,4.666672592855979,0.0,0.0024607801418435,83.52734375,2.0,30.134622332455034,1.9863899702205392,0.0,0.0124467056375697,53.41796875,2.0,4.200422269339003,4.841304347826087,0.0,0.0104825755874484,89.84765625,2.0,1.2000355644450766,0.491102022418867,0.0,0.0032745533354477,59.12109375,2.0,3.733582238815921,4.600004131642907,0.0,0.0033113060814281,142.8046875,2.0,0.0038730498489057,50.32421875,2.0
2026-05-29T11:23:57Z,3.0670756100813445,39.374999999999964,0.0,0.0224149797570865,63.9375,2.0,5.867280070527172,4.78326077042994,0.0,0.0090023478929684,189.9375,0.0,0.2000222248892247,24.25,0.0,0.0032367286589708,60.80859375,2.0,17.935177987284764,4.261605235194095,0.0,0.0100973799999997,85.46484375,2.0,0.2667022269635951,4.8,0.0,0.0057036033650409,79.19921875,3.0,0.333364447704079,4.600004444740761,0.0,0.0024870833257474,83.4921875,2.0,36.47060490790954,1.7700831234385532,0.0,0.0124467056375697,53.41796875,2.0,4.200422269339003,4.841304347826087,0.0,0.0104825755874484,89.84765625,2.0,1.6669200441563867,0.4896149948395467,0.0,0.0034783471312878,59.125,2.0,3.733582238815921,4.600004131642907,0.0,0.0038689908493361,142.76953125,2.0,0.0049027757551037,50.32421875,2.0
2026-05-29T11:24:02Z,3.0670756100813445,39.374999999999964,0.0,0.0107351999999991,63.9375,2.0,6.199786680887941,4.787447558686524,0.0,0.0090023478929684,189.9375,0.0,0.3333200008888296,24.25,0.0,0.0030332965167961,60.80859375,2.0,19.867169095425645,4.28876427564421,0.0,0.0100973799999997,85.46484375,2.0,0.2666844468151309,4.799999999999999,0.0,0.0057036033650409,79.19921875,3.0,0.3333466675556148,4.649996666444429,0.0,0.0024955156950667,83.4921875,2.0,38.66850713071396,1.567370783303076,0.0,0.0122140139703116,53.41796875,2.0,4.600120048893215,4.858762424372389,0.0,0.0101632045729096,89.84765625,2.0,2.0001333742294536,0.475,0.0,0.0035784995302637,59.125,2.0,3.8001333760040303,4.623065903068638,0.0,0.0038689908493361,142.76953125,2.0,0.0049027757551037,50.32421875,2.0
2026-05-29T11:24:07Z,3.0670756100813445,39.374999999999964,0.0,0.0107351999999991,63.9375,2.0,6.199786680887941,4.787447558686524,0.0,0.0071095663041481,189.77734375,0.0,0.3333200008888296,24.25,0.0,0.0030332965167961,60.80859375,2.0,19.865968935404307,4.2760507909917695,0.0,0.0089202148561589,85.46484375,2.0,0.2666844468151309,4.799999999999999,0.0,0.0056700844390829,79.19921875,3.0,0.3333466675556148,4.649996666444429,0.0,0.0024955156950667,83.4921875,2.0,38.60155598167187,1.6226343495409647,0.0,0.0126426357923715,56.43359375,2.0,4.5331688998511215,4.8410810810810805,0.0,0.01028981679802,90.13671875,2.0,2.0001333742294536,0.475,0.0,0.0035784995302637,59.125,2.0,3.8001333760040303,4.623065903068638,0.0,0.0039640502082374,142.76953125,2.0,0.004836528200466,50.46484375,2.0
2026-05-29T11:24:12Z,2.6,48.95833333333336,0.0,0.0241575697759801,64.05859375,2.0,6.199786680887941,4.787447558686524,0.0,0.0086802003306428,189.77734375,0.0,0.3333200008888296,24.25,0.0,0.0030332965167961,60.80859375,2.0,19.865968935404307,4.2760507909917695,0.0,0.0099102678372474,84.69921875,2.0,0.2666666666666666,4.800000000000001,0.0,0.0056700844390829,79.19921875,3.0,0.2000044447407604,4.68,0.0,0.0015466249999995,83.4921875,2.0,31.198906739550697,1.5809185901187202,0.0,0.0126426357923715,56.43359375,2.0,4.5331688998511215,4.8410810810810805,0.0,0.01028981679802,90.13671875,2.0,1.6666133368886518,0.475,0.0,0.0035784995302637,59.125,2.0,3.8001333760040303,4.623065903068638,0.0,0.0040272504406673,142.796875,2.0,0.004836528200466,50.46484375,2.0
2026-05-29T11:24:17Z,2.6,48.95833333333336,0.0,0.0241575697759801,64.05859375,2.0,3.733697817486184,4.790392904951716,0.0,0.0086802003306428,189.77734375,0.0,0.0,24.25,0.0,0.002405164001845,60.80859375,2.0,14.867448993199092,4.268518394481939,0.0,0.0099102678372474,84.69921875,2.0,0.1333333333333333,4.8,0.0,0.0059224044546653,83.51171875,3.0,0.0666711114074271,4.680002133437634,0.0,0.0023857676237887,83.109375,2.0,24.00126239054096,1.7563092017800723,0.0,0.0126426357923715,56.43359375,2.0,3.53352891496644,4.841989414257981,0.0,0.01028981679802,90.13671875,2.0,1.13340445392719,0.475,0.0,0.0028778144118234,59.125,2.0,2.3334844645952795,4.627156992100721,0.0,0.0040272504406673,142.796875,2.0,0.0049398081534765,50.46484375,2.0
2026-05-29T11:24:22Z,2.6,48.95833333333336,0.0,0.0241575697759801,64.05859375,2.0,3.733697817486184,4.790392904951716,0.0,0.0073346728327228,189.77734375,0.0,0.0,24.25,0.0,0.0023926196375211,60.80859375,2.0,13.20127124801608,4.262611223238841,0.0,0.0099102678372474,84.69921875,2.0,0.1333333333333333,4.8,0.0,0.0062531535450197,83.51171875,3.0,0.0666711114074271,4.680002133437634,0.0,0.0023857676237887,83.109375,2.0,23.40136017483769,1.6476288340677208,0.0,0.012138261997406,56.42578125,2.0,2.9336266992631708,4.842696165441442,0.0,0.0101152536414967,90.296875,2.0,1.13340445392719,0.475,0.0,0.0027897970418958,59.125,2.0,2.3334844645952795,4.627156992100721,0.0,0.0040627829857801,142.796875,2.0,0.0049398081534765,50.46484375,2.0
2026-05-29T11:24:27Z,2.066804453630242,49.500000000000014,0.0,0.0222592460033414,63.23828125,2.0,3.733697817486184,4.790392904951716,0.0,0.007366133835726,190.296875,0.0,0.0,24.25,0.0,0.0021258273807977,60.80859375,2.0,13.20127124801608,4.262611223238841,0.0,0.009786772737578,85.0703125,2.0,0.0,4.800000000000001,0.0,0.0062531535450197,83.51171875,3.0,0.0,4.68,0.0,0.0023857676237887,83.109375,2.0,21.002031330692528,1.6853425400424331,0.0,0.012138261997406,56.42578125,2.0,2.9336266992631708,4.842696165441442,0.0,0.0101152536414967,90.296875,2.0,1.0001022337791805,0.475,0.0,0.0024634401005278,59.125,2.0,2.3334844645952795,4.627156992100721,0.0,0.0033104571463883,142.796875,2.0,0.0047679253963763,50.421875,2.0
2026-05-29T11:24:32Z,2.066804453630242,49.500000000000014,0.0,0.0221802628316407,63.23828125,2.0,3.733462230815388,4.794088741782028,0.0,0.0086462889701674,190.296875,0.0,0.1333422228148543,24.25,0.0,0.0032393875130299,60.76171875,2.0,15.201013400893393,4.261830090634805,0.0,0.009786772737578,85.0703125,2.0,0.0666711114074271,4.8,0.0,0.0060073676251042,84.07421875,3.0,0.0666711114074271,4.679997866533917,0.0,0.0019607958083898,83.109375,2.0,20.068004533635573,1.5486243756000713,0.0,0.012138261997406,56.42578125,2.0,2.7335155677045133,4.845782599283576,0.0,0.0101152536414967,90.296875,2.0,0.8000533368891259,0.4826611200603338,0.0,0.0034101141858672,53.72265625,2.0,2.866857790519368,4.63683886097936,0.0,0.0039717923604311,143.0625,2.0,0.0045930849039864,50.421875,2.0
2026-05-29T11:24:37Z,2.066804453630242,49.500000000000014,0.0,0.0221802628316407,63.23828125,2.0,3.733462230815388,4.794088741782028,0.0,0.0091287743002895,190.65234375,0.0,0.1333422228148543,24.25,0.0,0.0032662591011032,60.76171875,2.0,15.066711178074272,4.292833033915835,0.0,0.009786772737578,85.0703125,2.0,0.0666711114074271,4.8,0.0,0.0060073676251042,84.07421875,3.0,0.0666711114074271,4.679997866533917,0.0,0.0017581086253848,83.109375,2.0,20.13457341600551,1.3390817977628864,0.0,0.0107528609857287,56.42578125,2.0,2.8000844500744497,4.850000533643286,0.0,0.0094294391192961,90.3359375,2.0,0.8000533368891259,0.4826611200603338,0.0,0.0034101141858672,53.72265625,2.0,2.866857790519368,4.63683886097936,0.0,0.0039761814964163,143.0625,2.0,0.0045930849039864,50.421875,2.0
2026-05-29T11:24:42Z,2.8000000000000003,875.0,0.0,0.0221802628316407,63.23828125,2.0,3.733462230815388,4.794088741782028,0.0,0.0091287743002895,190.65234375,0.0,0.1333422228148543,24.25,0.0,0.0032662591011032,60.76171875,2.0,15.066711178074272,4.292833033915835,0.0,0.0090293703114342,84.87890625,2.0,0.2000044447407604,4.8,0.0,0.0059879945840241,84.07421875,3.0,0.2000044447407604,4.720000000000001,0.0,0.0015624673382884,83.109375,2.0,24.26723559348401,1.5797356257832331,0.0,0.0107528609857287,56.42578125,2.0,2.8000844500744497,4.850000533643286,0.0,0.0094294391192961,90.3359375,2.0,1.0666888903704692,0.4836364473855933,0.0,0.0031281832273583,53.72265625,2.0,2.866857790519368,4.63683886097936,0.0,0.0040822635414942,143.33984375,2.0,0.0045930849039864,50.421875,2.0
2026-05-29T11:24:47Z,2.8000000000000003,875.0,0.0,0.0156154373149852,63.25390625,2.0,6.133551125630597,4.791752671796999,0.0,0.0084990175273127,190.65234375,0.0,0.2666755561481876,24.25,0.0,0.0032662591011032,60.76171875,2.0,16.732897812738805,4.225962138607924,0.0,0.0090293703114342,84.87890625,2.0,0.2666755561481876,4.8,0.0,0.0059879945840241,84.07421875,3.0,0.2666755561481876,4.700001666750005,0.0,0.0024824714546589,82.859375,2.0,32.00003555792608,1.5015918112952011,0.0,0.0115547051599239,56.42578125,2.0,4.0,4.851701821410986,0.0,0.0094294391192961,90.3359375,2.0,1.6666844456297083,0.4848960532505148,0.0,0.0032453212591635,53.91015625,2.0,3.8666666666666663,4.642111332884587,0.0,0.0040822635414942,143.33984375,2.0,0.0045930849039864,50.421875,2.0
2026-05-29T11:24:52Z,2.8000000000000003,875.0,0.0,0.0173917253937681,63.25390625,2.0,6.133551125630597,4.791752671796999,0.0,0.0067587728634493,190.65234375,0.0,0.2666755561481876,24.25,0.0,0.0036201442151366,54.17578125,2.0,18.535178140812956,4.236065573770491,0.0,0.0090293703114342,84.87890625,2.0,0.2666755561481876,4.8,0.0,0.0057946644340001,84.546875,3.0,0.2666755561481876,4.700001666750005,0.0,0.0024824714546589,82.859375,2.0,32.73382231527756,1.4282062532369952,0.0,0.0108508005648239,56.42578125,2.0,4.733786757351471,4.849672632609032,0.0,0.0098127838172564,90.84375,2.0,1.6666844456297083,0.4848960532505148,0.0,0.0032453212591635,53.91015625,2.0,3.8666666666666663,4.642111332884587,0.0,0.0040822635414942,143.33984375,2.0,0.0045202574291655,50.421875,2.0
2026-05-29T11:24:57Z,2.933724496599547,349.999999999993,0.0,0.0213154569453958,63.25390625,2.0,6.133551125630597,4.791752671796999,0.0,0.0062432082844099,190.65234375,0.0,0.2666755561481876,24.25,0.0,0.0027339575646995,54.17578125,2.0,18.535178140812956,4.236065573770491,0.0,0.0093984013462323,84.87890625,2.0,0.2000177795557531,4.8,0.0,0.0054852513045856,84.546875,3.0,0.2000177795557531,4.6,0.0,0.0025740046067787,82.859375,2.0,34.40260481961147,1.284383706252794,0.0,0.0108508005648239,56.42578125,2.0,4.733786757351471,4.849672632609032,0.0,0.0098127838172564,90.84375,2.0,1.7334577931871606,0.4839622641509433,0.0,0.0021110887443875,54.16796875,2.0,3.8666666666666663,4.642111332884587,0.0,0.0040952132977833,138.01171875,2.0,0.0046621155260533,50.734375,2.0
2026-05-29T11:25:02Z,2.933724496599547,349.999999999996,0.0,0.0213154569453958,63.25390625,2.0,5.267186723858668,4.788349638992733,0.0,0.0088885474050449,192.67578125,0.0,0.0,24.25,0.0,0.0030842852895457,54.17578125,2.0,16.86951605549807,4.232432536324745,0.0,0.0072227105945851,84.87890625,2.0,0.0666755567408987,4.800000000000001,0.0,0.0054852513045856,84.546875,3.0,0.0666755567408987,4.599995555259239,0.0,0.0025164943480903,81.0078125,2.0,30.0708272516396,1.4328441926625233,0.0,0.0109236985429356,56.4453125,2.0,4.06736012268907,4.849672632609032,0.0,0.0098127838172564,90.84375,2.0,1.3335111348179758,0.4936274996819022,0.0,0.0024027662331633,54.16796875,2.0,3.200426723563142,4.623999999999999,0.0,0.0040952132977833,138.01171875,2.0,0.0046621155260533,50.734375,2.0
2026-05-29T11:25:07Z,2.933724496599547,349.999999999996,0.0,0.0210791364059134,63.265625,2.0,5.267186723858668,4.788349638992733,0.0,0.009695339883928,192.67578125,0.0,0.0,24.25,0.0,0.0029078969213482,54.140625,2.0,16.4004801777939,4.219262201717561,0.0,0.0064395104823991,84.87890625,2.0,0.0666755567408987,4.800000000000001,0.0,0.0054852513045856,84.546875,3.0,0.0666755567408987,4.599995555259239,0.0,0.0025164943480903,81.0078125,2.0,29.67024939147276,1.4179035476001325,0.0,0.0112743579785448,56.4453125,2.0,3.666782262522233,4.848101834139754,0.0,0.0098762305371439,90.39453125,2.0,1.3335111348179758,0.4936274996819022,0.0,0.0026944437219392,54.16796875,2.0,3.200426723563142,4.623999999999999,0.0,0.0040952132977833,138.01171875,2.0,0.0047720502092047,50.734375,2.0
2026-05-29T11:25:12Z,2.8666666666666667,50.0,0.0,0.0229104919976253,63.265625,2.0,5.267186723858668,4.788349638992733,0.0,0.009695339883928,192.67578125,0.0,0.0,24.25,0.0,0.0036307865168538,54.140625,2.0,16.4004801777939,4.219262201717561,0.0,0.0099766397542973,85.12109375,2.0,0.0666666666666666,4.800000000000001,0.0,0.0055172242434993,84.72265625,3.0,0.0666622225184987,4.533339259390949,0.0,0.0025164943480903,81.0078125,2.0,29.601466887138848,1.428600971984637,0.0,0.0112743579785448,56.4453125,2.0,3.666782262522233,4.848101834139754,0.0,0.0098762305371439,90.39453125,2.0,1.2667377872605237,0.4929248063930038,0.0,0.0030725247800469,53.30078125,2.0,3.200426723563142,4.623999999999999,0.0,0.0030315000000001,138.01171875,2.0,0.0048208465236249,50.74609375,2.0
2026-05-29T11:25:17Z,2.8666666666666667,50.0,0.0,0.0229104919976253,63.265625,2.0,4.600488989057703,4.789610038764937,0.0,0.0079631866191652,192.67578125,0.0,0.1333511158531163,24.25,0.0,0.0037343412526994,54.18359375,2.0,17.666168945780306,4.262205514807528,0.0,0.0099766397542973,85.12109375,2.0,0.1333511158531163,4.8,0.0,0.0055197309759757,84.72265625,3.0,0.1333466717049485,4.533357037563796,0.0,0.0017272123257959,81.0078125,2.0,28.599928911410647,1.632498166462938,0.0,0.0111511301972916,56.59375,2.0,3.4665422305179656,4.84393063583815,0.0,0.0098762305371439,90.39453125,2.0,1.4000355650395662,0.4825396346636666,0.0,0.0035846172220231,53.30078125,2.0,3.0,4.625,0.0,0.004227531784305,138.07421875,2.0,0.0048208465236249,50.74609375,2.0
2026-05-29T11:25:22Z,2.8666666666666667,50.0,0.0,0.0225817935832979,63.390625,2.0,4.600488989057703,4.789610038764937,0.0,0.0071552416288379,192.67578125,0.0,0.1333511158531163,24.25,0.0,0.0037343412526994,54.18359375,2.0,18.602596247888325,4.223621477256302,0.0,0.0099766397542973,85.12109375,2.0,0.1333511158531163,4.8,0.0,0.0055197309759757,84.72265625,3.0,0.1333466717049485,4.533357037563796,0.0,0.0020349011268593,81.21875,2.0,28.600426755574286,1.739779474630258,0.0,0.0119877473400428,56.59375,2.0,3.467040074681603,4.842456677271668,0.0,0.0102727613026655,90.41796875,2.0,1.4000355650395662,0.4825396346636666,0.0,0.0035846172220231,53.30078125,2.0,3.0,4.625,0.0,0.004227531784305,138.07421875,2.0,0.0048208465236249,50.74609375,2.0
2026-05-29T11:25:27Z,2.800746865830888,35.0,0.0,0.0212270545981305,63.390625,2.0,4.600488989057703,4.789610038764937,0.0,0.0065050699964225,192.67578125,0.0,0.1333511158531163,24.25,0.0,0.0037343412526994,54.18359375,2.0,18.602596247888325,4.223621477256302,0.0,0.0101064083109606,85.56640625,2.0,0.2000444545208499,4.8,0.0,0.0057326091939827,85.80078125,3.0,0.2667377967457989,4.533333333333333,0.0,0.0025348863317428,81.21875,2.0,27.136627329022307,1.7138825460585918,0.0,0.0119877473400428,56.59375,2.0,3.467040074681603,4.842456677271668,0.0,0.0102727613026655,90.41796875,2.0,1.466862263712634,0.4818837719467763,0.0,0.0029508270253592,53.30078125,2.0,3.0,4.625,0.0,0.004227531784305,138.07421875,2.0,0.003070049117383,50.69921875,2.0
2026-05-29T11:25:32Z,2.800746865830888,35.0,0.0,0.0212270545981305,63.390625,2.0,5.8006490708627485,4.788596737998814,0.0,0.008281421015063,189.0390625,0.0,0.4000400151148454,24.25,0.0,0.0034185919716487,54.18359375,2.0,19.13821464983156,4.253773292076847,0.0,0.0101064083109606,85.56640625,2.0,0.3333466728898965,4.800000000000001,0.0,0.0058723825314896,85.80078125,3.0,0.4000400151148454,4.599991110123346,0.0,0.0025348863317428,81.21875,2.0,29.60665934793036,1.6482179038707596,0.0,0.0120286537538018,56.88671875,2.0,3.8008891010886448,4.8,0.0,0.0102727613026655,90.41796875,2.0,1.8002934097954413,0.481690268589858,0.0,0.003395801036453,53.21484375,2.0,3.000604579588117,4.616007623806854,0.0,0.0040890666901122,138.05078125,2.0,0.003477149945148,50.69921875,2.0
2026-05-29T11:25:37Z,2.800746865830888,35.0,0.0,0.0175484944823353,63.390625,2.0,5.8006490708627485,4.788596737998814,0.0,0.0075956068527835,189.0390625,0.0,0.4000400151148454,24.25,0.0,0.0036355213392121,54.16796875,2.0,18.33511179276054,4.245183923529547,0.0,0.0100431072370356,85.9453125,2.0,0.3333466728898965,4.800000000000001,0.0,0.0058723825314896,85.80078125,3.0,0.4000400151148454,4.599991110123346,0.0,0.0025348863317428,81.21875,2.0,29.47295260658209,1.704759770173495,0.0,0.0113604974263193,56.88671875,2.0,3.667182359740375,4.8,0.0,0.0095858565005968,90.4375,2.0,1.8002934097954413,0.481690268589858,0.0,0.003395801036453,53.21484375,2.0,3.000604579588117,4.616007623806854,0.0,0.0040890666901122,138.05078125,2.0,0.0038842507729131,50.69921875,2.0
2026-05-29T11:25:42Z,2.199853343110459,44.249999999999964,0.0,0.0214309455035614,63.3515625,2.0,5.8006490708627485,4.788596737998814,0.0,0.0075956068527835,189.0390625,0.0,0.4000400151148454,24.25,0.0,0.0036355213392121,54.16796875,2.0,18.33511179276054,4.245183923529547,0.0,0.0064196978304288,85.9453125,2.0,0.266653334222163,4.800000000000001,0.0,0.0058723825314896,85.80078125,3.0,0.266648890073995,4.680002133437634,0.0,0.0019129730943024,81.21875,2.0,30.070085366467403,1.923859687693422,0.0,0.0113604974263193,56.88671875,2.0,3.667182359740375,4.8,0.0,0.0095858565005968,90.4375,2.0,1.60013337778904,0.4820898414954044,0.0,0.003395801036453,53.21484375,2.0,3.000604579588117,4.616007623806854,0.0,0.0040279345827549,138.05078125,2.0,0.0048852099331803,50.69921875,2.0
2026-05-29T11:25:47Z,2.199853343110459,44.249999999999964,0.0,0.0218264027342652,63.3515625,2.0,6.399826678221452,4.787654320987654,0.0,0.0075956068527835,189.0390625,0.0,0.5333155567406618,24.25,0.0,0.0040385869274763,54.171875,2.0,16.865613403550874,4.278075744170602,0.0,0.0071444165236347,86.1953125,2.0,0.3333333333333333,4.8,0.0,0.0058458388726401,86.8671875,3.0,0.3333288891851654,4.733334650267542,0.0,0.0026972881674017,81.01953125,2.0,32.1323556207364,1.956314417222185,0.0,0.0120481559376413,57.39453125,2.0,3.9998488989622913,4.822093260183734,0.0,0.0095858565005968,90.4375,2.0,1.86661778103682,0.475,0.0,0.0034269066736081,53.3515625,2.0,2.799906672888474,4.621921603141207,0.0,0.0040866558015665,138.12890625,2.0,0.004953245865207,47.9375,2.0
2026-05-29T11:25:52Z,2.199853343110459,44.249999999999964,0.0,0.0222965923957044,63.48828125,2.0,6.399826678221452,4.787654320987654,0.0,0.0075956068527835,189.0390625,0.0,0.5333155567406618,24.25,0.0,0.0044801688811624,54.171875,2.0,16.999524476146036,4.2752212389380535,0.0,0.0079664894431008,86.1953125,2.0,0.3333333333333333,4.8,0.0,0.0059935032894732,86.8671875,3.0,0.3333288891851654,4.733334650267542,0.0,0.0026972881674017,81.01953125,2.0,32.465688954069726,2.1462365591397807,0.0,0.0120481559376413,57.39453125,2.0,4.333182232295625,4.821714285714286,0.0,0.0099742718656664,90.5234375,2.0,1.86661778103682,0.475,0.0,0.0034269066736081,53.3515625,2.0,2.799906672888474,4.621921603141207,0.0,0.0040866558015665,138.12890625,2.0,0.004953245865207,47.9375,2.0
2026-05-29T11:25:57Z,3.333333333333333,42.65624999999999,0.0,0.0222965923957044,63.48828125,2.0,6.399826678221452,4.787654320987654,0.0,0.0079794801871864,190.3671875,0.0,0.5333155567406618,24.25,0.0,0.0044801688811624,54.171875,2.0,16.999524476146036,4.2752212389380535,0.0,0.0098648750335933,86.1953125,2.0,0.6000222237038024,4.8,0.0,0.0059935032894732,86.8671875,3.0,0.5333511122963752,4.666664032694183,0.0,0.0026972881674017,81.01953125,2.0,32.13332901896295,2.0630170408579005,0.0,0.0120481559376413,57.39453125,2.0,4.333182232295625,4.821714285714285,0.0,0.0099742718656664,90.5234375,2.0,2.66661778103682,0.475,0.0,0.0032947557737872,53.3515625,2.0,2.799906672888474,4.621921603141207,0.0,0.0040593687526513,138.12890625,2.0,0.004960091689196,47.9375,2.0
2026-05-29T11:26:02Z,3.333333333333333,42.65624999999999,0.0,0.0222965923957044,63.48828125,2.0,4.533333333333334,4.798239053607814,0.0,0.0083821003621313,190.3671875,0.0,0.1333333333333333,24.25,0.0,0.0036156331811472,54.171875,2.0,15.866666666666667,4.21881168338986,0.0,0.0084113953071159,86.1953125,2.0,0.4000222237038024,4.8,0.0,0.0058212469577947,87.6640625,3.0,0.3333511122963752,4.666653496934333,0.0,0.0027743695848958,81.05859375,2.0,26.467640064893214,1.8433457189498843,0.0,0.0126180009474176,57.39453125,2.0,3.533333333333333,4.845238095238095,0.0,0.0099742718656664,90.5234375,2.0,1.9333333333333331,0.475,0.0,0.0031541061237705,53.58984375,2.0,2.7334266728893035,4.6179104477611945,0.0,0.0039660817977913,138.13671875,2.0,0.004960091689196,47.9375,2.0
2026-05-29T11:26:07Z,3.333333333333333,42.65624999999999,0.0,0.0225161725913821,63.48828125,2.0,4.533333333333334,4.798239053607814,0.0,0.0083821003621313,190.3671875,0.0,0.1333333333333333,24.25,0.0,0.004160823367461,54.33984375,2.0,14.733333333333333,4.242596939638754,0.0,0.0100212177284348,84.296875,2.0,0.4000222237038024,4.8,0.0,0.0058212469577947,87.6640625,3.0,0.3333511122963752,4.666653496934333,0.0,0.0027743695848958,81.05859375,2.0,26.26764006489321,1.81456759368246,0.0,0.0115492120430447,57.9296875,2.0,3.333333333333333,4.846343008181574,0.0,0.0101725670600252,85.984375,2.0,1.9333333333333331,0.475,0.0,0.0031541061237705,53.58984375,2.0,2.7334266728893035,4.617910447761194,0.0,0.0039660817977913,138.13671875,2.0,0.0046605679293544,48.265625,2.0
2026-05-29T11:26:12Z,2.6,42.67857142857149,0.0,0.0224554621513172,64.1328125,2.0,4.533333333333334,4.798239053607814,0.0,0.0081065382642354,190.02734375,0.0,0.1333333333333333,24.25,0.0,0.004160823367461,54.33984375,2.0,14.733333333333333,4.242596939638754,0.0,0.0099837080858749,84.296875,2.0,0.1333333333333333,4.799999999999999,0.0,0.0056154287959857,87.6640625,3.0,0.1333333333333333,4.6444413717497,0.0,0.0027743695848958,81.05859375,2.0,25.53240895051441,1.767553565734909,0.0,0.0115492120430447,57.9296875,2.0,3.333333333333333,4.846343008181574,0.0,0.0101725670600252,85.984375,2.0,1.2,0.475,0.0,0.0032197984436795,53.58984375,2.0,2.7334266728893035,4.617910447761194,0.0,0.0039660817977913,138.13671875,2.0,0.0045708374710363,48.265625,2.0
2026-05-29T11:26:17Z,2.6,42.67857142857149,0.0,0.0224554621513172,64.1328125,2.0,5.467235621934382,4.797259448841731,0.0,0.0081065382642354,190.02734375,0.0,0.1333511140746272,24.25,0.0,0.004215085861017,54.33984375,2.0,16.600631160301,4.233689696611927,0.0,0.0099837080858749,84.296875,2.0,0.1333466693338667,4.799999999999999,0.0,0.0056154287959857,87.6640625,3.0,0.1333466693338667,4.600011428680272,0.0,0.0028753775511985,81.2890625,2.0,28.33327568029746,1.9785711280981133,0.0,0.0112991328239038,57.9296875,2.0,3.733457786074627,4.870807453416148,0.0,0.0101725670600252,85.984375,2.0,1.266724451853057,0.475,0.0,0.0026652954883705,53.58984375,2.0,3.4667822299264395,4.608951234785746,0.0,0.0039975295570862,138.13671875,2.0,0.0044966810246164,48.484375,2.0
2026-05-29T11:26:22Z,2.6,42.67857142857149,0.0,0.0234906327486446,61.32421875,2.0,5.467235621934382,4.797259448841731,0.0,0.0081065382642354,190.02734375,0.0,0.1333511140746272,24.25,0.0,0.0040567217031441,54.28125,2.0,17.535684837703144,4.255772046709875,0.0,0.0099837080858749,84.296875,2.0,0.1333466693338667,4.8,0.0,0.0042350862050725,87.6640625,3.0,0.1333466693338667,4.600011428680272,0.0,0.0023624175374908,81.2890625,2.0,28.800253499562253,2.000023425595166,0.0,0.0112991328239038,57.9296875,2.0,4.200435605339418,4.891565149570767,0.0,0.0106771617613502,85.984375,2.0,1.266724451853057,0.475,0.0,0.0023969789513972,53.58984375,2.0,3.4667822299264395,4.608951234785746,0.0,0.0040022461481342,138.4453125,2.0,0.0044966810246164,48.484375,2.0
2026-05-29T11:26:27Z,2.9339201173568044,43.95833333333333,0.0,0.0234906327486446,61.32421875,2.0,5.467235621934382,4.797259448841731,0.0,0.0081065382642354,93.8984375,0.0,0.1333511140746272,24.25,0.0,0.0040567217031441,54.28125,2.0,17.535684837703144,4.255772046709875,0.0,0.0097867715365074,84.40625,2.0,0.2000311161489976,4.799999999999999,0.0,0.0025185666666667,87.6640625,3.0,0.2000311161489976,4.533333333333332,0.0,0.0029788698235617,81.2890625,2.0,32.736884865534485,1.8574325427139808,0.0,0.0117500882653539,58.0546875,2.0,4.200435605339418,4.891565149570767,0.0,0.0106771617613502,85.984375,2.0,1.466840022818075,0.475,0.0,0.0033603261326387,53.37890625,2.0,3.4667822299264395,4.608951234785746,0.0,0.0040022461481342,138.4453125,2.0,0.004187843012126,48.484375,2.0
2026-05-29T11:26:32Z,2.9339201173568044,43.95833333333333,0.0,0.0234906327486446,61.32421875,2.0,7.200408943414677,4.795614458488962,0.0,0.0054619189183866,94.2890625,0.0,0.6667111170378273,24.25,0.0,0.0040567217031441,54.28125,2.0,16.936049365716144,4.243157894736842,0.0,0.0097867715365074,84.40625,2.0,0.4666844468151309,4.8,0.0,0.0055919161402547,88.58984375,3.0,0.4666844468151309,4.571428571428571,0.0,0.0029788698235617,81.2890625,2.0,38.20502289194115,1.5580430804349263,0.0,0.0111610871276909,58.0546875,2.0,5.067342312308308,4.86666692659019,0.0,0.0107167583114798,85.984375,2.0,2.400231141930035,0.475,0.0,0.0032783083219646,53.37890625,2.0,3.0004934177927733,4.611424806927588,0.0,0.0039023931475521,138.4453125,2.0,0.0043241087888641,48.5859375,2.0
2026-05-29T11:26:37Z,2.9339201173568044,43.95833333333333,0.0,0.0233443362322992,61.44140625,2.0,7.200408943414677,4.795614458488962,0.0,0.0060977836313744,94.2890625,0.0,0.6667111170378273,24.25,0.0,0.0037852083926703,54.2890625,2.0,16.73432902164733,4.255958549222797,0.0,0.0098465840552682,84.40625,2.0,0.4666844468151309,4.8,0.0,0.0055919161402547,88.58984375,3.0,0.4666844468151309,4.571428571428571,0.0,0.0023282598301806,81.2890625,2.0,37.738293994754855,1.3237311974756605,0.0,0.0111610871276909,58.0546875,2.0,4.600613415122016,4.865516973599744,0.0,0.0107783218173694,85.984375,2.0,2.400231141930035,0.475,0.0,0.0032783083219646,53.37890625,2.0,3.0004934177927733,4.611424806927588,0.0,0.0039083089118923,138.69140625,2.0,0.0043241087888641,48.5859375,2.0
2026-05-29T11:26:42Z,2.799813345776948,47.49999999999997,0.0,0.0232777138833477,61.44140625,2.0,7.200408943414677,4.795614458488962,0.0,0.0076303765558531,94.2890625,0.0,0.6667111170378273,24.25,0.0,0.0037852083926703,54.2890625,2.0,16.73432902164733,4.255958549222797,0.0,0.0096881454102055,84.48828125,2.0,0.5333200008888296,4.8,0.0,0.0055919161402547,88.58984375,3.0,0.5333333333333333,4.650002916804404,0.0,0.0028357345154537,81.1953125,2.0,34.73592034493488,1.3200833566312522,0.0,0.0114988153206099,58.0703125,2.0,4.600613415122016,4.865516973599744,0.0,0.0107783218173694,85.984375,2.0,2.533448904298351,0.475,0.0,0.0032585115513912,53.4140625,2.0,3.0004934177927733,4.611424806927588,0.0,0.0039083089118923,138.69140625,2.0,0.0043241087888641,48.5859375,2.0
2026-05-29T11:26:47Z,2.799813345776948,47.49999999999997,0.0,0.0232777138833477,61.44140625,2.0,4.733511165042213,4.781434223125297,0.0,0.008672301611432,94.875,0.0,0.1333377792593975,24.25,0.0,0.0040133191747576,54.2890625,2.0,16.266168925627653,4.301430284295884,0.0,0.0075669181625751,84.48828125,2.0,0.2666622242963951,4.8,0.0,0.0057058526422131,88.62890625,3.0,0.2666755567408988,4.650008750461829,0.0,0.0028338944741363,81.1953125,2.0,28.466142308741848,1.744874442201506,0.0,0.0124229042756152,58.0703125,2.0,3.666795596744633,4.863332864166253,0.0,0.0091855852505905,85.984375,2.0,1.5333244485927902,0.4870255854032077,0.0,0.0034132742723705,53.4140625,2.0,3.3997733484434374,4.618181818181818,0.0,0.004056660596721,139.625,2.0,0.0038093045097974,48.7109375,2.0
2026-05-29T11:26:52Z,2.799813345776948,47.49999999999997,0.0,0.0192807228621324,61.515625,2.0,4.733511165042213,4.781434223125297,0.0,0.008672301611432,94.875,0.0,0.1333377792593975,24.25,0.0,0.0037457497526314,54.2890625,2.0,16.266728962963477,4.313074602658261,0.0,0.0093141331067347,84.48828125,2.0,0.2666622242963951,4.8,0.0,0.0057058526422131,88.62890625,3.0,0.2666755567408988,4.650008750461829,0.0,0.0028338944741363,81.1953125,2.0,28.46589338666335,1.6930686753605575,0.0,0.0124229042756152,58.0703125,2.0,3.6665466746661335,4.8612898246097,0.0,0.0104321182083486,85.98828125,2.0,1.5333244485927902,0.4870255854032077,0.0,0.0034132742723705,53.4140625,2.0,3.3997733484434374,4.618181818181818,0.0,0.004056660596721,139.625,2.0,0.004488076161749,48.7109375,2.0
2026-05-29T11:26:57Z,3.0670756100813445,537.4999999999973,0.0,0.0228205742751059,61.515625,2.0,4.733511165042213,4.781434223125297,0.0,0.0091194560433359,94.875,0.0,0.1333377792593975,24.25,0.0,0.0037457497526314,54.2890625,2.0,16.266728962963477,4.313074602658261,0.0,0.0093141331067347,84.48828125,2.0,0.1333511134817975,4.800000000000001,0.0,0.0057058526422131,88.62890625,3.0,0.1333466681483259,4.675004861462217,0.0,0.0028126621079934,81.2265625,2.0,28.60121809662468,1.851642623163024,0.0,0.012280545599362,58.0703125,2.0,3.6665466746661335,4.8612898246097,0.0,0.0104321182083486,85.98828125,2.0,1.266755572742677,0.4876666572895674,0.0,0.0034365996241908,53.58984375,2.0,3.3997733484434374,4.618181818181818,0.0,0.004056660596721,139.625,2.0,0.004488076161749,48.7109375,2.0
2026-05-29T11:27:02Z,3.0670756100813445,537.4999999999973,0.0,0.0228205742751059,61.515625,2.0,5.267173434686938,4.848101680785598,0.0,0.0091194560433359,94.875,0.0,0.0,24.25,0.0,0.0037457497526314,54.2890625,2.0,18.13584042674704,4.308520042627816,0.0,0.0099444444444427,85.3125,2.0,0.0666755567408987,4.8,0.0,0.0040377749944097,88.62890625,3.0,0.0666711114074271,4.657137414637708,0.0,0.0026882145135175,81.2265625,2.0,28.270951835386416,1.6635308235607829,0.0,0.012280545599362,58.0703125,2.0,3.600346736013869,4.84,0.0,0.0104321182083486,85.98828125,2.0,1.400231150821888,0.4873373685744713,0.0,0.0023729550389873,53.58984375,2.0,3.2672089825352724,4.630000000000001,0.0,0.0031777371911339,138.76171875,2.0,0.0045062630838391,48.62109375,2.0
2026-05-29T11:27:07Z,3.0670756100813445,537.4999999999973,0.0,0.0194168856219738,61.515625,2.0,5.267173434686938,4.848101680785598,0.0,0.0113065328572807,96.44140625,0.0,0.0,24.25,0.0,0.0030022236035255,54.2890625,2.0,18.46861372274455,4.288196422277915,0.0,0.0102507103271718,85.3125,2.0,0.0666755567408987,4.8,0.0,0.0044385643764943,88.9140625,3.0,0.0666711114074271,4.657137414637708,0.0,0.0026882145135175,81.2265625,2.0,28.47108962234999,1.5927656504311654,0.0,0.0099181148675198,58.0703125,2.0,3.800484522977445,4.820321080212295,0.0,0.0103307290451999,81.484375,2.0,1.400231150821888,0.4873373685744713,0.0,0.0026529183515349,53.58984375,2.0,3.2672089825352724,4.630000000000001,0.0,0.0040052565771012,138.76171875,2.0,0.0045665440148042,48.62109375,2.0
2026-05-29T11:27:12Z,2.933333333333333,574.9999999999935,0.0,0.0224291546288165,61.69140625,2.0,5.267173434686938,4.848101680785598,0.0,0.0131970209884901,96.44140625,0.0,0.0,24.25,0.0,0.0026899490050446,54.2890625,2.0,18.46861372274455,4.288196422277915,0.0,0.0102507103271718,85.3125,2.0,0.0666666666666666,4.800000000000001,0.0,0.0056336193557459,88.9140625,3.0,0.1333422228148543,4.71428408156527,0.0,0.0026150257462541,81.25390625,2.0,30.402431579055328,1.4825582423755366,0.0,0.0117561187171802,58.0703125,2.0,3.800484522977445,4.820321080212295,0.0,0.0103307290451999,81.484375,2.0,1.4668000266720012,0.4878378070005435,0.0,0.0034236928819961,53.828125,2.0,3.2672089825352724,4.630000000000001,0.0,0.0040052565771012,138.76171875,2.0,0.0045665440148042,48.62109375,2.0
2026-05-29T11:27:17Z,2.933333333333333,574.9999999999935,0.0,0.0224291546288165,61.69140625,2.0,6.066902291858589,4.853332946152102,0.0,0.0131970209884901,96.44140625,0.0,0.2666755585187951,24.25,0.0,0.0034228190391985,54.15234375,2.0,16.266231149035693,4.294931166486435,0.0,0.0099662774847399,85.21875,2.0,0.2000177801484642,4.8,0.0,0.0055879951427855,88.65625,3.0,0.2666933362966519,4.650002500125006,0.0,0.0019223115751401,81.25390625,2.0,35.06576897244081,1.5505993906863238,0.0,0.0117561187171802,58.0703125,2.0,4.466644464296198,4.820429653504313,0.0,0.0103307290451999,81.484375,2.0,1.8666488971855804,0.4962686543703564,0.0,0.0034236928819961,53.828125,2.0,2.9332311179254718,4.616,0.0,0.0033142496861368,138.76171875,2.0,0.0045609764355374,48.62109375,2.0
2026-05-29T11:27:22Z,2.933333333333333,574.9999999999935,0.0,0.02229744883656,61.69140625,2.0,6.066902291858589,4.853332946152102,0.0,0.0113275068812408,95.98046875,0.0,0.2666755585187951,24.25,0.0,0.0030333594234975,54.15234375,2.0,15.400613511128418,4.2986078966387495,0.0,0.0099662774847399,85.21875,2.0,0.2000177801484642,4.8,0.0,0.0055879951427855,88.65625,3.0,0.2666933362966519,4.650002500125006,0.0,0.0020997093192707,81.27734375,2.0,35.06576897244081,1.522474108691071,0.0,0.0117923932596644,58.0703125,2.0,4.466644464296198,4.821110884354497,0.0,0.0100762094240834,80.984375,2.0,1.8666488971855804,0.4962686543703564,0.0,0.0033695579742332,54.1015625,2.0,2.9332311179254718,4.616,0.0,0.0039204953105417,138.76953125,2.0,0.0046303217768621,48.74609375,2.0
2026-05-29T11:27:27Z,2.400320042672356,77.49999999999966,0.0,0.0217550235748851,61.43359375,2.0,6.066902291858589,4.853332946152102,0.0,0.0113275068812408,95.98046875,0.0,0.2666755585187951,24.25,0.0,0.0030333594234975,54.15234375,2.0,15.400613511128418,4.2986078966387495,0.0,0.0102619260885887,85.21875,2.0,0.2000266702226963,4.800000000000001,0.0,0.0055879951427855,88.65625,3.0,0.1333511134817975,4.6,0.0,0.0025586622536184,81.27734375,2.0,30.60075585958132,1.592507439960647,0.0,0.0115930836957666,58.0703125,2.0,4.466644464296198,4.821110884354497,0.0,0.0100762094240834,80.984375,2.0,1.733404464594568,0.496922584715915,0.0,0.0034269463731712,54.1015625,2.0,2.9332311179254718,4.616,0.0,0.0039204953105417,138.76953125,2.0,0.0046303217768621,48.74609375,2.0
2026-05-29T11:27:32Z,2.400320042672356,77.49999999999966,0.0,0.0217550235748851,61.43359375,2.0,3.3335555851891367,4.86346175214919,0.0,0.0117522767537997,95.98046875,0.0,0.0,24.25,0.0,0.0030333594234975,54.15234375,2.0,16.00213361781571,4.244225849426689,0.0,0.0099022074215029,84.98046875,2.0,0.0666755567408987,4.8,0.0,0.0055068607764382,88.65625,3.0,0.0,4.499986665777717,0.0,0.0025586622536184,81.27734375,2.0,21.802769248936283,1.164687761438506,0.0,0.010096158966561,58.0703125,2.0,3.1336133614846227,4.8,0.0,0.0080673550909832,80.99609375,2.0,1.0001333511134818,0.4824219059252952,0.0,0.0034269463731712,54.1015625,2.0,2.7336000290404745,4.616905008512321,0.0,0.0039204953105417,138.76953125,2.0,0.0046563298843579,48.74609375,2.0
2026-05-29T11:27:37Z,2.400320042672356,77.49999999999966,0.0,0.0220331764178443,61.43359375,2.0,3.3335555851891367,4.86346175214919,0.0,0.0101478730171759,96.35546875,0.0,0.0,24.25,0.0,0.0028730468317115,54.3828125,2.0,16.067751255722985,4.250989830933344,0.0,0.0099022074215029,84.98046875,2.0,0.0666755567408987,4.8,0.0,0.0053659917821624,88.92578125,3.0,0.0,4.499986665777717,0.0,0.0026056152387833,81.3515625,2.0,20.73596479530604,1.1343110953535205,0.0,0.0091300686585804,58.0703125,2.0,2.0668089078543805,4.800000000000001,0.0,0.0098014823569944,80.99609375,2.0,1.0001333511134818,0.4824219059252952,0.0,0.0033389520714864,54.5546875,2.0,2.7336000290404745,4.616905008512321,0.0,0.0037933166890724,138.78125,2.0,0.0046478998001768,48.8984375,2.0
2026-05-29T11:27:42Z,2.333333333333333,299.999999999998,0.0,0.020541257888837,61.4453125,2.0,3.3335555851891367,4.86346175214919,0.0,0.0101478730171759,96.35546875,0.0,0.0,24.25,0.0,0.0028730468317115,54.3828125,2.0,16.067751255722985,4.250989830933344,0.0,0.009248084088089,84.98046875,2.0,0.0666666666666666,4.799999999999999,0.0,0.0053659917821624,88.92578125,3.0,0.0666711114074271,4.599991110518479,0.0,0.0021998306789835,81.3515625,2.0,18.2676445748322,1.175055228710463,0.0,0.0099873450192395,58.078125,2.0,2.0668089078543805,4.800000000000001,0.0,0.0098014823569944,80.99609375,2.0,0.8000444503711606,0.4826614935389525,0.0,0.0028401737965166,54.5546875,2.0,2.7336000290404745,4.616905008512321,0.0,0.0037933166890724,138.78125,2.0,0.0046478998001768,48.8984375,2.0
2026-05-29T11:27:47Z,2.333333333333333,299.999999999998,0.0,0.020541257888837,61.4453125,2.0,3.800266702226964,4.79166638597968,0.0,0.0071661928306551,96.35546875,0.0,0.1333422234075654,24.25,0.0,0.0028730468317115,54.3828125,2.0,14.7333511134818,4.217016999023764,0.0,0.009248084088089,84.98046875,2.0,0.1333422234075654,4.8,0.0,0.0043977742474125,88.92578125,3.0,0.1333466681483259,4.666669629827174,0.0,0.0026080347008269,81.44921875,2.0,20.066675556740897,1.1606262975982342,0.0,0.0099873450192395,58.078125,2.0,2.4,4.8,0.0,0.0081292677878715,80.99609375,2.0,0.9333511134817976,0.482916522987703,0.0,0.003272896120543,54.5546875,2.0,2.6666666666666665,4.609523809523809,0.0,0.0037560186347528,138.78125,2.0,0.0046929145897675,48.8984375,2.0
2026-05-29T11:27:52Z,2.333333333333333,299.999999999998,0.0,0.019065931761672,61.4453125,2.0,3.800266702226964,4.79166638597968,0.0,0.0069318937613621,96.51953125,0.0,0.1333422234075654,24.25,0.0,0.0024674661438852,54.1484375,2.0,12.734142330088456,4.243942326407876,0.0,0.0087614066547129,85.0703125,2.0,0.1333422234075654,4.8,0.0,0.0042775046306719,88.92578125,3.0,0.1333466681483259,4.666669629827174,0.0,0.0026080347008269,81.44921875,2.0,20.866915588745165,0.4999319497163333,0.0,0.0099873450192395,58.078125,2.0,3.200240032004267,4.8,0.0,0.0091367400256815,80.984375,2.0,0.9333511134817976,0.482916522987703,0.0,0.002667528526158,54.5546875,2.0,2.6666666666666665,4.609523809523809,0.0,0.0038236442383943,138.8125,2.0,0.0048063944260062,48.67578125,2.0
2026-05-29T11:27:57Z,2.133617815708761,349.9999999999985,0.0,0.0193516717525408,61.484375,2.0,3.800266702226964,4.79166638597968,0.0,0.0069318937613621,96.51953125,0.0,0.1333422234075654,24.25,0.0,0.0030888372341564,54.1484375,2.0,12.734142330088456,4.243942326407875,0.0,0.0087614066547129,85.0703125,2.0,0.1333466681483259,4.800000000000001,0.0,0.0038392042781187,88.92578125,3.0,0.2000177795557531,4.533339259654348,0.0,0.0026836628511967,81.44921875,2.0,23.468586922700805,1.3299149488135846,0.0,0.0097248378911742,58.078125,2.0,3.200240032004267,4.8,0.0,0.0091367400256815,80.984375,2.0,1.0000533380745482,0.4834819004996249,0.0,0.0018782000000001,54.5546875,2.0,2.6666666666666665,4.609523809523809,0.0,0.0038236442383943,138.8125,2.0,0.0048063944260062,48.67578125,2.0
2026-05-29T11:28:02Z,2.133617815708761,349.9999999999985,0.0,0.0193516717525408,61.484375,2.0,5.533444497486006,4.79234997390226,0.0,0.0070231099715889,96.76953125,0.0,0.4000266702226964,24.25,0.0,0.0030888372341564,54.1484375,2.0,12.868257989954216,4.226900411818708,0.0,0.0085322057064744,85.0703125,2.0,0.2666711114074271,4.8,0.0,0.0056436230766407,88.71484375,3.0,0.3333422228148543,4.599995555259239,0.0,0.0022432588680772,81.44921875,2.0,28.870418277992624,1.6812450040040314,0.0,0.0106985735259459,55.05859375,2.0,3.933857847713029,4.8,0.0,0.0091367400256815,80.984375,2.0,1.33342223170481,0.4749999999999999,0.0,0.0033338637472685,53.45703125,2.0,3.0004934177927733,4.626470588235295,0.0,0.0032833249885821,138.9375,2.0,0.0048365033499503,48.67578125,2.0
2026-05-29T11:28:07Z,2.133617815708761,349.9999999999985,0.0,0.0193516717525408,61.484375,2.0,5.533444497486006,4.79234997390226,0.0,0.0069155574638614,96.76953125,0.0,0.4000266702226964,24.25,0.0,0.0033064348779387,54.15234375,2.0,13.534573469349514,4.2485594324704445,0.0,0.0086597049719098,85.19140625,2.0,0.2666711114074271,4.8,0.0,0.0056981038278529,88.71484375,3.0,0.3333422228148543,4.599995555259239,0.0,0.0026749844816881,81.3984375,2.0,28.87017824598836,1.915925038182384,0.0,0.0103645758841036,55.05859375,2.0,3.933617815708761,4.799999999999999,0.0,0.0096271762487402,80.67578125,2.0,1.33342223170481,0.4749999999999999,0.0,0.0033338637472685,53.45703125,2.0,3.0004934177927733,4.626470588235295,0.0,0.00402879812633,138.9375,2.0,0.0048365033499503,48.67578125,2.0
2026-05-29T11:28:12Z,2.2,375.0,0.0,0.0200990006050604,61.66015625,2.0,5.533444497486006,4.79234997390226,0.0,0.0069155574638614,96.76953125,0.0,0.4000266702226964,24.25,0.0,0.0033064348779387,54.15234375,2.0,13.534573469349514,4.2485594324704445,0.0,0.0086597049719098,85.19140625,2.0,0.3333422228148543,4.8,0.0,0.0057707558859977,88.75,3.0,0.2666711114074271,4.679997866533917,0.0,0.0027321493958256,81.3984375,2.0,31.000862532769112,2.068551348295049,0.0,0.0103645758841036,55.05859375,2.0,3.933617815708761,4.799999999999999,0.0,0.0096271762487402,80.67578125,2.0,1.400093343112237,0.475,0.0,0.0033878266586319,53.45703125,2.0,3.0004934177927733,4.626470588235295,0.0,0.00402879812633,138.9375,2.0,0.0048626465661642,48.73828125,2.0
2026-05-29T11:28:17Z,2.2,375.0,0.0,0.0200990006050604,61.66015625,2.0,5.200186725338905,4.845770364503883,0.0,0.0058092987882257,96.76953125,0.0,0.1333377792593975,24.25,0.0,0.0037254086652911,54.15234375,2.0,13.999973397333452,4.36567723163994,0.0,0.0083735353124158,85.19140625,2.0,0.2000177795557531,4.8,0.0,0.006078377705898,88.75,3.0,0.1333466681483259,4.700001851982176,0.0,0.0027321493958256,81.3984375,2.0,29.99813345954738,2.221692705202017,0.0,0.010603591111111,55.04296875,2.0,3.8665288980734616,4.82516529624991,0.0,0.0096271762487402,80.67578125,2.0,1.333351118815131,0.475,0.0,0.0033998969906555,53.58203125,2.0,3.26644890340644,4.628165643357589,0.0,0.0040745056936275,138.96875,2.0,0.0048626465661642,48.73828125,2.0
2026-05-29T11:28:22Z,2.2,375.0,0.0,0.0200990006050604,61.66015625,2.0,5.200186725338905,4.845770364503883,0.0,0.005102602786101,96.76953125,0.0,0.1333377792593975,24.25,0.0,0.0035771540441257,54.16015625,2.0,15.20057350668332,4.385349370948554,0.0,0.0083735353124158,85.19140625,2.0,0.2000177795557531,4.8,0.0,0.006078377705898,88.75,3.0,0.1333466681483259,4.700001851982176,0.0,0.0026835188655811,81.4296875,2.0,30.598453502219737,2.350023297190069,0.0,0.0097377904630085,55.04296875,2.0,4.466848940745818,4.823169931049098,0.0,0.0101078214378132,80.67578125,2.0,1.333351118815131,0.475,0.0,0.0035076934385256,53.58203125,2.0,3.26644890340644,4.628165643357589,0.0,0.0041999603989802,138.96875,2.0,0.0049666020192808,48.73828125,2.0
2026-05-29T11:28:27Z,2.933724496599547,47.91666666666671,0.0,0.0212641132350559,61.609375,2.0,5.200186725338905,4.845770364503883,0.0,0.0045325560006308,96.76953125,0.0,0.1333377792593975,24.25,0.0,0.0035771540441257,54.16015625,2.0,15.20057350668332,4.385349370948554,0.0,0.0091481937521103,85.3359375,2.0,0.2000266702226963,4.8,0.0,0.0059247584289854,85.6015625,3.0,0.2000266702226963,4.685714285714285,0.0,0.0026835188655811,81.4296875,2.0,32.87061464150823,2.078574838289728,0.0,0.0120381878412369,55.04296875,2.0,4.466848940745818,4.823169931049098,0.0,0.0078304029201059,80.67578125,2.0,1.7334444672617684,0.475,0.0,0.0035076934385256,53.58203125,2.0,3.26644890340644,4.628165643357589,0.0,0.0041999603989802,138.96875,2.0,0.0048813645621178,49.0,2.0
2026-05-29T11:28:32Z,2.933724496599547,47.91666666666671,0.0,0.0212641132350559,61.609375,2.0,4.73391565127702,4.895695038406662,0.0,0.0073516930706187,98.828125,0.0,0.2666933386677335,24.25,0.0,0.0035771540441257,54.16015625,2.0,13.735427016060632,4.42084945449011,0.0,0.0098327405353284,85.3359375,2.0,0.2666844468151309,4.8,0.0,0.0059247584289854,85.6015625,3.0,0.2666844468151309,4.699996666407387,0.0,0.0027203740864151,81.45703125,2.0,32.74074398413354,2.096818273021979,0.0,0.0120381878412369,55.04296875,2.0,4.40072012268836,4.843428571428571,0.0,0.0112219127440297,80.68359375,2.0,1.8669200417849492,0.475,0.0,0.0034870895467566,53.73046875,2.0,2.6672001066880044,4.619440889529288,0.0,0.0035770246059148,138.96875,2.0,0.0048813645621178,49.0,2.0
2026-05-29T11:28:37Z,2.933724496599547,47.91666666666671,0.0,0.0212641132350559,61.609375,2.0,4.73391565127702,4.895695038406662,0.0,0.007674308379275,98.828125,0.0,0.2666933386677335,24.25,0.0,0.0028770581505725,54.16015625,2.0,12.20105354404214,4.430702021768332,0.0,0.0091274643599498,85.3828125,2.0,0.2666844468151309,4.8,0.0,0.0043603974200058,85.6015625,3.0,0.2666844468151309,4.699996666407387,0.0,0.0026865208088892,81.45703125,2.0,32.00720172664686,2.25343220829138,0.0,0.012006840320653,54.8125,2.0,3.667177865201682,4.862637602294293,0.0,0.0112219127440297,80.68359375,2.0,1.8669200417849492,0.475,0.0,0.0027049627804585,53.73046875,2.0,2.6672001066880044,4.619440889529288,0.0,0.0041137618732057,139.1015625,2.0,0.0047678929623148,48.75,2.0
2026-05-29T11:28:42Z,2.133475565037669,45.99999999999997,0.0,0.0212761509110215,61.4453125,2.0,4.73391565127702,4.895695038406662,0.0,0.007674308379275,98.828125,0.0,0.2666933386677335,24.25,0.0,0.0034336601762166,54.1640625,2.0,12.20105354404214,4.430702021768332,0.0,0.0091274643599498,85.3828125,2.0,0.2,4.8,0.0,0.0040028750000004,85.6015625,3.0,0.1999955558518321,4.725,0.0,0.0026865208088892,81.45703125,2.0,27.335200576692408,2.384936379840903,0.0,0.0094818751436788,54.8125,2.0,3.667177865201682,4.862637602294293,0.0,0.0107864399248691,80.671875,2.0,1.4001200240048008,0.475,0.0,0.0034249428498852,53.73046875,2.0,2.6672001066880044,4.619440889529288,0.0,0.0041137618732057,139.1015625,2.0,0.0047678929623148,48.75,2.0
2026-05-29T11:28:47Z,2.133475565037669,45.99999999999997,0.0,0.0212761509110215,61.4453125,2.0,4.1334711202969086,4.905102040816326,0.0,0.007674308379275,98.828125,0.0,0.1333422228148543,24.25,0.0,0.0034336601762166,54.1640625,2.0,13.20046225303909,4.431336405529954,0.0,0.0091274643599498,85.3828125,2.0,0.1333377780740938,4.8,0.0,0.0044540302346657,85.6015625,3.0,0.1333333339259259,4.700001481558303,0.0,0.0017276500000001,81.45703125,2.0,23.799951216888672,2.3627654920279397,0.0,0.011527182297544,54.8359375,2.0,3.2002133475565038,4.864406779661016,0.0,0.0107864399248691,80.671875,2.0,0.9333600017778962,0.475,0.0,0.0028459562611121,53.73046875,2.0,2.8000977842967307,4.62571775526175,0.0,0.0041137618732057,139.1015625,2.0,0.0047678929623148,48.75,2.0
2026-05-29T11:28:52Z,2.133475565037669,45.99999999999997,0.0,0.0212761509110215,61.4453125,2.0,4.1334711202969086,4.905102040816326,0.0,0.0078236557573992,98.828125,0.0,0.1333422228148543,24.25,0.0,0.0032587233113093,54.1640625,2.0,15.06712891970576,4.43945320866395,0.0,0.0092450267977539,85.3828125,2.0,0.1333377780740938,4.8,0.0,0.0039728749691985,85.6015625,3.0,0.1333333339259259,4.700001481558303,0.0,0.0027389323650801,81.5,2.0,24.26664899674066,2.372579352412548,0.0,0.011527182297544,54.8359375,2.0,3.666911127408493,4.86627881570649,0.0,0.010621075549748,80.67578125,2.0,0.9333600017778962,0.475,0.0,0.0033074991663232,54.18359375,2.0,2.8000977842967307,4.62571775526175,0.0,0.004004073881214,139.1015625,2.0,0.0040546217905822,49.0234375,2.0
2026-05-29T11:28:57Z,3.066666666666667,152.50000000000148,0.0,0.0166066054939198,61.4453125,2.0,4.1334711202969086,4.905102040816326,0.0,0.0076703681003713,98.66015625,0.0,0.1333422228148543,24.25,0.0,0.0037897846945938,54.1796875,2.0,15.06712891970576,4.43945320866395,0.0,0.0101157381471106,84.984375,2.0,0.3333555570371357,4.8,0.0,0.0058381037410497,85.6015625,3.0,0.3333555570371357,4.600003555729391,0.0,0.0027389323650801,81.5,2.0,30.402026801786786,2.249987576778397,0.0,0.011527182297544,54.8359375,2.0,3.666911127408493,4.86627881570649,0.0,0.010621075549748,80.67578125,2.0,1.6001066737782517,0.475,0.0,0.0033074991663232,54.18359375,2.0,2.8000977842967307,4.62571775526175,0.0,0.0039727272727274,139.2578125,2.0,0.0048930122575041,49.0234375,2.0
2026-05-29T11:29:02Z,3.066666666666667,152.50000000000148,0.0,0.0219740933744565,61.55078125,2.0,6.800426695113007,4.837210528308312,0.0,0.0075200142831637,98.66015625,0.0,0.4000133342222814,24.25,0.0,0.0037897846945938,54.1796875,2.0,17.333893370669156,4.378651814966103,0.0,0.0101157381471106,84.984375,2.0,0.4666844456297086,4.8,0.0,0.0057876323095601,85.6015625,3.0,0.4666844456297086,4.657140135942118,0.0,0.0027389323650801,81.5,2.0,36.26904460297353,2.272562320862382,0.0,0.0121693586220774,55.01953125,2.0,4.46696446429762,4.865896202073399,0.0,0.010621075549748,80.67578125,2.0,2.2667911194079604,0.4815974747306584,0.0,0.0035961713158886,54.9921875,2.0,3.600120008000533,4.600008116504041,0.0,0.0038779961917575,139.2578125,2.0,0.0048930122575041,49.0234375,2.0
2026-05-29T11:29:07Z,3.066666666666667,152.50000000000148,0.0,0.0219740933744565,61.55078125,2.0,6.800426695113007,4.837210528308312,0.0,0.0075200142831637,98.66015625,0.0,0.4000133342222814,24.25,0.0,0.0039944533762054,54.1796875,2.0,17.667226704002488,4.352447591076814,0.0,0.0095141200673271,85.03515625,2.0,0.4666844456297086,4.8,0.0,0.0057876323095601,85.6015625,3.0,0.4666844456297086,4.657140135942118,0.0,0.0029145378043019,81.22265625,2.0,36.20223570460253,2.2951370982867507,0.0,0.0121693586220774,55.01953125,2.0,4.400155565926617,4.887356355311551,0.0,0.0056960000000003,80.67578125,2.0,2.2667911194079604,0.4815974747306584,0.0,0.0035961713158886,54.9921875,2.0,3.600120008000533,4.600008116504041,0.0,0.0039735944759396,139.265625,2.0,0.0041214929581014,49.0234375,2.0
2026-05-29T11:29:12Z,3.2666666666666666,171.2499999999994,0.0,0.0233058312381433,61.4375,2.0,6.800426695113007,4.837210528308312,0.0,0.0075200142831637,98.66015625,0.0,0.4000133342222814,24.25,0.0,0.0039944533762054,54.1796875,2.0,17.667226704002488,4.352447591076814,0.0,0.0095141200673271,85.03515625,2.0,0.3333333333333333,4.8,0.0,0.0058987139357636,85.6015625,3.0,0.3333422228148543,4.6,0.0,0.0029145378043019,81.22265625,2.0,34.8676756228193,2.3673832843491187,0.0,0.0121693586220774,55.01953125,2.0,4.400155565926617,4.887356355311551,0.0,0.0089030243627193,80.48828125,2.0,2.200044447407605,0.4815976294923524,0.0,0.0035961713158886,54.9921875,2.0,3.600120008000533,4.600008116504041,0.0,0.0039735944759396,139.265625,2.0,0.0050315428517742,49.05078125,2.0
2026-05-29T11:29:17Z,3.2666666666666666,171.2499999999994,0.0,0.0233058312381433,61.4375,2.0,5.533742276748011,4.786382833209623,0.0,0.0072735058063937,98.66796875,0.0,0.2666844468151309,24.25,0.0,0.003834360718461,54.078125,2.0,16.80004445037116,4.386674338826975,0.0,0.0095141200673271,85.03515625,2.0,0.2666844468151309,4.799999999999999,0.0,0.0057531907941756,80.0390625,3.0,0.2666933362966519,4.600008889086423,0.0,0.0029145378043019,81.22265625,2.0,31.93336000355603,2.4909495833370743,0.0,0.0081151250000004,55.01953125,2.0,4.066666666666666,4.885393258426966,0.0,0.0105521841941513,80.48828125,2.0,2.0667022269635957,0.4878379380741621,0.0,0.0036701063660897,54.9921875,2.0,3.1333333333333337,4.616007623129181,0.0,0.003354202153762,139.265625,2.0,0.0050315428517742,49.05078125,2.0
2026-05-29T11:29:22Z,3.2666666666666666,171.2499999999994,0.0,0.0233058312381433,61.4375,2.0,5.533742276748011,4.786382833209623,0.0,0.0072735058063937,98.66796875,0.0,0.2666844468151309,24.25,0.0,0.00346327860131,54.078125,2.0,17.134551273503135,4.358222207472275,0.0,0.0079684455499446,85.03515625,2.0,0.2666844468151309,4.799999999999999,0.0,0.0057531907941756,80.0390625,3.0,0.2666933362966519,4.600008889086423,0.0,0.0029231737346101,81.22265625,2.0,31.933635595857226,2.3733823836498464,0.0,0.0124775882236107,55.171875,2.0,4.066942258967862,4.88587572238804,0.0,0.0105521841941513,80.48828125,2.0,2.0667022269635957,0.4878379380741621,0.0,0.0028352642125733,54.9921875,2.0,3.1333333333333337,4.616007623129181,0.0,0.004010781497835,139.28125,2.0,0.0050315428517742,49.05078125,2.0
2026-05-29T11:29:27Z,2.600520104020804,148.74999999999977,0.0,0.0207507726584195,61.4375,2.0,5.533742276748011,4.786382833209623,0.0,0.0072399543216044,98.67578125,0.0,0.2666844468151309,24.25,0.0,0.0042139178309255,54.078125,2.0,17.134551273503135,4.358222207472275,0.0,0.0109719026596775,81.6796875,2.0,0.2000311161489976,4.8,0.0,0.0037861561258116,80.0390625,3.0,0.2000222248892247,4.566666666666666,0.0,0.0028206773683349,81.22265625,2.0,27.00272941462098,2.273747900144339,0.0,0.0124775882236107,55.171875,2.0,4.066942258967862,4.88587572238804,0.0,0.0103965230891438,80.48828125,2.0,1.4000977908165533,0.4932690850243032,0.0,0.0025294220153992,54.9921875,2.0,3.1333333333333337,4.616007623129181,0.0,0.004010781497835,139.28125,2.0,0.0050326471290055,48.8515625,2.0
2026-05-29T11:29:32Z,2.600520104020804,148.74999999999977,0.0,0.0228549747388331,61.546875,2.0,5.000284481782717,4.785950413223141,0.0,0.005002175142064,98.67578125,0.0,0.1333466681483259,24.25,0.0,0.0042139178309255,54.078125,2.0,15.868769168333497,4.380448900958612,0.0,0.0109719026596775,81.6796875,2.0,0.1333511140746272,4.8,0.0,0.0042473818839292,80.0390625,3.0,0.1333422228148543,4.566666666666666,0.0,0.0028411628164029,81.22265625,2.0,25.004134045756945,2.2158180824797027,0.0,0.0124775882236107,55.171875,2.0,3.733831177490332,4.885875706214688,0.0,0.0106894477013257,80.48828125,2.0,1.2668266874101335,1.5999999999999892,0.0,0.0037679373636248,53.33984375,2.0,2.333644485931458,4.600004186985625,0.0,0.004003370413705,139.2890625,2.0,0.0050326471290055,48.8515625,2.0
2026-05-29T11:29:37Z,2.600520104020804,148.74999999999977,0.0,0.0228549747388331,61.546875,2.0,5.000284481782717,4.785950413223141,0.0,0.0055821946387175,98.67578125,0.0,0.1333466681483259,24.25,0.0,0.0038791529121058,54.15625,2.0,15.401484604463253,4.398206278026906,0.0,0.0083634339552764,81.6796875,2.0,0.1333511140746272,4.8,0.0,0.0053395863882291,80.0390625,3.0,0.1333422228148543,4.566666666666666,0.0,0.0028411628164029,81.22265625,2.0,24.870525120122416,2.2621037643010213,0.0,0.01258796423389,51.29296875,2.0,3.600222251855804,8.437389577198672,0.0,0.0106894477013257,80.48828125,2.0,1.2668266874101335,1.5999999999999892,0.0,0.0037679373636248,53.33984375,2.0,2.333644485931458,4.600004186985625,0.0,0.0034730117081756,139.2890625,2.0,0.0049033937703394,48.8515625,2.0
2026-05-29T11:29:42Z,3.26644890340644,182.4999999999997,0.0,0.0221566229891021,61.546875,2.0,5.000284481782717,4.785950413223141,0.0,0.0070626827355059,98.765625,0.0,0.1333466681483259,24.25,0.0,0.0033908373933411,54.15625,2.0,15.401484604463253,4.398206278026906,0.0,0.010252342652881,81.6796875,2.0,0.1333333339259259,4.8,0.0,0.0053395863882291,80.0390625,3.0,0.2000133342222814,4.685714285714286,0.0,0.0026967412358992,81.2421875,2.0,30.934764634691994,2.2811790504086416,0.0,0.01258796423389,51.29296875,2.0,3.600222251855804,8.437389577198672,0.0,0.0087947437849209,80.48828125,2.0,1.8667644568905088,1.7200209788034102,0.0,0.0037679373636248,53.33984375,2.0,2.333644485931458,4.600004186985625,0.0,0.0040426163522007,139.2890625,2.0,0.0040014349170928,48.8515625,2.0
2026-05-29T11:29:47Z,3.26644890340644,182.4999999999997,0.0,0.0240955439926331,61.75390625,2.0,6.599995583703683,4.788663722827982,0.0,0.0070626827355059,98.765625,0.0,0.2666577783703309,24.25,0.0,0.0033908373933411,54.15625,2.0,17.666617855110893,4.437966577538226,0.0,0.010252342652881,81.6796875,2.0,0.1999955558518321,4.8,0.0,0.0053395863882291,80.0390625,3.0,0.2666755561481876,4.666666666666666,0.0,0.0026967412358992,81.2421875,2.0,36.46558673866187,2.297049906648779,0.0,0.0122590648206055,51.29296875,2.0,4.399835566517788,79.45641618999767,0.0,0.0679293176810286,85.55078125,2.0,2.199942226073817,1.6799614202839412,0.0,0.003654710763763,53.5390625,2.0,3.4666755709630026,4.61125933512354,0.0,0.0034668130297689,139.2890625,2.0,0.0046816633111347,49.11328125,2.0
2026-05-29T11:29:52Z,3.26644890340644,182.4999999999997,0.0,0.0240955439926331,61.75390625,2.0,6.599995583703683,4.788663722827982,0.0,0.0070626827355059,98.765625,0.0,0.2666577783703309,24.25,0.0,0.0033908373933411,54.15625,2.0,18.533342303407448,4.442665978809076,0.0,0.0105772856501577,82.5390625,2.0,0.1999955558518321,4.8,0.0,0.0053395863882291,80.0390625,3.0,0.2666755561481876,4.666666666666666,0.0,0.0025053397085348,81.2421875,2.0,36.46571563614392,2.55963039885405,0.0,0.0129651003932913,51.68359375,2.0,4.399964463999842,87.94875798252575,0.0,0.0962682141839946,85.55078125,2.0,2.199942226073817,1.6799614202839412,0.0,0.0034164436029685,53.5390625,2.0,3.4666755709630026,4.61125933512354,0.0,0.0031299283337521,139.2890625,2.0,0.0044978708612157,49.11328125,2.0
2026-05-29T11:29:57Z,2.400320042672356,217.1874999999999,0.0,0.0240955439926331,61.75390625,2.0,6.599995583703683,4.788663722827982,0.0,0.0045819,98.765625,0.0,0.2666577783703309,24.25,0.0,0.0032606695305151,54.16015625,2.0,18.533342303407448,4.442665978809076,0.0,0.0110292384036518,82.5390625,2.0,0.2666844468151309,4.8,0.0,0.0052525006478364,80.07421875,3.0,0.2000044447407604,4.666666666666666,0.0,0.0025053397085348,81.2421875,2.0,31.79904896947725,2.580683604997205,0.0,0.0129651003932913,51.68359375,2.0,4.399964463999842,87.94875798252575,0.0,0.1232286915150089,85.546875,2.0,2.000057797038835,1.5999155495699362,0.0,0.0034164436029685,53.5390625,2.0,3.4666755709630026,4.61125933512354,0.0,0.0027627035178692,139.2890625,2.0,0.0044978708612157,49.11328125,2.0
2026-05-29T11:30:02Z,2.400320042672356,217.1874999999999,0.0,0.0235483360674953,61.75390625,2.0,3.733591145486065,4.807306508044958,0.0,0.0068238960232439,98.79296875,0.0,0.1333422234075654,24.25,0.0,0.0032606695305151,54.16015625,2.0,15.734773484461869,4.4054013009513735,0.0,0.0110292384036518,82.5390625,2.0,0.2000177801484642,4.8,0.0,0.0052525006478364,80.07421875,3.0,0.1333377780740938,4.6399943107824,0.0,0.0025264166491001,81.26953125,2.0,27.20165799024998,2.569091555569922,0.0,0.0131403401151858,51.68359375,2.0,3.667026706078756,90.8673469387755,0.0,0.1232286915150089,85.546875,2.0,1.5335200248922078,2.714276461114639,0.0,0.002514688389099,53.5390625,2.0,2.6669333629665197,4.606056361219865,0.0,0.0037696625091704,139.17578125,2.0,0.0036671328542777,49.11328125,2.0
2026-05-29T11:30:07Z,2.400320042672356,217.1874999999999,0.0,0.0219332849891209,61.7890625,2.0,3.733591145486065,4.807306508044958,0.0,0.0068238960232439,98.79296875,0.0,0.1333422234075654,24.25,0.0,0.0032606695305151,54.16015625,2.0,11.13416011023692,4.422539195974763,0.0,0.0077703570499447,82.609375,2.0,0.2000177801484642,4.8,0.0,0.0050897635345361,79.9140625,3.0,0.1333377780740938,4.6399943107824,0.0,0.0024764573326214,81.26953125,2.0,27.334862426101257,2.778305061267147,0.0,0.0104305282263487,51.68359375,2.0,3.8002311419300354,92.58473273903084,0.0,0.1387895410369047,85.8125,2.0,1.5335200248922078,2.714276461114639,0.0,0.0034226641414137,53.5390625,2.0,2.6669333629665197,4.606056361219865,0.0,0.0036872284019783,139.17578125,2.0,0.0043265051165698,48.80859375,2.0
2026-05-29T11:30:12Z,2.4,236.87499999999983,0.0,0.0230747033836197,61.7890625,2.0,3.733591145486065,4.807306508044959,0.0,0.0067061371324253,98.796875,0.0,0.1333422234075654,24.25,0.0,0.0030711513583442,54.17578125,2.0,11.13416011023692,4.422539195974763,0.0,0.0091260583711397,82.609375,2.0,0.1333288891851654,4.8,0.0,0.0050897635345361,79.9140625,3.0,0.1333333333333333,4.6799978665813295,0.0,0.002450663688303,81.72265625,2.0,28.26916026817962,2.7203526399785423,0.0,0.0093354998834166,51.68359375,2.0,3.8002311419300354,92.58473273903084,0.0,0.1847976388856303,85.8125,2.0,1.3333600124455112,2.466734816329249,0.0,0.0025061317287455,53.5390625,2.0,2.6669333629665197,4.606056361219865,0.0,0.0037420602391916,138.9296875,2.0,0.0041691814457637,48.80859375,2.0
2026-05-29T11:30:17Z,2.4,236.87499999999983,0.0,0.0230747033836197,61.7890625,2.0,5.400208953191804,4.803570480409443,0.0,0.0066024080117024,98.796875,0.0,0.1333422251856988,24.25,0.0,0.0029865927314381,54.17578125,2.0,13.932764493035933,4.391103656020823,0.0,0.0095377038232506,84.22265625,2.0,0.1333422251856988,4.8,0.0,0.0041737079033769,79.9140625,3.0,0.1333466693338667,4.680002133437634,0.0,0.002450663688303,81.72265625,2.0,29.60012901600152,2.700819385918137,0.0,0.0119696009791034,51.5859375,2.0,3.999871119703131,93.99252810563306,0.0,0.1847976388856303,85.8125,2.0,1.3999422331858768,2.466620738929943,0.0,0.0032101000687835,54.22265625,2.0,3.2665555629624694,4.629326169768428,0.0,0.0037420602391916,138.9296875,2.0,0.0041268993154115,48.84765625,2.0
2026-05-29T11:30:22Z,2.4,236.87499999999983,0.0,0.0227777341294789,61.921875,2.0,5.400208953191804,4.803570480409443,0.0,0.0063204384152367,98.73828125,0.0,0.1333422251856988,24.25,0.0,0.0029865927314381,54.17578125,2.0,18.533991323279963,4.291649397156748,0.0,0.0095377038232506,84.22265625,2.0,0.1333422251856988,4.8,0.0,0.0050525328330204,79.9140625,3.0,0.1333466693338667,4.680002133437634,0.0,0.002450663688303,81.72265625,2.0,29.067000154375528,2.796851092882084,0.0,0.0120516351118775,51.5859375,2.0,3.400066701336238,94.7727268135742,0.0,0.1888676916776792,85.55078125,2.0,1.3999422331858768,2.466620738929943,0.0,0.0032101000687835,54.22265625,2.0,3.2665555629624694,4.629326169768428,0.0,0.0036764228521971,138.9296875,2.0,0.0041268993154115,48.84765625,2.0
2026-05-29T11:30:27Z,2.7336978263768503,549.999999999993,0.0,0.0227777341294789,61.921875,2.0,5.400208953191804,4.803570480409443,0.0,0.0060012492492492,98.73828125,0.0,0.1333422251856988,24.25,0.0,0.0030533746489782,54.17578125,2.0,18.533991323279963,4.291649397156748,0.0,0.0095656568008741,84.22265625,2.0,0.1333600053344002,4.8,0.0,0.005104589027127,79.921875,3.0,0.1333555594080989,4.6000000000000005,0.0,0.002403550724638,81.32421875,2.0,29.534693688925163,2.833057155351032,0.0,0.0120516351118775,51.5859375,2.0,3.400066701336238,94.7727268135742,0.0,0.1679622441255463,85.55078125,2.0,1.4668000373400902,2.6332177679003794,0.0,0.003336726154897,53.40625,2.0,3.2665555629624694,4.629326169768428,0.0,0.0036867162828493,138.93359375,2.0,0.0040224862358742,48.84765625,2.0
2026-05-29T11:30:32Z,2.7336978263768503,549.999999999993,0.0,0.0219398618447764,61.33984375,2.0,5.267537974568626,4.806030813421478,0.0,0.0063565576850808,98.94921875,0.0,0.1333555605938768,24.25,0.0,0.0030533746489782,54.17578125,2.0,17.470058516026732,4.251294573200801,0.0,0.0095656568008741,84.22265625,2.0,0.1333511140746272,4.799999999999999,0.0,0.005104589027127,79.921875,3.0,0.1333466681483259,4.533339259654348,0.0,0.002403550724638,81.32421875,2.0,31.272783558835798,2.819843729142665,0.0,0.0124043050225277,52.19921875,2.0,3.667449071452614,94.02775914322966,0.0,0.1732382594778753,85.55078125,2.0,1.8004045407643514,2.7000288914570176,0.0,0.0032954206387337,53.40625,2.0,2.4672445825521465,4.6153883974485215,0.0,0.0026066526024475,138.93359375,2.0,0.0041356515251988,49.1015625,2.0
2026-05-29T11:30:37Z,2.7336978263768503,549.999999999993,0.0,0.0219398618447764,61.33984375,2.0,5.267537974568626,4.806030813421478,0.0,0.0063565576850808,98.94921875,0.0,0.1333555605938768,24.25,0.0,0.0024337911016902,54.17578125,2.0,17.068831685782698,4.23657967217797,0.0,0.0088712232201634,84.05859375,2.0,0.1333511140746272,4.799999999999999,0.0,0.0040774528627611,79.9140625,3.0,0.1333466681483259,4.533339259654348,0.0,0.002403550724638,81.32421875,2.0,31.47257908712845,2.75384132720711,0.0,0.0116392309506982,52.19921875,2.0,4.00058682315284,92.43904699750225,0.0,0.1750208253137273,81.7890625,2.0,1.8004045407643514,2.7000288914570176,0.0,0.0032954206387337,53.40625,2.0,2.4672445825521465,4.6153883974485215,0.0,0.002922738843824,138.93359375,2.0,0.0041356515251988,49.1015625,2.0
2026-05-29T11:30:42Z,2.333333333333333,425.00000000000045,0.0,0.0219398618447764,61.33984375,2.0,5.267537974568626,4.806030813421478,0.0,0.0053074340146126,98.94921875,0.0,0.1333555605938768,24.25,0.0,0.002958042587674,54.34765625,2.0,17.068831685782698,4.23657967217797,0.0,0.0088712232201634,84.05859375,2.0,0.0666711114074271,4.8,0.0,0.0049050261497288,79.9140625,3.0,0.0666711114074271,4.666669629827174,0.0,0.0020512359908969,81.140625,2.0,27.87058771050046,2.855925840976574,0.0,0.0116392309506982,52.19921875,2.0,4.00058682315284,92.43904699750225,0.0,0.1750208253137273,81.7890625,2.0,1.733591178091817,2.8000711144693,0.0,0.0033170759137768,53.7265625,2.0,2.4672445825521465,4.6153883974485215,0.0,0.0026711500000004,138.93359375,2.0,0.0041356515251988,49.1015625,2.0
2026-05-29T11:30:47Z,2.333333333333333,425.00000000000045,0.0,0.0212828790499788,61.4296875,2.0,3.733386733037986,4.783999267505745,0.0,0.005281439632005,98.94921875,0.0,0.0,24.25,0.0,0.002958042587674,54.34765625,2.0,15.732409012131717,4.199993234302091,0.0,0.0088712232201634,84.05859375,2.0,0.0,4.800000000000001,0.0,0.0049050261497288,79.9140625,3.0,0.0,4.60000888948152,0.0,0.0024008692435735,81.140625,2.0,20.865626805314847,2.8608454442513134,0.0,0.0116392309506982,52.19921875,2.0,2.9331822423676845,90.40324210942852,0.0,0.1666253762905855,81.7890625,2.0,0.9999555614806914,0.4991521238897005,0.0,0.0024574076691458,53.7265625,2.0,2.666497800293294,4.621205166384158,0.0,0.0039315290012341,138.93359375,2.0,0.0044501692007051,48.8671875,2.0
2026-05-29T11:30:52Z,2.333333333333333,425.00000000000045,0.0,0.0212828790499788,61.4296875,2.0,3.733386733037986,4.783999267505745,0.0,0.0064476903070167,98.98828125,0.0,0.0,24.25,0.0,0.002958042587674,54.34765625,2.0,13.667089281518926,4.181593299035638,0.0,0.0093801223645397,84.125,2.0,0.0,4.800000000000001,0.0,0.0050238403867707,79.9140625,3.0,0.0,4.60000888948152,0.0,0.0024008692435735,81.140625,2.0,21.06601354933032,2.6403956823679566,0.0,0.0071307000000009,52.19921875,2.0,3.0669023197164877,86.19034062948776,0.0,0.138891045255285,81.7890625,2.0,0.9999555614806914,0.4991521238897005,0.0,0.0027546825173752,53.7265625,2.0,2.666497800293294,4.621205166384158,0.0,0.0039315290012341,138.93359375,2.0,0.0044501692007051,48.8671875,2.0
2026-05-29T11:30:57Z,2.667022269635951,824.9999999999995,0.0,0.0212828790499788,61.4296875,2.0,3.733386733037986,4.783999267505745,0.0,0.0064476903070167,98.98828125,0.0,0.0,24.25,0.0,0.0028904186833323,54.46875,2.0,13.667089281518926,4.181593299035638,0.0,0.0093801223645397,84.125,2.0,0.0,4.8,0.0,0.0051466308130336,79.9140625,3.0,0.0666755567408987,4.699999999999999,0.0,0.0024536515105715,81.16015625,2.0,23.86789824506753,2.5980279116680607,0.0,0.008987671497033,52.19921875,2.0,3.0669023197164877,86.19034062948776,0.0,0.0966127073552409,81.7890625,2.0,1.000044462223013,0.4987487684455375,0.0,0.0024336999999995,53.7265625,2.0,2.666497800293294,4.621205166384158,0.0,0.0039315290012341,138.93359375,2.0,0.0044501692007051,48.8671875,2.0
2026-05-29T11:31:02Z,2.667022269635951,824.9999999999995,0.0,0.0177370331620354,61.4296875,2.0,4.600569040633058,4.785417151138995,0.0,0.0065073451139024,98.98828125,0.0,0.1333511158531163,24.25,0.0,0.0028904186833323,54.46875,2.0,13.536405173806168,4.152670838760114,0.0,0.0093801223645397,84.125,2.0,0.0666666666666666,4.8,0.0,0.0051466308130336,79.9140625,3.0,0.1333422234075654,4.69999333259251,0.0,0.0024745766616746,81.16015625,2.0,27.738645583968918,2.746327422761569,0.0,0.0111576003387337,51.671875,2.0,3.667515756196496,74.03835008471137,0.0,0.0966127073552409,81.7890625,2.0,1.266880045047469,0.4908336089797874,0.0,0.0026517659649182,53.7265625,2.0,2.667111211877537,4.612705936139424,0.0,0.0039336295473471,138.93359375,2.0,0.0036457022250288,48.8671875,2.0
2026-05-29T11:31:07Z,2.667022269635951,824.9999999999995,0.0,0.0153151833419818,61.4296875,2.0,4.600569040633058,4.785417151138995,0.0,0.0066278123417492,98.95703125,0.0,0.1333511158531163,24.25,0.0,0.0028904186833323,54.46875,2.0,14.734529384120307,4.235862508031943,0.0,0.009152065972972,84.25390625,2.0,0.0666666666666666,4.8,0.0,0.0034091999999986,79.9140625,3.0,0.1333422234075654,4.69999333259251,0.0,0.0026141531109268,81.1875,2.0,27.804925506620112,2.4231813378141025,0.0,0.0111576003387337,51.671875,2.0,3.733795678847693,49.75019335137944,0.0,0.0640413485832273,81.7890625,2.0,1.266880045047469,0.4908336089797874,0.0,0.0023544911166888,53.7265625,2.0,2.667111211877537,4.612705936139424,0.0,0.0039121788515271,138.93359375,2.0,0.0046042550371148,48.87109375,2.0
2026-05-29T11:31:12Z,2.466502233184454,812.499999999995,0.0,0.0135894997144296,61.4296875,2.0,4.600569040633058,4.785417151138995,0.0,0.0069903566890542,98.95703125,0.0,0.1333511158531163,24.25,0.0,0.0032566046601032,54.5078125,2.0,14.734529384120307,4.235862508031943,0.0,0.009152065972972,84.25390625,2.0,0.2666666666666666,4.75,0.0,0.0053198746352523,79.9140625,3.0,0.1999911117036641,4.5,0.0,0.0027295616457423,81.1875,2.0,29.069707477549567,2.4592493445652863,0.0,0.0115941095745808,52.03515625,2.0,3.733795678847693,49.75019335137944,0.0,0.0466001289134441,81.796875,2.0,1.4000711478604666,0.489844734518257,0.0,0.0034173143387001,54.07421875,2.0,2.667111211877537,4.612705936139424,0.0,0.0040034217950049,138.93359375,2.0,0.0046042550371148,48.87109375,2.0
2026-05-29T11:31:17Z,2.466502233184454,812.499999999995,0.0,0.0217398985707703,61.60546875,2.0,5.733546683260681,4.789949639874008,0.0,0.0069903566890542,98.95703125,0.0,0.2666844468151309,24.25,0.0,0.0032566046601032,54.5078125,2.0,17.86619115348008,4.199999815898334,0.0,0.0077454684479568,84.28515625,2.0,0.3333511134817976,4.760000533361779,0.0,0.0053198746352523,79.9140625,3.0,0.2666755585187951,4.600004444641984,0.0,0.0027161375268892,81.2109375,2.0,33.80003556029693,2.4082550829616154,0.0,0.0109444007278807,52.03515625,2.0,4.466666666666667,19.00044446419844,0.0,0.0466001289134441,81.796875,2.0,1.5999822305189135,0.4826613699579293,0.0,0.0033165026511598,54.07421875,2.0,4.066666666666666,4.63333661530636,0.0,0.0040034217950049,138.93359375,2.0,0.0047720207253885,48.88671875,2.0
2026-05-29T11:31:22Z,2.466502233184454,812.499999999995,0.0,0.0204772401138627,61.60546875,2.0,5.733546683260681,4.789949639874008,0.0,0.0070078813559321,98.98828125,0.0,0.2666844468151309,24.25,0.0,0.0032566046601032,54.5078125,2.0,20.60076449896707,4.180226125280459,0.0,0.0095289423563738,84.28515625,2.0,0.3333511134817976,4.760000533361779,0.0,0.0053198746352523,79.9140625,3.0,0.2666755585187951,4.600004444641984,0.0,0.0027161375268892,81.2109375,2.0,34.13352445955688,2.397953468005137,0.0,0.0117081036866787,51.796875,2.0,4.800155565926618,4.915852986604274,0.0,0.0098280075187945,81.796875,2.0,1.5999822305189135,0.4826613699579293,0.0,0.0033165026511598,54.07421875,2.0,4.066666666666666,4.63333661530636,0.0,0.0040034217950049,138.93359375,2.0,0.0047720207253885,48.88671875,2.0
2026-05-29T11:31:27Z,3.000600120024005,987.4999999999992,0.0,0.0213771375498562,61.609375,2.0,5.733546683260681,4.789949639874008,0.0,0.0070078813559321,98.98828125,0.0,0.2666844468151309,24.25,0.0,0.0038194825599664,54.53515625,2.0,20.60076449896707,4.180226125280459,0.0,0.0095289423563738,84.28515625,2.0,0.2666933362966519,4.771428299298994,0.0,0.0055430831271553,79.9140625,3.0,0.3333777837044939,4.6,0.0,0.0024157201597145,81.2109375,2.0,35.86800009126566,2.126871854040913,0.0,0.0117081036866787,51.796875,2.0,4.800155565926618,4.915852986604274,0.0,0.0098280075187945,81.796875,2.0,1.6668177979286127,0.4825395708348898,0.0,0.0032895147692504,54.07421875,2.0,4.066666666666666,4.63333661530636,0.0,0.0039482404622064,138.9296875,2.0,0.0047720207253885,48.88671875,2.0
2026-05-29T11:31:32Z,3.000600120024005,987.4999999999992,0.0,0.0232310589277842,61.609375,2.0,5.800142235259892,4.788288780706576,0.0,0.0058779016271958,98.98828125,0.0,0.4000000017777778,24.25,0.0,0.0038194825599664,54.53515625,2.0,18.00111119111605,4.320390567491527,0.0,0.0094190104304075,84.3828125,2.0,0.3333288903703506,4.779999199950219,0.0,0.0055430831271553,79.9140625,3.0,0.4000133377781927,4.685709931710166,0.0,0.0023322919280703,81.2109375,2.0,33.53550681571336,2.0128118970440587,0.0,0.0090894189915783,51.796875,2.0,4.533635575705047,4.886363625458047,0.0,0.0102317556065422,81.796875,2.0,1.9334666868169488,2.1200042697580024,0.0,0.003329885840507,54.0859375,2.0,2.9336311445966423,4.624007405548294,0.0,0.0039482404622064,138.9296875,2.0,0.0046920179255708,49.26171875,2.0
2026-05-29T11:31:37Z,3.000600120024005,987.4999999999992,0.0,0.0232310589277842,61.609375,2.0,5.800142235259892,4.788288780706576,0.0,0.0058796053844351,98.98828125,0.0,0.4000000017777778,24.25,0.0,0.0038194825599664,54.53515625,2.0,12.33406672148474,4.3424735975472455,0.0,0.0098286493091458,84.3828125,2.0,0.3333288903703506,4.779999199950219,0.0,0.0056476408350029,79.9140625,3.0,0.4000133377781927,4.685709931710166,0.0,0.0020982059806958,81.2109375,2.0,33.00201791645341,2.0907324109113388,0.0,0.007860549999998,51.796875,2.0,4.000146676445096,4.883060210158771,0.0,0.0104786900082034,81.796875,2.0,1.9334666868169488,2.1200042697580024,0.0,0.003329885840507,54.0859375,2.0,2.9336311445966423,4.624007405548294,0.0,0.0039482404622064,138.9296875,2.0,0.0046920179255708,49.26171875,2.0
2026-05-29T11:31:42Z,2.2,49.62499999999998,0.0,0.0232310589277842,61.609375,2.0,5.800142235259892,4.788288780706576,0.0,0.005271120656105,98.98828125,0.0,0.4000000017777778,24.25,0.0,0.0040787515107824,54.546875,2.0,12.33406672148474,4.3424735975472455,0.0,0.0098286493091458,84.3828125,2.0,0.266653334222163,4.76,0.0,0.0055867653389644,79.9140625,3.0,0.1999866675554963,4.657142857142857,0.0,0.0028252456151565,81.25390625,2.0,28.800875618077963,2.175569700914102,0.0,0.0102815740011599,51.921875,2.0,4.000146676445096,4.883060210158771,0.0,0.0104786900082034,81.796875,2.0,1.9333511158519308,2.120068270611188,0.0,0.0021816784267433,54.0859375,2.0,2.9336311445966423,4.624007405548294,0.0,0.0039402296421529,138.92578125,2.0,0.0046920179255708,49.26171875,2.0
2026-05-29T11:31:47Z,2.2,49.62499999999998,0.0,0.0142625273020209,61.51953125,2.0,3.133546695114904,4.792416890697932,0.0,0.0071024402545003,99.04296875,0.0,0.0,24.25,0.0,0.0040787515107824,54.546875,2.0,10.000333355557036,4.33951220622694,0.0,0.0091793796385799,84.6171875,2.0,0.0666666666666666,4.755556104270013,0.0,0.0055867653389644,79.9140625,3.0,0.0,4.633336419833107,0.0,0.0028252456151565,81.25390625,2.0,23.4,1.8712646050515112,0.0,0.0122114594907971,51.921875,2.0,3.1333333333333333,4.862637362637363,0.0,0.0104786900082034,81.796875,2.0,1.4666666666666666,2.1200167117053,0.0,0.0025309510040696,54.57421875,2.0,1.8,4.611590197963518,0.0,0.0039755418039601,138.92578125,2.0,0.0040541143814743,49.26171875,2.0
2026-05-29T11:31:52Z,2.2,49.62499999999998,0.0,0.0159879617358824,61.51953125,2.0,3.133546695114904,4.792416890697932,0.0,0.007130641268523,99.04296875,0.0,0.0,24.25,0.0,0.0040787515107824,54.546875,2.0,10.400720096012805,4.3760630964180285,0.0,0.0089097341701618,84.6171875,2.0,0.0666666666666666,4.755556104270013,0.0,0.0045269051261411,79.9140625,3.0,0.0,4.633336419833107,0.0,0.0028252456151565,81.25390625,2.0,23.20010667377825,1.9775431676807695,0.0,0.011687162007768,52.10546875,2.0,2.933440007111585,4.84550900928774,0.0,0.0098876721607596,81.79296875,2.0,1.4666666666666666,2.1200167117053,0.0,0.0028198410221692,54.57421875,2.0,1.8,4.611590197963518,0.0,0.0039755418039601,138.92578125,2.0,0.0049549153105287,49.02734375,2.0
2026-05-29T11:31:57Z,2.066804453630242,1000.000000000006,0.0,0.020705213206338,61.51953125,2.0,3.133546695114904,4.792416890697932,0.0,0.007130641268523,99.04296875,0.0,0.0,24.25,0.0,0.0038677557807685,54.55859375,2.0,10.400720096012805,4.3760630964180285,0.0,0.0089097341701618,84.6171875,2.0,0.0666755567408987,4.774999652757522,0.0,0.0055844315627596,79.9140625,3.0,0.0666711114074271,4.699998148031543,0.0,0.0027212370904436,81.25390625,2.0,22.80177800773389,1.865013790250472,0.0,0.011687162007768,52.10546875,2.0,2.933440007111585,4.84550900928774,0.0,0.009883641360744,81.79296875,2.0,1.266755567408988,2.079918392712825,0.0,0.0034666802171951,54.57421875,2.0,1.8,4.611590197963518,0.0,0.003993945647096,138.9296875,2.0,0.0049549153105287,49.02734375,2.0
2026-05-29T11:32:02Z,2.066804453630242,1000.000000000006,0.0,0.0211576376554173,61.796875,2.0,5.800373382525038,4.785507394191573,0.0,0.007265006993007,99.83203125,0.0,0.1333466681483259,24.25,0.0,0.0038677557807685,54.55859375,2.0,13.868502466106532,4.381127533336042,0.0,0.0072995719607825,84.6171875,2.0,0.1333466681483259,4.771427845770432,0.0,0.0055844315627596,79.9140625,3.0,0.1333422228148543,4.6799957330868,0.0,0.0021809694815996,81.25390625,2.0,28.070293809248128,1.807481499750642,0.0,0.0112315849177559,52.10546875,2.0,3.6670489327461135,4.823170464821027,0.0,0.009883641360744,81.79296875,2.0,1.6002044711146275,2.5332812308108505,0.0,0.0034666802171951,54.57421875,2.0,3.0004000533404453,4.603221575530164,0.0,0.003993945647096,138.9296875,2.0,0.0049549153105287,49.02734375,2.0
2026-05-29T11:32:07Z,2.066804453630242,1000.000000000006,0.0,0.0211576376554173,61.796875,2.0,5.800373382525038,4.785507394191573,0.0,0.0071564186931263,99.83203125,0.0,0.1333466681483259,24.25,0.0,0.0038677557807685,54.55859375,2.0,19.600373530683022,4.38578626397261,0.0,0.00600194306806,84.6171875,2.0,0.1333466681483259,4.771427845770432,0.0,0.0056428031448449,79.9296875,3.0,0.1333422228148543,4.6799957330868,0.0,0.0027464929061056,81.25390625,2.0,28.20282741269232,1.289762790430268,0.0,0.01143105773672,52.4609375,2.0,3.7995825361903055,4.8,0.0,0.0098673547329407,81.79296875,2.0,1.6002044711146275,2.5332812308108466,0.0,0.0035971607778364,53.72265625,2.0,3.0004000533404453,4.603221575530164,0.0,0.0031523302720863,138.9296875,2.0,0.0049579811832247,48.79296875,2.0
2026-05-29T11:32:12Z,3.2666666666666666,122.50000000000104,0.0,0.0211576376554173,61.796875,2.0,5.800373382525038,4.785507394191573,0.0,0.0071564186931263,99.83203125,0.0,0.1333466681483259,24.25,0.0,0.0035459628615474,54.14453125,2.0,19.600373530683022,4.38578626397261,0.0,0.0053228865302335,84.6171875,2.0,0.2000044447407604,4.77142820860411,0.0,0.0048947091725274,79.9296875,3.0,0.2000044447407604,4.6,0.0,0.0029027515031187,81.1796875,2.0,31.20115607873668,1.4485199236287023,0.0,0.0106480756836405,52.4609375,2.0,3.7995825361903055,4.8,0.0,0.0092776396995168,81.79296875,2.0,1.8001155703723064,2.6000022228807067,0.0,0.0036869991870861,53.72265625,2.0,3.0004000533404453,4.603221575530164,0.0,0.0039967067933515,138.9296875,2.0,0.0049579811832247,48.79296875,2.0
2026-05-29T11:32:17Z,3.2666666666666666,122.50000000000104,0.0,0.0201391212156904,61.92578125,2.0,4.933546722375823,4.786934222510503,0.0,0.0072777428655921,99.84375,0.0,0.2666666678518518,24.25,0.0,0.0035459628615474,54.14453125,2.0,20.465373424290547,4.302145891568848,0.0,0.0095737522281642,84.79296875,2.0,0.2666755561481876,4.766667037057614,0.0,0.0056167412617217,79.9296875,3.0,0.2666755561481876,4.533345185448566,0.0,0.0030413117998375,81.1796875,2.0,28.731929217071137,1.3180745671214216,0.0,0.0106480756836405,52.4609375,2.0,3.3991958401849134,4.823458392452888,0.0,0.0092776396995168,81.79296875,2.0,1.4666622248888692,0.4896151497618914,0.0,0.0036869991870861,53.72265625,2.0,3.3332222296291363,4.606245898258049,0.0,0.0039967067933515,138.9296875,2.0,0.0050841990641276,48.79296875,2.0
2026-05-29T11:32:22Z,3.2666666666666666,122.50000000000104,0.0,0.0201391212156904,61.92578125,2.0,4.933546722375823,4.786934222510503,0.0,0.0060006669271692,99.84375,0.0,0.2666666678518518,24.25,0.0,0.0033560050149339,54.14453125,2.0,17.400524629350006,4.26809757250781,0.0,0.0095737522281642,84.79296875,2.0,0.2666755561481876,4.766667037057614,0.0,0.0056753493712209,79.9453125,3.0,0.2666755561481876,4.533345185448566,0.0,0.0029647076954689,81.31640625,2.0,28.73366289755665,1.2187433518452129,0.0,0.008681784409105,51.7265625,2.0,3.4009295206704278,4.84871796953875,0.0,0.0092731650710761,81.79296875,2.0,1.4666622248888692,0.4896151497618914,0.0,0.003456191487308,53.75,2.0,3.3332222296291363,4.606245898258049,0.0,0.0039967067933515,138.9296875,2.0,0.0050841990641276,48.79296875,2.0
2026-05-29T11:32:27Z,2.3336444859314573,1087.499999999996,0.0,0.0212332332034624,61.92578125,2.0,4.933546722375823,4.786934222510503,0.0,0.0075981052353601,99.84375,0.0,0.2666666678518518,24.25,0.0,0.0034191169041116,54.14453125,2.0,17.400524629350006,4.26809757250781,0.0,0.0096943394807587,85.1484375,2.0,0.1333422228148543,4.8,0.0,0.0057552942859868,79.9453125,3.0,0.2000177795557531,4.6,0.0,0.0029647076954689,81.31640625,2.0,27.334605182597876,1.106403633335312,0.0,0.01059432491425,51.7265625,2.0,3.4009295206704278,4.84871796953875,0.0,0.0092731650710761,81.79296875,2.0,1.000022226666765,0.4903221632394108,0.0,0.003456191487308,53.75,2.0,3.3332222296291363,4.606245898258049,0.0,0.0065681370923155,139.62109375,2.0,0.0049427652251978,48.8046875,2.0
2026-05-29T11:32:32Z,2.3336444859314573,1087.499999999996,0.0,0.0212332332034624,61.92578125,2.0,4.600155605634352,4.820952668392993,0.0,0.0075555337904015,99.703125,0.0,0.1333422234075654,44.99999999999999,0.0,0.0034191169041116,54.14453125,2.0,15.335342490109792,4.263589665859603,0.0,0.0105243461256397,85.1484375,2.0,0.0666666666666666,4.8,0.0,0.0057552942859868,79.9453125,3.0,0.1333422234075654,8.249983332222147,0.0,0.0029647076954689,81.31640625,2.0,27.9368986759625,1.6111184814420287,0.0,0.01059432491425,51.7265625,2.0,3.601289546453124,4.873076662811191,0.0,0.0097482101037129,81.796875,2.0,0.9334133422232892,0.4826613122914776,0.0,0.0034223972055296,53.75,2.0,3.200426723563142,4.624653911819362,0.0,0.0065681370923155,139.62109375,2.0,0.0048253566429395,48.8046875,2.0
2026-05-29T11:32:37Z,2.3336444859314573,1087.499999999996,0.0,0.0210350019812457,61.34375,2.0,4.600155605634352,4.820952668392993,0.0,0.0075555337904015,99.703125,0.0,0.1333422234075654,44.99999999999999,0.0,0.0028638523188839,54.14453125,2.0,12.600933457794373,4.224626683837995,0.0,0.0099884806432285,85.3984375,2.0,0.0666666666666666,4.8,0.0,0.0057552942859868,79.9453125,3.0,0.1333422234075654,8.249983332222147,0.0,0.0029647076954689,81.31640625,2.0,28.002404726254007,1.7253235566549363,0.0,0.0107497108871628,51.48046875,2.0,3.666795596744633,4.89325156552718,0.0,0.0097482101037129,81.796875,2.0,0.9334133422232892,0.4826613122914776,0.0,0.0034223972055296,53.75,2.0,3.200426723563142,4.624653911819362,0.0,0.0065681370923155,139.62109375,2.0,0.0047997286416505,49.0546875,2.0
2026-05-29T11:32:42Z,2.2666666666666666,48.33333333333323,0.0,0.0210350019812457,61.34375,2.0,4.600155605634352,4.820952668392993,0.0,0.0077001699656527,100.10546875,0.0,0.1333422234075654,44.99999999999999,0.0,0.0036669826973215,54.14453125,2.0,12.600933457794373,4.224626683837995,0.0,0.0099884806432285,85.3984375,2.0,0.2000088894815209,4.8,0.0,0.005698077614085,79.953125,3.0,0.1333333333333333,9.125,0.0,0.0019497631549296,81.15234375,2.0,25.73479577454612,1.940786147648297,0.0,0.0110099172028884,51.48046875,2.0,3.666795596744633,4.89325156552718,0.0,0.0097482101037129,81.796875,2.0,1.1334266764455705,0.4834822573053836,0.0,0.0034720360872982,54.1015625,2.0,3.200426723563142,4.624653911819362,0.0,0.0077049317001208,139.62109375,2.0,0.0047997286416505,49.0546875,2.0
2026-05-29T11:32:47Z,2.2666666666666666,48.33333333333323,0.0,0.0205945846744595,61.34375,2.0,5.734160142841724,4.81971799479239,0.0,0.0077337521140372,100.10546875,0.0,0.2666933362966519,44.37499305516972,0.0,0.0036669826973215,54.14453125,2.0,13.60057781985513,4.2420571551829696,0.0,0.0061505445863328,85.3984375,2.0,0.2666933362966519,4.799999999999999,0.0,0.005698077614085,79.953125,3.0,0.2000177801484642,8.999997222067892,0.0,0.0021953500093897,81.15234375,2.0,25.13399561807749,2.1841160835953315,0.0,0.0110099172028884,51.48046875,2.0,3.600000016,4.9158536585365855,0.0,0.0097111018028868,81.79296875,2.0,1.3334400094824297,0.4837962600952816,0.0,0.0032950872831432,54.1015625,2.0,3.33332445925922,4.615793234929472,0.0,0.0063230061530596,139.66015625,2.0,0.0047997286416505,49.0546875,2.0
2026-05-29T11:32:52Z,2.2666666666666666,48.33333333333323,0.0,0.0221766610113304,61.54296875,2.0,5.734160142841724,4.81971799479239,0.0,0.0077337521140372,100.10546875,0.0,0.2666933362966519,44.37499305516972,0.0,0.0036669826973215,54.14453125,2.0,18.801982451583807,4.267989779627129,0.0,0.0077304162823316,85.79296875,2.0,0.2666933362966519,4.799999999999999,0.0,0.005698077614085,79.953125,3.0,0.2000177801484642,8.999997222067892,0.0,0.0024409368638498,81.15234375,2.0,25.601084539268584,2.222552490107548,0.0,0.0115231059486735,51.6796875,2.0,4.067088937191093,4.918010258919127,0.0,0.0096541996588333,81.79296875,2.0,1.3334400094824297,0.4837962600952816,0.0,0.0032950872831432,54.1015625,2.0,3.33332445925922,4.615793234929472,0.0,0.0063230061530596,139.66015625,2.0,0.004706450254316,49.0546875,2.0
2026-05-29T11:32:57Z,3.0668711247416494,43.33333333333317,0.0,0.0221766610113304,61.54296875,2.0,5.734160142841724,4.81971799479239,0.0,0.007846844334443,99.99609375,0.0,0.2666933362966519,44.37499305516972,0.0,0.0035210605770664,54.140625,2.0,18.801982451583807,4.267989779627129,0.0,0.008572842981606,85.79296875,2.0,0.2667022269635951,4.8,0.0,0.0060004165956556,79.94921875,3.0,0.2667022269635951,8.87500138899692,0.0,0.0028500398705381,81.1171875,2.0,29.603200376935828,2.1689199341114533,0.0,0.0115231059486735,51.6796875,2.0,4.067088937191093,4.918010258919127,0.0,0.0096541996588333,81.79296875,2.0,1.800208914669966,0.4833331123975967,0.0,0.0033611538247775,54.55859375,2.0,3.33332445925922,4.615793234929472,0.0,0.0073756776136531,139.66015625,2.0,0.0050329234430781,48.8203125,2.0
2026-05-29T11:33:02Z,3.0668711247416494,43.33333333333317,0.0,0.0229500496665267,61.54296875,2.0,5.066666688592593,4.859047987525764,0.0,0.0079400773043086,99.99609375,0.0,0.1333377780740938,45.0,0.0,0.0035210605770664,54.140625,2.0,18.60193355587917,4.278817627859653,0.0,0.0101091203912928,85.79296875,2.0,0.2000177801484642,4.8,0.0,0.0060004165956556,79.94921875,3.0,0.2000177801484642,9.0,0.0,0.0028500398705381,81.1171875,2.0,30.936600379009725,2.3229770344617675,0.0,0.0111458314717176,51.84375,2.0,4.200431160005946,4.916562910425293,0.0,0.0078826808386587,81.79296875,2.0,1.9335244666694127,0.4987501407478302,0.0,0.0033611538247775,54.55859375,2.0,2.800280031114845,4.611271316790942,0.0,0.0073756776136531,139.66015625,2.0,0.0050329234430781,48.8203125,2.0
2026-05-29T11:33:07Z,3.0668711247416494,43.33333333333317,0.0,0.0229500496665267,61.54296875,2.0,5.066666688592593,4.859047987525764,0.0,0.0077734306131252,99.71875,0.0,0.1333377780740938,45.0,0.0,0.0035210605770664,54.140625,2.0,15.2005289241505,4.314841151339903,0.0,0.0096415349016578,86.01953125,2.0,0.2000177801484642,4.8,0.0,0.0061078839373444,79.94921875,3.0,0.2000177801484642,9.0,0.0,0.0028500398705381,81.1171875,2.0,30.2029647831525,2.4280001317135147,0.0,0.0100925629998503,51.84375,2.0,3.466795564148721,4.892122766171744,0.0,0.0098621660294152,81.79296875,2.0,1.9335244666694127,0.4987501407478302,0.0,0.0035332095258908,54.55859375,2.0,2.800280031114845,4.611271316790942,0.0,0.0059270023343614,139.66015625,2.0,0.0052450622272511,48.8203125,2.0
2026-05-29T11:33:12Z,2.7333333333333334,44.99999999999995,0.0,0.0227929245650961,61.5546875,2.0,5.066666688592593,4.859047987525764,0.0,0.0077734306131252,99.71875,0.0,0.1333377780740938,45.0,0.0,0.0040322789435224,54.140625,2.0,15.2005289241505,4.314841151339903,0.0,0.0096415349016578,86.01953125,2.0,0.266653334222163,4.8,0.0,0.006011913209901,79.95703125,3.0,0.2666666666666666,8.874999999999998,0.0,0.0032077301770189,81.12109375,2.0,28.66560475582165,2.426071233907193,0.0,0.0116404148269827,51.84375,2.0,3.466795564148721,4.892122766171744,0.0,0.0098621660294152,81.79296875,2.0,1.6666622290370172,0.497984513574101,0.0,0.0036294865257131,53.234375,2.0,2.800280031114845,4.611271316790942,0.0,0.0030546653961124,139.66015625,2.0,0.0051110276077006,48.81640625,2.0
2026-05-29T11:33:17Z,2.7333333333333334,44.99999999999995,0.0,0.019723896125891,61.5546875,2.0,5.933804514381118,4.817620742898475,0.0,0.007898210587798,99.71875,0.0,0.5333866773354671,24.25,0.0,0.0040322789435224,54.140625,2.0,15.533480029339202,4.31428537864794,0.0,0.0096158932692131,87.03125,2.0,0.4667066782242967,4.8,0.0,0.006011913209901,79.95703125,3.0,0.4667200106688004,6.999883320368928,0.0,0.0032077301770189,81.12109375,2.0,30.9315158290068,2.122261689935412,0.0,0.0121922529557726,52.18359375,2.0,3.866666666666667,4.868263721348015,0.0,0.0101458566730499,82.2734375,2.0,1.6667200248929193,0.4969227620997176,0.0,0.0036294865257131,53.234375,2.0,3.866791119407961,4.605479452054794,0.0,0.0041517976606672,140.3125,2.0,0.0051110276077006,48.81640625,2.0
2026-05-29T11:33:22Z,2.7333333333333334,44.99999999999995,0.0,0.0240694313836062,61.5546875,2.0,5.933804514381118,4.817620742898475,0.0,0.0065919343144716,99.71875,0.0,0.5333866773354671,24.25,0.0,0.0039912369949787,54.140625,2.0,15.867809050986532,4.278420881300725,0.0,0.0096158932692131,87.03125,2.0,0.4667066782242967,4.8,0.0,0.0062903435077373,79.95703125,3.0,0.4667200106688004,6.999883320368928,0.0,0.0026892861181826,81.578125,2.0,31.99852920856852,2.138531057851631,0.0,0.012477012041312,52.18359375,2.0,4.933680046228386,4.843427567680007,0.0,0.0101052607883295,82.2734375,2.0,1.6667200248929193,0.4969227620997176,0.0,0.0030723501228425,53.234375,2.0,3.866791119407961,4.605479452054794,0.0,0.0041517976606672,140.3125,2.0,0.0051110276077006,48.81640625,2.0
2026-05-29T11:33:27Z,2.600346712895053,36.25000000000003,0.0,0.022953095565664,61.4921875,2.0,5.933804514381118,4.817620742898475,0.0,0.0078750349797117,99.2890625,0.0,0.5333866773354671,24.25,0.0,0.0037893050226723,54.1953125,2.0,15.867809050986532,4.278420881300725,0.0,0.0100549582719678,87.03125,2.0,0.400071124150598,4.8,0.0,0.0062137239817075,79.95703125,3.0,0.400071124150598,4.625003403089727,0.0,0.0031717123817606,81.578125,2.0,33.80581963586689,1.899928224909286,0.0,0.012477012041312,52.18359375,2.0,4.933680046228386,4.843427567680007,0.0,0.0101052607883295,82.2734375,2.0,1.533573381342935,0.4939993018842657,0.0,0.0036173701657461,53.29296875,2.0,3.866791119407961,4.605479452054794,0.0,0.004165334833989,140.3125,2.0,0.0050924760921643,48.85546875,2.0
2026-05-29T11:33:32Z,2.600346712895053,36.25000000000003,0.0,0.022953095565664,61.4921875,2.0,4.533466676741333,4.824434473953357,0.0,0.0077720577199339,99.2890625,0.0,0.1333333339259259,24.25,0.0,0.0037893050226723,54.1953125,2.0,13.668057938093533,4.294675812797768,0.0,0.0086385498167233,87.03125,2.0,0.2000133360002963,4.8,0.0,0.0062137239817075,79.95703125,3.0,0.2000133360002963,4.599992380323455,0.0,0.0031717123817606,81.578125,2.0,30.1398107789776,1.655351445100402,0.0,0.0106642408251765,52.18359375,2.0,4.467137832303013,4.820994005985419,0.0,0.0103110040361667,82.2734375,2.0,1.3334933629684158,0.4874997002729417,0.0,0.0036173701657461,53.29296875,2.0,3.0668711247416494,4.615576866350988,0.0,0.0041912189750878,140.2578125,2.0,0.0050924760921643,48.85546875,2.0
2026-05-29T11:33:37Z,2.600346712895053,36.25000000000003,0.0,0.0209294643497331,61.36328125,2.0,4.533466676741333,4.824434473953357,0.0,0.0077720577199339,99.2890625,0.0,0.1333333339259259,24.25,0.0,0.0037893050226723,54.1953125,2.0,12.733728916446202,4.3192118226600975,0.0,0.0070767076565671,87.03125,2.0,0.2000133360002963,4.8,0.0,0.0062137239817075,79.95703125,3.0,0.2000133360002963,4.599992380323455,0.0,0.0030353078444965,81.77734375,2.0,29.27279739941588,1.7094266109782037,0.0,0.0112730746425975,51.734375,2.0,3.600124452741294,4.821714285714285,0.0,0.0101021345246964,82.26953125,2.0,1.3334933629684158,0.4874997002729417,0.0,0.0036173701657461,53.29296875,2.0,3.0668711247416494,4.615576866350988,0.0,0.0041912189750878,140.2578125,2.0,0.0038836842415825,49.03125,2.0
2026-05-29T11:33:42Z,2.60017334488966,46.562500000000114,0.0,0.0209294643497331,61.36328125,2.0,4.533466676741333,4.824434473953357,0.0,0.0074083971154271,99.02734375,0.0,0.1333333339259259,24.25,0.0,0.0031408592443342,54.47265625,2.0,12.733728916446202,4.3192118226600975,0.0,0.0088802479354751,87.546875,2.0,0.0666622225184987,4.8,0.0,0.0057967945048654,79.953125,3.0,0.0666622225184987,4.685714285714285,0.0,0.0031554154880953,81.77734375,2.0,26.5998534438512,1.864285714285707,0.0,0.0112730746425975,51.734375,2.0,3.600124452741294,4.821714285714285,0.0,0.0101021345246964,82.26953125,2.0,1.400026669629748,0.4885714285714285,0.0,0.0035953665578111,53.34765625,2.0,3.0668711247416494,4.615576866350988,0.0,0.0041912189750878,140.2578125,2.0,0.004729567364772,49.03125,2.0
2026-05-29T11:33:47Z,2.60017334488966,46.562500000000114,0.0,0.0209294643497331,61.36328125,2.0,4.6004578284505095,4.787962702886342,0.0,0.0074083971154271,99.02734375,0.0,0.0,24.25,0.0,0.0036394778145942,54.47265625,2.0,12.867088917038911,4.3284974291348135,0.0,0.0088802479354751,87.546875,2.0,0.0,4.8,0.0,0.0057967945048654,79.953125,3.0,0.0,4.666671605194344,0.0,0.0031554154880953,81.77734375,2.0,27.33324455822183,1.8098756652168744,0.0,0.0112730746425975,51.734375,2.0,3.600124452741294,4.8,0.0,0.0086892610276773,82.26953125,2.0,1.400044447407605,0.4821969212285453,0.0,0.0035953665578111,53.34765625,2.0,2.60017334488966,4.671996219012795,0.0,0.0029846179600331,140.2578125,2.0,0.004729567364772,49.03125,2.0
2026-05-29T11:33:52Z,2.60017334488966,46.562500000000114,0.0,0.0170712830215574,61.40625,2.0,4.6004578284505095,4.787962702886342,0.0,0.0074083971154271,99.02734375,0.0,0.0,24.25,0.0,0.0034669105798942,54.20703125,2.0,12.067853463422876,4.341042914574391,0.0,0.0090592182030357,87.546875,2.0,0.0,4.8,0.0,0.0057967945048654,79.953125,3.0,0.0,4.666671605194344,0.0,0.0031554154880953,81.77734375,2.0,27.333475700151865,1.6769480010690343,0.0,0.0116461657691326,51.53515625,2.0,3.600355594671329,4.8,0.0,0.0082573791320144,82.26953125,2.0,1.400044447407605,0.4821969212285453,0.0,0.0035953665578111,53.34765625,2.0,2.60017334488966,4.671996219012794,0.0,0.0030692802150828,140.3828125,2.0,0.0047061886424031,48.76953125,2.0
2026-05-29T11:33:57Z,2.400320042672356,36.75000000000003,0.0,0.0200778915020718,61.40625,2.0,4.6004578284505095,4.787962702886342,0.0,0.0072049138042216,98.9921875,0.0,0.0,24.25,0.0,0.0031000535175638,54.20703125,2.0,12.067853463422876,4.341042914574391,0.0,0.0092403444272462,87.30859375,2.0,0.0,4.8,0.0,0.0058207339334035,79.953125,3.0,0.0666800026672001,4.639996444049338,0.0,0.0021784035142456,81.77734375,2.0,26.80276475914948,1.7467420160259484,0.0,0.0116461657691326,51.53515625,2.0,3.600355594671329,4.8,0.0,0.0099530566784923,82.27734375,2.0,1.0667644545196644,0.4826609800059019,0.0,0.0033043488853697,53.32421875,2.0,2.60017334488966,4.671996219012794,0.0,0.0038622075092665,140.3828125,2.0,0.0046660651140102,48.76953125,2.0
2026-05-29T11:34:02Z,2.400320042672356,36.75000000000003,0.0,0.0200778915020718,61.40625,2.0,5.333688912594173,4.790521321024265,0.0,0.0072049138042216,98.9921875,0.0,0.2666844456297086,24.25,0.0,0.0031000535175638,54.20703125,2.0,13.40127569157142,4.378995035693141,0.0,0.0092403444272462,87.30859375,2.0,0.1333422228148543,4.8,0.0,0.0056848628324741,79.95703125,3.0,0.2000222254820544,4.533315553580027,0.0,0.0028025014889817,81.98828125,2.0,27.46947587322375,1.8340728994475188,0.0,0.0111702267643307,51.55859375,2.0,3.667026706078756,4.800000000000001,0.0,0.0099530566784923,82.27734375,2.0,1.0667644545196644,0.4908330049062458,0.0,0.0033043488853697,53.32421875,2.0,3.3336667037081487,4.676708582061379,0.0,0.0038622075092665,140.3828125,2.0,0.0047699396973497,48.54296875,2.0
2026-05-29T11:34:07Z,2.400320042672356,36.75000000000003,0.0,0.0159907578272209,61.40625,2.0,5.333688912594173,4.790521321024265,0.0,0.0054525504664593,98.9921875,0.0,0.2666844456297086,24.25,0.0,0.0035328621543541,54.26953125,2.0,16.93384447852079,4.402930831949705,0.0,0.0090043655859082,87.30859375,2.0,0.1333422228148543,4.8,0.0,0.0056848628324741,79.95703125,3.0,0.2000222254820544,4.533315553580027,0.0,0.0028025014889817,81.98828125,2.0,27.7360447401832,1.809790714012435,0.0,0.0111702267643307,51.55859375,2.0,3.9335955730382026,4.8,0.0,0.0095464735974085,82.27734375,2.0,1.0667644545196644,0.4908330049062458,0.0,0.0033043488853697,53.32421875,2.0,3.3336667037081487,4.676708582061379,0.0,0.0038994450881153,140.37890625,2.0,0.0047699396973497,48.54296875,2.0
2026-05-29T11:34:12Z,2.733151123258449,46.87499999999999,0.0,0.0139195410741927,61.40625,2.0,5.333688912594173,4.790521321024265,0.0,0.0052983519250703,98.9921875,0.0,0.2666844456297086,24.25,0.0,0.0035843879388987,54.26953125,2.0,16.93384447852079,4.402930831949705,0.0,0.0096332050744787,89.1015625,2.0,0.3333555570371358,4.7599994666358505,0.0,0.0055075797329599,79.95703125,3.0,0.2666666678518518,4.6,0.0,0.0028956174835872,84.0078125,2.0,29.868657910527368,1.8585643016422444,0.0,0.0111702267643307,51.55859375,2.0,3.9335955730382026,4.8,0.0,0.0098343885879948,82.2734375,2.0,1.4667111140742717,0.4913795300034599,0.0,0.0033864897635589,53.5,2.0,3.3336667037081487,4.676708582061378,0.0,0.0038994450881153,140.37890625,2.0,0.0040663387966914,48.54296875,2.0
2026-05-29T11:34:17Z,2.733151123258449,46.87499999999999,0.0,0.0215142140132512,64.42578125,2.0,5.200355580446262,4.782178136450771,0.0,0.0047355835258403,98.9921875,0.0,0.1333466681483259,24.25,0.0,0.0035843879388987,54.26953125,2.0,16.267146700446933,4.42126045676008,0.0,0.0073860954645903,89.1015625,2.0,0.2666888909631802,4.7600010667567485,0.0,0.0059462828604569,82.421875,3.0,0.2000000017778963,4.600013333925952,0.0,0.0028956174835872,84.0078125,2.0,25.06834677985956,2.363465307546712,0.0,0.0097841020974587,51.55859375,2.0,3.0668711247416494,4.823899371069182,0.0,0.0098978612444173,82.2734375,2.0,1.2000355591115062,2.200018888839394,0.0,0.0033864897635589,53.5,2.0,2.2666577878518126,4.668660611550582,0.0,0.0039933462349692,140.76953125,2.0,0.0040132668770697,48.54296875,2.0
2026-05-29T11:34:22Z,2.733151123258449,46.87499999999999,0.0,0.0215142140132512,64.42578125,2.0,5.200355580446262,4.782930562112955,0.0,0.0041728151266103,98.9921875,0.0,0.1333466681483259,24.25,0.0,0.0037927512720296,56.125,2.0,11.334391221938688,4.438858899842263,0.0,0.0082681436941385,89.1015625,2.0,0.2666888909631802,4.7600010667567485,0.0,0.0059462828604569,82.421875,3.0,0.2000000017778963,4.600013333925952,0.0,0.0029816378542697,84.0078125,2.0,23.33488010430341,2.2786770621090757,0.0,0.0103779246760024,52.02734375,2.0,1.333404449185501,4.826388888888888,0.0,0.0098978612444173,82.2734375,2.0,1.2000355591115062,2.200018888839394,0.0,0.0033864897635589,53.5,2.0,2.2666577878518126,4.668660611550582,0.0,0.0039933462349692,140.76953125,2.0,0.0036172077754147,48.54296875,2.0
2026-05-29T11:34:27Z,2.4669955994132557,41.45833333333327,0.2543859649122807,0.0221723708616015,64.42578125,2.0,5.200355580446262,4.783273502782638,0.0,0.0033715049697747,175.36328125,0.0,0.1333466681483259,24.25,0.0,0.0040657335180187,56.125,2.0,11.334391221938688,4.438858899842263,0.0,0.0086084213413793,89.546875,2.0,0.0666755567408987,4.760000533385486,0.0,0.0061145221112696,82.421875,3.0,0.0666755567408987,4.60000888948152,0.0,0.0029802131553451,84.79296875,2.0,10.000657822817976,2.642677216381796,0.0,0.0103779246760024,52.02734375,2.0,1.333404449185501,4.826388888888888,0.0,0.0087005739201719,81.76171875,2.0,0.4667066705189333,2.649986665185018,0.0,0.0039245794660379,55.4375,2.0,2.2666577878518126,4.668660611550582,0.0,0.0039933462349692,140.76953125,2.0,0.0033279156794111,48.54296875,2.0
2026-05-29T11:34:32Z,2.4669955994132557,41.45833333333327,0.2543859649122807,0.0183692337868462,64.24609375,2.0,4.9337956053391805,4.725772557364457,0.0,0.0028372274327288,175.36328125,0.0,0.2666844468151309,23.87500138899692,0.0,0.0040657335180187,56.125,2.0,6.200826776903587,4.441052538621017,0.0,0.0086084213413793,89.546875,2.0,0.0,4.759999466623997,0.0,0.0061145221112696,82.421875,3.0,0.0,4.6,0.0,0.0029802131553451,84.79296875,2.0,3.6670044817822425,2.8823491116107225,0.0,0.0103779246760024,52.02734375,2.0,0.2666666666666666,4.832479051989132,0.0,0.0087005739201719,81.76171875,2.0,0.0666711114074271,2.533371854419919,0.0,0.0039245794660379,55.4375,2.0,0.0,4.608514527703068,0.0,0.0029708249999998,140.76953125,2.0,0.0049245349520261,50.3359375,2.0
2026-05-29T11:34:37Z,2.4669955994132557,41.45833333333327,0.2543859649122807,0.0177128305158215,64.24609375,2.0,4.9337956053391805,4.722083857262234,0.0,0.0023029498956828,175.36328125,0.0,0.2666844468151309,23.87500138899692,0.0,0.0038415372656774,56.234375,2.0,3.666795596744633,4.510535393991722,0.0,0.0086084213413793,89.546875,2.0,0.0,4.759999466623997,0.0,0.0058653457264243,82.38671875,3.0,0.0,4.6,0.0,0.0025282016438053,85.0703125,2.0,3.733693372152712,2.822493834426009,0.0,0.0080299496239031,52.03515625,2.0,0.3333555570371358,4.843182668787341,0.0,0.0082930863477231,81.76171875,2.0,0.0666711114074271,2.533371854419919,0.0,0.0039245794660379,55.4375,2.0,0.0,4.608514527703068,0.0,0.0035725685257701,140.3203125,2.0,0.0050266152668133,50.3359375,2.0
2026-05-29T11:34:42Z,2.466666666666667,37.50000000000006,0.4956521739130434,0.0177128305158215,64.24609375,2.0,4.9337956053391805,4.717831933303799,0.0,0.0201645092814371,190.24609375,0.0,0.2666844468151309,23.87500138899692,0.0,0.0041143606434543,56.234375,2.0,3.666795596744633,4.510535393991722,0.0,0.0076102434342552,87.43359375,2.0,0.0,4.76,0.0,0.0060815352462715,82.38671875,3.0,0.0,4.600013333333333,0.0,0.0028080288661741,85.0703125,2.0,8.333577808892938,3.082527169528331,0.0,0.0080299496239031,52.03515625,2.0,0.3333555570371358,4.843182668787341,0.0,0.0079453277259204,81.69140625,2.0,0.2,2.733417780049461,0.0,0.0036099054096021,55.4375,2.0,0.0,4.608514527703068,0.0,0.0035725685257701,140.3203125,2.0,0.0051782435406793,51.11328125,2.0
2026-05-29T11:34:47Z,2.466666666666667,37.50000000000006,0.4956521739130434,0.0171273627041136,64.43359375,2.0,2.2666666666666666,4.980952380952381,0.0,0.0240412557884231,190.24609375,0.0,0.0,22.75,0.0,0.0041143606434543,56.234375,2.0,7.3332133413328,4.509948277715102,0.0,0.0076102434342552,87.43359375,2.0,0.0,4.733333333333333,0.0,0.0060815352462715,82.38671875,3.0,0.0,4.20004,0.0,0.003357926668425,85.0703125,2.0,15.800022223703802,3.461377435819472,0.0,0.0089526957203434,52.296875,2.0,1.6000222237038024,4.852778413101728,0.0,0.0079453277259204,81.69140625,2.0,0.6666666666666667,3.0667170381564017,0.0,0.0039452240299883,55.4921875,2.0,1.6666666666666663,4.651433788817824,0.0,0.0037328140113306,140.44921875,2.0,0.0051782435406793,51.11328125,2.0
2026-05-29T11:34:52Z,2.466666666666667,37.50000000000006,0.4956521739130434,0.0095517825987027,64.43359375,2.0,2.2666666666666666,4.980952380952381,0.0,0.0279180022954091,190.24609375,0.0,0.0,22.75,0.0,0.0033086615621625,56.3203125,2.0,14.667884606836468,4.545762711864407,0.0,0.0076102434342552,87.43359375,2.0,0.0,4.733333333333333,0.0,0.0060815352462715,82.38671875,3.0,0.0,4.20004,0.0,0.0028191100241799,85.0703125,2.0,16.933431117630064,3.480912174478449,0.0,0.0080988466410377,52.296875,2.0,2.7334311176300643,4.85352176335443,0.0,0.0079453277259204,81.69140625,2.0,0.6666666666666667,3.0667170381564017,0.0,0.0039452240299883,55.4921875,2.0,1.6666666666666663,4.651433788817824,0.0,0.0036505154171018,140.44921875,2.0,0.0051919280657317,51.11328125,2.0
2026-05-29T11:34:57Z,2.133617815708761,399.999999999999,0.5377358490566038,0.0122119530347786,64.43359375,2.0,2.2666666666666666,4.980952380952381,0.0,0.0317947488023952,190.24609375,0.0,0.0,22.75,0.0,0.0033086615621625,56.3203125,2.0,14.667884606836468,4.545762711864407,0.0,0.0076674724855274,86.9140625,2.0,0.0666711114074271,4.800000000000001,0.0,0.0058983784779806,82.2578125,3.0,0.0666800026672001,4.800000000000001,0.0,0.0031538392552867,85.25390625,2.0,25.60209805099896,3.64597549412284,0.0,0.0080988466410377,52.296875,2.0,2.7334311176300643,4.85352176335443,0.0,0.0076072511507154,81.53125,2.0,1.1334222340756546,3.3999999999999986,0.0,0.0039490786356681,55.53125,2.0,1.6666666666666663,4.651433788817824,0.0,0.0036505154171018,140.44921875,2.0,0.0050199006812006,51.109375,2.0
2026-05-29T11:35:02Z,2.133617815708761,399.999999999999,0.5377358490566038,0.016098175098177,64.5546875,2.0,4.733640020445807,14.174400221805229,0.0,0.0319195506566873,196.19140625,0.0,0.1333377780740938,46.25,0.0,0.0033086615621625,56.3203125,2.0,18.135129089802,4.481818303492172,0.0,0.0076674724855274,86.9140625,2.0,0.1333377780740938,4.8,0.0,0.0054783231246526,82.2578125,3.0,0.1333466693338667,4.8,0.0,0.003135529072518,85.25390625,2.0,28.33620476922462,3.3721499074961723,0.0,0.0053669000000013,52.296875,2.0,3.133542236149077,4.8,0.0,0.0076072511507154,81.53125,2.0,1.466800014816593,2.000008889086428,0.0,0.0039490786356681,55.53125,2.0,2.7335155677045133,4.675675675675675,0.0,0.0036505154171018,140.44921875,2.0,0.0034625262390719,51.109375,2.0
2026-05-29T11:35:07Z,2.133617815708761,399.999999999999,0.5377358490566038,0.016098175098177,64.5546875,2.0,4.733640020445807,12.19220073039122,0.0,0.0417751877674376,196.19140625,0.0,0.1333377780740938,46.25,0.0,0.0028563570446309,56.3203125,2.0,16.46724448296553,4.413960620392773,0.0,0.0076674724855274,86.9140625,2.0,0.1333377780740938,4.8,0.0,0.005652938761948,82.1484375,3.0,0.1333466693338667,4.8,0.0,0.003135529072518,85.25390625,2.0,28.802773651594556,3.382713907320801,0.0,0.0089108387823153,52.37109375,2.0,3.6001111185190124,4.8,0.0,0.0076072511507154,81.53125,2.0,1.466800014816593,2.000008889086428,0.0,0.0039490786356681,55.53125,2.0,2.7335155677045133,4.675675675675675,0.0,0.0034443233013108,140.390625,2.0,0.0038840427421941,51.109375,2.0
2026-05-29T11:35:12Z,2.599826678221452,687.5,0.2592592592592592,0.016098175098177,64.5546875,2.0,4.733640020445807,10.21000123897724,0.0,0.0407963594753236,198.63671875,0.0,0.1333377780740938,46.24999999999999,0.0,0.0030591876880351,56.1015625,2.0,16.46724448296553,4.413960620392773,0.0,0.0085101589170086,86.4609375,2.0,0.0666666666666666,4.800000000000001,0.0,0.005652938761948,82.1484375,3.0,0.0666666666666666,4.599995555358016,0.0,0.0026476720322178,85.25390625,2.0,25.267440051558992,2.9195304265670763,0.0,0.0089108387823153,52.37109375,2.0,3.6001111185190124,4.8,0.0,0.0070081224997638,81.53125,2.0,1.400044447407605,1.1000555578272515,0.0,0.0032547133599765,55.96484375,2.0,2.7335155677045133,4.675675675675675,0.0,0.0034443233013108,140.390625,2.0,0.0040842338137014,51.11328125,2.0
2026-05-29T11:35:17Z,2.599826678221452,687.5,0.2592592592592592,0.0202515296735245,64.609375,2.0,4.333333333333334,10.005023912293016,0.0,0.0407963594753236,198.63671875,0.0,0.0,48.12501388950619,0.0,0.0030591876880351,56.1015625,2.0,14.733333333333334,4.406217523029451,0.0,0.0085101589170086,86.4609375,2.0,0.0,4.8,0.0,0.0057993190962559,82.1484375,3.0,0.0,4.600004444641984,0.0,0.0028938689641352,85.0078125,2.0,24.200000000000003,2.6452216767180587,0.0,0.0089108387823153,52.37109375,2.0,3.6,4.8,0.0,0.0086510549838892,81.2578125,2.0,0.8666666666666667,0.4976187484148919,0.0,0.0032547133599765,55.96484375,2.0,3.4000000000000004,4.662295081967213,0.0,0.0032798131407378,140.390625,2.0,0.0048382319434957,51.11328125,2.0
2026-05-29T11:35:22Z,2.599826678221452,687.5,0.2592592592592592,0.0202515296735245,64.609375,2.0,4.333333333333334,4.988967531281599,0.0,0.0407963594753236,198.63671875,0.0,0.0,48.12501388950619,0.0,0.0030098715635277,56.1015625,2.0,13.934666933386676,4.342115414579431,0.0,0.0086867557494766,86.23828125,2.0,0.0,4.8,0.0,0.0058334802501783,82.15625,3.0,0.0,4.600004444641984,0.0,0.0028938689641352,85.0078125,2.0,24.06690669867093,2.6620583659836368,0.0,0.010819156463753,52.56640625,2.0,3.4669066986709343,4.8,0.0,0.0086510549838892,81.2578125,2.0,0.8666666666666667,0.4976187484148919,0.0,0.0032547133599765,55.96484375,2.0,3.4000000000000004,4.662295081967213,0.0,0.0033768635391121,140.390625,2.0,0.0041946261392122,51.11328125,2.0
2026-05-29T11:35:27Z,2.2005868231528405,933.3333333333312,0.0,0.0202515296735245,64.609375,2.0,4.333333333333334,4.978983247008598,0.0,0.0289439623338256,199.16015625,0.0,0.0,48.12501388950619,0.0,0.0030362541241459,56.19140625,2.0,13.934666933386676,4.342115414579431,0.0,0.008181832429903,86.23828125,2.0,0.0666800026672001,4.800000000000001,0.0,0.0058334802501783,82.15625,3.0,0.0666800026672001,4.399982220246693,0.0,0.0025535685516353,85.0078125,2.0,25.13524469929324,2.3222822149534816,0.0,0.010819156463753,52.56640625,2.0,3.4669066986709343,4.8,0.0,0.009308888228298,81.2578125,2.0,0.800071120593857,0.4947908877901633,0.0,0.0027312131301626,56.5,2.0,3.4000000000000004,4.662295081967213,0.0,0.0039312616736107,140.4375,2.0,0.0048180238985103,51.11328125,2.0
2026-05-29T11:35:32Z,2.2005868231528405,933.3333333333312,0.0,0.0224020870749933,64.609375,2.0,3.800608994092902,4.8712793374546575,0.0,0.0289439623338256,199.16015625,0.0,0.1333466693338667,47.5,0.0,0.0030362541241459,56.19140625,2.0,13.53600053344002,4.2963311169615,0.0,0.0094922049569777,86.23828125,2.0,0.1333466693338667,4.8,0.0,0.0058334802501783,82.15625,3.0,0.1333466693338667,4.599986665185019,0.0,0.0025535685516353,85.0078125,2.0,24.070498416703387,1.8799914660440036,0.0,0.010819156463753,52.56640625,2.0,3.2005200880154696,4.8,0.0,0.009308888228298,81.2578125,2.0,1.1334978059309244,0.4845000337793991,0.0,0.0032308454261801,56.5,2.0,2.333800093352004,4.620588235294118,0.0,0.0039312616736107,140.4375,2.0,0.0045869736457143,51.11328125,2.0
2026-05-29T11:35:37Z,2.2005868231528405,933.3333333333312,0.0,0.0206166639557553,65.1796875,2.0,3.800608994092902,4.793698192330909,0.0,0.0289439623338256,199.16015625,0.0,0.1333466693338667,47.5,0.0,0.003267694729477,56.19140625,2.0,12.734666933386675,4.257147783363095,0.0,0.0079412050342436,86.23828125,2.0,0.1333466693338667,4.8,0.0,0.0049284835010284,82.23046875,3.0,0.1333466693338667,4.599986665185019,0.0,0.0018400333921848,85.0078125,2.0,23.60359171803245,1.6318743228323231,0.0,0.0098780546430576,52.9375,2.0,2.733613389344536,4.8,0.0,0.0091561923263721,81.59375,2.0,1.1334978059309244,0.4845000337793991,0.0,0.0032308454261801,56.5,2.0,2.333800093352004,4.620588235294118,0.0,0.0037879169950091,140.4375,2.0,0.0045869736457143,51.11328125,2.0
2026-05-29T11:35:42Z,2.0665288980734617,599.999999999996,0.0,0.0206166639557553,65.1796875,2.0,3.800608994092902,4.791632526721822,0.0,0.0162609249999999,199.16015625,0.0,0.1333466693338667,47.5,0.0,0.0030414967908607,56.50390625,2.0,12.734666933386675,4.257147783363095,0.0,0.0080809443116134,86.265625,2.0,0.0666666666666666,4.8,0.0,0.005766912479548,82.23046875,3.0,0.0666666666666666,4.6,0.0,0.0016400101951128,85.0078125,2.0,21.86858705074348,1.5582696539320988,0.0,0.0098780546430576,52.9375,2.0,2.733613389344536,4.8,0.0,0.0089011560080615,81.59375,2.0,0.7334266853370675,0.4857957271769446,0.0,0.0025912098283615,56.5,2.0,2.333800093352004,4.620588235294118,0.0,0.0037879169950091,140.4375,2.0,0.0038341019712771,51.11328125,2.0
2026-05-29T11:35:47Z,2.0665288980734617,599.999999999996,0.0,0.0191863029599504,65.1796875,2.0,4.999857790814421,4.792787496076461,0.0,0.0174613041881763,197.359375,0.0,0.1333377792593975,24.25,0.0,0.0030414967908607,56.50390625,2.0,12.599577809479843,4.285077750665888,0.0,0.0080809443116134,86.265625,2.0,0.0666755567408987,4.8,0.0,0.0056999217303316,82.5859375,3.0,0.0666755567408987,4.600008889283968,0.0,0.0025773988158,85.4296875,2.0,25.132480058663,1.763379906069896,0.0,0.007816998955069,52.9375,2.0,3.3998622314067948,4.799999999999999,0.0,0.0089011560080615,81.59375,2.0,0.4666711143706272,0.475,0.0,0.0030907233002548,56.6796875,2.0,3.799866675554963,4.62702333877213,0.0,0.0029559968706788,140.4375,2.0,0.0044409900949495,51.44140625,2.0
2026-05-29T11:35:52Z,2.0665288980734617,599.999999999996,0.0,0.0199106138660581,65.3125,2.0,4.999857790814421,4.792696178251181,0.0,0.0174613041881763,197.359375,0.0,0.1333377792593975,24.25,0.0,0.0023130747167957,56.50390625,2.0,16.134164643279906,4.316653031593706,0.0,0.0080809443116134,86.265625,2.0,0.0666755567408987,4.8,0.0,0.0056999217303316,82.5859375,3.0,0.0666755567408987,4.600008889283968,0.0,0.0025773988158,85.4296875,2.0,25.46603564385213,1.7888988348418926,0.0,0.0103315227527037,52.98046875,2.0,3.733417816595932,4.8,0.0,0.0091292282400871,81.73828125,2.0,0.4666711143706272,0.475,0.0,0.0030907233002548,56.6796875,2.0,3.799866675554963,4.62702333877213,0.0,0.0026438404046529,140.4375,2.0,0.0044409900949495,51.44140625,2.0
2026-05-29T11:35:57Z,2.6668444562970866,449.999999999997,0.0,0.0199106138660581,65.3125,2.0,4.999857790814421,4.792604779903523,0.0,0.0174613041881763,197.359375,0.0,0.1333377792593975,24.25,0.0,0.0031374951067311,56.8828125,2.0,16.134164643279906,4.316653031593706,0.0,0.0069793961626501,86.265625,2.0,0.2000088900742321,4.8,0.0,0.0055470142545258,82.5859375,3.0,0.2000177795557531,4.6,0.0,0.0026922485543337,85.4296875,2.0,30.534818148186044,1.9350851449395128,0.0,0.0103315227527037,52.98046875,2.0,3.733417816595932,4.8,0.0,0.0092385954215399,81.73828125,2.0,1.200062229333847,0.4875000731017919,0.0,0.0032073323068873,56.6796875,2.0,3.799866675554963,4.62702333877213,0.0,0.0038442042417027,140.890625,2.0,0.0044840561053446,51.44140625,2.0
2026-05-29T11:36:02Z,2.6668444562970866,449.999999999997,0.0,0.0192816257747599,65.3125,2.0,5.467529037656223,4.791229493661113,0.0,0.0085863182167563,197.359375,0.0,0.2666933386677335,24.25,0.0,0.0031374951067311,56.8828125,2.0,19.13646720987528,4.347207473150472,0.0,0.009205563683815,86.68359375,2.0,0.2666666666666666,4.8,0.0,0.004587765997816,82.5859375,3.0,0.2666755561481876,4.699995555160458,0.0,0.0027927906212339,85.6484375,2.0,30.3381919269572,1.7889118541035582,0.0,0.0103315227527037,52.98046875,2.0,3.4672489905368726,4.8,0.0,0.0092385954215399,81.73828125,2.0,1.8668711443024208,1.7999792578983933,0.0,0.0033315233041258,57.08203125,2.0,2.667022281492545,4.621921549095443,0.0,0.0038442042417027,140.890625,2.0,0.0044840561053446,51.44140625,2.0
2026-05-29T11:36:07Z,2.6668444562970866,449.999999999997,0.0,0.0192816257747599,65.3125,2.0,5.467529037656223,4.791142980145235,0.0,0.0090649439699083,197.296875,0.0,0.2666933386677335,24.25,0.0,0.0031374951067311,56.8828125,2.0,17.868004856665397,4.303049686862016,0.0,0.009205563683815,86.68359375,2.0,0.2666666666666666,4.8,0.0,0.0031351749999998,82.5859375,3.0,0.2666755561481876,4.699995555160458,0.0,0.0027927906212339,85.6484375,2.0,30.604636341768064,1.8356263824845676,0.0,0.010626361727984,53.1015625,2.0,3.733693405347736,4.8,0.0,0.009434455210902,81.796875,2.0,1.8668711443024208,1.7999792578983933,0.0,0.0033315233041258,57.08203125,2.0,2.667022281492545,4.621921549095443,0.0,0.0039059492424485,140.890625,2.0,0.0035157802400968,51.44140625,2.0
2026-05-29T11:36:12Z,3.0,418.7500000000021,0.0,0.0214215926549124,65.3671875,2.0,5.467529037656223,4.791056394898043,0.0,0.0090146014310986,197.296875,0.0,0.2666933386677335,24.25,0.0,0.0030826783555023,57.28515625,2.0,17.868004856665397,4.303049686862016,0.0,0.0091792735492003,86.68359375,2.0,0.2000044447407604,4.76666716050846,0.0,0.005563931221575,81.8984375,3.0,0.2000044447407604,4.720000000000001,0.0,0.0027927906212339,85.6484375,2.0,29.40252050410082,1.851418854837442,0.0,0.010626361727984,53.1015625,2.0,3.733693405347736,4.8,0.0,0.009434455210902,81.796875,2.0,1.7335289214875669,1.3999955551604542,0.0,0.0033537928584117,57.08203125,2.0,2.667022281492545,4.621921549095443,0.0,0.0040317556459285,141.14453125,2.0,0.0030042676701859,51.44140625,2.0
2026-05-29T11:36:17Z,3.0,418.7500000000021,0.0,0.0233073095855596,65.3671875,2.0,4.3998666755549625,4.790912697216253,0.0,0.0090146014310986,197.296875,0.0,0.0,24.25,0.0,0.0030826783555023,57.28515625,2.0,15.865608959402708,4.309005388674798,0.0,0.0095802438059617,87.15234375,2.0,0.0666711114074271,4.760001600078225,0.0,0.005563931221575,81.8984375,3.0,0.0666711114074271,4.700003333518529,0.0,0.0021573896842682,86.2421875,2.0,27.599266715552297,2.0414434602021947,0.0,0.010626361727984,53.1015625,2.0,3.533226673777304,4.8,0.0,0.0097272964509387,81.796875,2.0,1.2666800056296887,2.2000122236791317,0.0,0.0034056726157713,57.4375,2.0,2.866577783703309,4.638461538461538,0.0,0.0040317556459285,141.14453125,2.0,0.004450367454618,51.390625,2.0
2026-05-29T11:36:22Z,3.0,418.7500000000021,0.0,0.0233073095855596,65.3671875,2.0,4.3998666755549625,4.790832065269642,0.0,0.0088610900422581,197.3515625,0.0,0.0,24.25,0.0,0.003187395703888,57.6796875,2.0,17.667475766539777,4.333325745337094,0.0,0.0105497787310274,87.15234375,2.0,0.0666711114074271,4.760001600078225,0.0,0.0056853006014746,81.8984375,3.0,0.0666711114074271,4.700003333518529,0.0,0.0024132046206246,86.2421875,2.0,27.66620008444593,2.0602315638005515,0.0,0.011619753086418,53.1015625,2.0,3.600160042670934,4.8,0.0,0.0097272964509387,81.796875,2.0,1.2666800056296887,2.2000122236791317,0.0,0.0034056726157713,57.4375,2.0,2.866577783703309,4.638461538461538,0.0,0.0040317556459285,141.14453125,2.0,0.004450367454618,51.390625,2.0
2026-05-29T11:36:27Z,2.733880109355204,456.2499999999999,0.0,0.0233073095855596,65.3671875,2.0,4.3998666755549625,4.7907513711096,0.0,0.0092366740699611,197.3515625,0.0,0.0,24.25,0.0,0.0034303689641747,57.6796875,2.0,17.667475766539777,4.333325745337094,0.0,0.0105497787310274,87.15234375,2.0,0.0666711114074271,4.766667407456793,0.0,0.0056860055107034,81.921875,3.0,0.0666711114074271,4.650002500180569,0.0,0.003069779236277,86.2421875,2.0,26.467097922079542,1.880911826189612,0.0,0.011619753086418,53.1015625,2.0,3.600160042670934,4.8,0.0,0.0097588104001871,82.07421875,2.0,1.333351117037116,1.749990278159033,0.0,0.0035646228072975,57.4375,2.0,2.866577783703309,4.638461538461538,0.0,0.0027671714572264,141.6484375,2.0,0.0046068516664283,51.390625,2.0
2026-05-29T11:36:32Z,2.733880109355204,456.2499999999999,0.0,0.0222104255126954,65.25390625,2.0,4.800622305196248,4.788405782164595,0.0,0.0092366740699611,197.3515625,0.0,0.1333422234075654,24.25,0.0,0.0034303689641747,57.6796875,2.0,17.668960305818555,4.315643803045108,0.0,0.0105497787310274,87.15234375,2.0,0.1333377780740938,4.766666666666667,0.0,0.0056860055107034,81.921875,3.0,0.1333377780740938,4.649997499847213,0.0,0.003069779236277,86.2421875,2.0,28.53618698729802,1.3833655115187755,0.0,0.011619753086418,53.1015625,2.0,3.8671822909721296,4.823602484472049,0.0,0.0097588104001871,82.07421875,2.0,1.4001155674087509,1.5999966669321366,0.0,0.0029759402032674,57.4375,2.0,2.9337244965995466,4.634289028799762,0.0,0.0031347651044044,141.6484375,2.0,0.0046604449267493,51.55859375,2.0
2026-05-29T11:36:37Z,2.733880109355204,456.2499999999999,0.0,0.0226929937674629,65.25390625,2.0,4.800622305196248,4.788405782164595,0.0,0.0087164282600943,195.13671875,0.0,0.1333422234075654,24.25,0.0,0.0028974039727741,57.6796875,2.0,13.867635684757968,4.288363633808217,0.0,0.0099880596453613,87.37109375,2.0,0.1333377780740938,4.766666666666667,0.0,0.0057503658039294,81.921875,3.0,0.1333377780740938,4.649997499847213,0.0,0.0030018005938129,86.5546875,2.0,28.00258695173772,1.489200872244864,0.0,0.0111620633281712,53.0,2.0,3.333582255411833,4.824051174171435,0.0,0.0098467208870209,82.07421875,2.0,1.4001155674087509,1.5999966669321366,0.0,0.0034392295815353,57.46875,2.0,2.9337244965995466,4.634289028799762,0.0,0.00335650552592,141.7265625,2.0,0.0046604449267493,51.55859375,2.0
2026-05-29T11:36:42Z,2.266515565628958,262.50000000000074,0.0,0.0223151170609443,65.26171875,2.0,4.800622305196248,4.788405782164595,0.0,0.0087164282600943,195.13671875,0.0,0.1333422234075654,24.25,0.0,0.0032335557673975,58.0859375,2.0,13.867635684757968,4.288363633808217,0.0,0.0096166047526396,87.37109375,2.0,0.1333333333333333,4.76,0.0,0.0057148415191323,81.921875,3.0,0.1333333333333333,4.65,0.0,0.0030018005938129,86.5546875,2.0,28.801689114104104,1.4198022022075318,0.0,0.0111620633281712,53.0,2.0,3.333582255411833,4.824051174171435,0.0,0.009672200150327,81.81640625,2.0,1.133431121779042,0.4983606670914448,0.0,0.0034392295815353,57.46875,2.0,2.9337244965995466,4.634289028799762,0.0,0.0042060740704569,141.7265625,2.0,0.0046604449267493,51.55859375,2.0
2026-05-29T11:36:47Z,2.266515565628958,262.50000000000074,0.0,0.0223151170609443,65.26171875,2.0,4.533351113481798,4.788059577399856,0.0,0.0080272883742763,195.13671875,0.0,0.1333422234075654,24.25,0.0,0.0032335557673975,58.0859375,2.0,15.200017780148464,4.2309274807494415,0.0,0.0096166047526396,87.37109375,2.0,0.1333422234075654,4.75000111118519,0.0,0.0040220505539739,81.921875,3.0,0.1333422234075654,4.600005926277112,0.0,0.0030094006084357,86.5546875,2.0,26.4666755567409,1.6240080192307933,0.0,0.0111620633281712,53.0,2.0,3.0,4.824203547576806,0.0,0.009672200150327,81.81640625,2.0,1.3333866714078817,0.4908328876355895,0.0,0.0033636263524486,57.46875,2.0,2.533333333333333,4.631425146339559,0.0,0.0042060740704569,141.7265625,2.0,0.003428499740488,51.55859375,2.0
2026-05-29T11:36:52Z,2.266515565628958,262.50000000000074,0.0,0.0164102709710348,65.26171875,2.0,4.533351113481798,4.788059577399856,0.0,0.0080272883742763,195.13671875,0.0,0.1333422234075654,24.25,0.0,0.0032335557673975,58.0859375,2.0,18.86733782370693,4.21611811436293,0.0,0.0095816590532411,87.71875,2.0,0.1333422234075654,4.75000111118519,0.0,0.0044929422226181,81.921875,3.0,0.1333422234075654,4.600005926277112,0.0,0.0030094006084357,86.5546875,2.0,26.8002489220785,1.5342688501752346,0.0,0.0109177270631628,53.125,2.0,3.3335733653376005,4.824358151938005,0.0,0.0095664819944583,81.81640625,2.0,1.3333866714078817,0.4908328876355895,0.0,0.0033636263524486,57.46875,2.0,2.533333333333333,4.631425146339559,0.0,0.0036266055824779,141.7265625,2.0,0.0028634666666656,51.55859375,2.0
2026-05-29T11:36:57Z,2.7336978263768508,350.000000000001,0.0,0.0172323458509025,65.26171875,2.0,4.533351113481798,4.788059577399856,0.0,0.0061126128618369,195.13671875,0.0,0.1333422234075654,24.25,0.0,0.0028207009013343,58.0859375,2.0,18.86733782370693,4.21611811436293,0.0,0.0095816590532411,87.71875,2.0,0.1333511134817975,4.8,0.0,0.0056263431793002,81.92578125,3.0,0.1333511134817975,4.50000666711114,0.0,0.002384435876248,86.5546875,2.0,27.66893363559586,1.502655396096416,0.0,0.0109177270631628,53.125,2.0,3.3335733653376005,4.824358151938005,0.0,0.0096929674444828,80.57421875,2.0,1.8000844512598717,0.4911012461107553,0.0,0.0033611951992593,57.51171875,2.0,2.533333333333333,4.631425146339559,0.0,0.0040068081026011,141.828125,2.0,0.003387629212448,51.55859375,2.0
2026-05-29T11:37:02Z,2.7336978263768508,350.000000000001,0.0,0.015535246594363,65.26171875,2.0,4.733791161783842,4.788832604474122,0.0,0.0085497212731523,196.41796875,0.0,0.1333422234075654,24.25,0.0,0.0033005785123962,58.3203125,2.0,17.0682446112786,4.244330239448754,0.0,0.0091042502507537,87.71875,2.0,0.1333422234075654,4.800000000000001,0.0,0.0056263431793002,81.92578125,3.0,0.1333422234075654,4.599995555259239,0.0,0.0027605714002771,86.7265625,2.0,29.53723607592124,1.2176859138098737,0.0,0.010860212707937,52.94140625,2.0,3.733831177490332,4.8242038216560506,0.0,0.0096929674444828,80.57421875,2.0,1.8668311285946275,0.4979838682272731,0.0,0.0032968557968051,57.51171875,2.0,2.600346712895053,4.622222222222222,0.0,0.0040068081026011,141.828125,2.0,0.0046937713197182,50.171875,2.0
2026-05-29T11:37:07Z,2.7336978263768508,350.000000000001,0.0,0.0138381473378234,65.26171875,2.0,4.733791161783842,4.788832604474122,0.0,0.0085592904563226,196.41796875,0.0,0.1333422234075654,24.25,0.0,0.0033005785123962,58.3203125,2.0,13.668017929499817,4.223345759495122,0.0,0.0094012517829411,88.06640625,2.0,0.1333422234075654,4.800000000000001,0.0,0.0056263431793002,81.92578125,3.0,0.1333422234075654,4.599995555259239,0.0,0.0027605714002771,86.7265625,2.0,29.736996043916967,1.3662108988700954,0.0,0.0105586922044665,52.94140625,2.0,3.933591145486065,4.823603025296942,0.0,0.0096270971252391,80.57421875,2.0,1.8668311285946275,0.4979838682272731,0.0,0.0033437648550152,57.53515625,2.0,2.600346712895053,4.622222222222222,0.0,0.0039595257198899,141.8671875,2.0,0.0046937713197182,50.171875,2.0
2026-05-29T11:37:12Z,2.133475565037669,79.9999999999998,0.0,0.0211009056244019,65.32421875,2.0,4.733791161783842,4.788832604474122,0.0,0.0085592904563226,196.41796875,0.0,0.1333422234075654,24.25,0.0,0.0032037673909642,58.3203125,2.0,13.668017929499817,4.223345759495122,0.0,0.0094012517829411,88.06640625,2.0,0.0666666666666666,4.8,0.0,0.005801288733062,82.42578125,3.0,0.1333333333333333,4.666666666666667,0.0,0.0027605714002771,86.7265625,2.0,25.80164466373294,1.5229025640178928,0.0,0.0105586922044665,52.94140625,2.0,3.933591145486065,4.823603025296942,0.0,0.0095665241422461,80.58203125,2.0,1.4000977908165533,0.4979841236158525,0.0,0.0033437648550152,57.53515625,2.0,2.600346712895053,4.622222222222222,0.0,0.0038051247471339,141.8671875,2.0,0.0047569709936516,50.203125,2.0
2026-05-29T11:37:17Z,2.133475565037669,79.9999999999998,0.0,0.0211009056244019,65.32421875,2.0,5.066840011556326,4.790196086975657,0.0,0.0085592904563226,196.41796875,0.0,0.2666755561481876,24.25,0.0,0.0032037673909642,58.3203125,2.0,16.000466697779853,4.228420858836001,0.0,0.0097635918367368,88.06640625,2.0,0.1333422228148543,4.799999999999999,0.0,0.005801288733062,82.42578125,3.0,0.2000088894815209,4.700002222320991,0.0,0.0026578983737962,86.7265625,2.0,26.40003111318532,1.472462995117538,0.0,0.0089662361121289,52.94140625,2.0,3.9333333333333336,4.8,0.0,0.0095665241422461,80.58203125,2.0,1.400017778963042,0.4969231868578219,0.0,0.0034105926376051,57.53515625,2.0,3.0,4.612499999999999,0.0,0.0038051247471339,141.8671875,2.0,0.0047633831050354,50.203125,2.0
2026-05-29T11:37:22Z,2.133475565037669,79.9999999999998,0.0,0.0211009056244019,65.32421875,2.0,5.066840011556326,4.790196086975657,0.0,0.0092554639611075,196.41796875,0.0,0.2666755561481876,24.25,0.0,0.0024758270227812,58.3203125,2.0,18.601240162688185,4.212423298334844,0.0,0.009919140373804,88.265625,2.0,0.1333422228148543,4.799999999999999,0.0,0.005801288733062,82.42578125,3.0,0.2000088894815209,4.700002222320991,0.0,0.0020367696729931,86.7265625,2.0,25.733453341333863,1.327281506518587,0.0,0.0103082020616718,52.99609375,2.0,3.266755561481877,4.8,0.0,0.0095665241422461,80.58203125,2.0,1.400017778963042,0.4969231868578219,0.0,0.0033664889668668,57.78515625,2.0,3.0,4.612499999999999,0.0,0.0038610622941868,141.890625,2.0,0.0047633831050354,50.203125,2.0
2026-05-29T11:37:27Z,2.7335155677045133,700.000000000002,0.0,0.0211009056244019,65.32421875,2.0,5.066840011556326,4.790196086975657,0.0,0.0066612345416754,196.41796875,0.0,0.2666755561481876,24.25,0.0,0.003471016061301,58.3828125,2.0,18.601240162688185,4.212423298334844,0.0,0.009919140373804,88.265625,2.0,0.3333688930375507,4.8,0.0,0.0057295762446764,80.03515625,3.0,0.2666844456297086,4.719999999999999,0.0,0.0026943948303194,86.60546875,2.0,27.53518690580913,1.328297831073714,0.0,0.0103082020616718,52.99609375,2.0,3.266755561481877,4.8,0.0,0.0096915723932304,80.58203125,2.0,1.666791126520494,0.4959557567935808,0.0,0.0033664889668668,57.78515625,2.0,3.0,4.612499999999999,0.0,0.0038691688642363,141.890625,2.0,0.0048264141054917,50.26953125,2.0
2026-05-29T11:37:32Z,2.7335155677045133,700.000000000002,0.0,0.0207510280612775,65.50390625,2.0,4.600586746677216,4.789949712829794,0.0,0.0084547517624955,196.84375,0.0,0.1333377792593975,24.25,0.0,0.003471016061301,58.3828125,2.0,17.66896919944858,4.179348772317654,0.0,0.009919140373804,88.265625,2.0,0.2666888927411951,4.8,0.0,0.0057295762446764,80.03515625,3.0,0.200004445333353,4.719995733105765,0.0,0.0026943948303194,86.60546875,2.0,25.26990709546401,1.165072585129776,0.0,0.0103082020616718,52.99609375,2.0,2.9336355899301143,4.8,0.0,0.0094879777812306,80.57421875,2.0,1.4668355798549733,0.4891787658758291,0.0,0.0033664889668668,57.78515625,2.0,2.866955587855744,4.627695519485448,0.0,0.0038691688642363,141.890625,2.0,0.0033945713603431,50.26953125,2.0
2026-05-29T11:37:37Z,2.7335155677045133,700.000000000002,0.0,0.0207510280612775,65.50390625,2.0,4.600586746677216,4.789949712829794,0.0,0.0078255713526441,196.84375,0.0,0.1333377792593975,24.25,0.0,0.003471016061301,58.3828125,2.0,18.267129082091063,4.190437874727477,0.0,0.0101162292119675,88.265625,2.0,0.2666888927411951,4.8,0.0,0.0057295762446764,80.03515625,3.0,0.200004445333353,4.719995733105765,0.0,0.0027285125764442,86.63671875,2.0,25.93661820953828,1.27690220514551,0.0,0.0102084965838829,52.99609375,2.0,3.600346704004386,4.8,0.0,0.0094879777812306,80.57421875,2.0,1.4668355798549733,0.4891787658758291,0.0,0.0020770749999996,57.78515625,2.0,2.866955587855744,4.627695519485448,0.0,0.0033035135942085,141.95703125,2.0,0.0038109222627971,50.26953125,2.0
2026-05-29T11:37:42Z,2.6666666666666665,287.49999999999727,0.0,0.0133923062135962,65.50390625,2.0,4.600586746677216,4.789949712829794,0.0,0.0078255713526441,196.84375,0.0,0.1333377792593975,24.25,0.0,0.0035008892143529,58.41015625,2.0,18.267129082091063,4.190437874727477,0.0,0.0079315873626881,88.265625,2.0,0.1333288891851654,4.771427845786559,0.0,0.0057584152110619,80.03515625,3.0,0.1333333339259259,4.679995733181624,0.0,0.0027285125764442,86.63671875,2.0,28.13488464506301,1.393985106040549,0.0,0.0078433155316045,52.99609375,2.0,3.600346704004386,4.8,0.0,0.0092452789098694,80.57421875,2.0,1.600062232297521,0.4885712648614768,0.0,0.0023676900343185,57.78515625,2.0,2.866955587855744,4.627695519485448,0.0,0.003860735726462,141.95703125,2.0,0.0032963749999993,50.26953125,2.0
2026-05-29T11:37:47Z,2.6666666666666665,287.49999999999727,0.0,0.0112982999999985,65.50390625,2.0,5.399835570073581,4.790566037735848,0.0,0.0087717238337289,197.35546875,0.0,0.1333422234075654,24.25,0.0,0.0035008892143529,58.41015625,2.0,16.93271115614562,4.174193548387096,0.0,0.0098533677438113,88.359375,2.0,0.1333422234075654,4.771428571428571,0.0,0.0057584152110619,80.03515625,3.0,0.1333466681483259,4.68,0.0,0.0027285125764442,86.63671875,2.0,31.000142232297044,1.4971428571428524,0.0,0.0108883487857061,53.66015625,2.0,4.066800008889482,4.8,0.0,0.0093302782458589,80.578125,2.0,1.7333511134817976,0.475,0.0,0.003612922191136,57.5546875,2.0,3.1333333333333337,4.62817232214986,0.0,0.003860735726462,141.95703125,2.0,0.0048512773924789,50.33203125,2.0
2026-05-29T11:37:52Z,2.6666666666666665,287.49999999999727,0.0,0.0112982999999985,65.50390625,2.0,5.399835570073581,4.790566037735848,0.0,0.0087717238337289,197.35546875,0.0,0.1333422234075654,24.25,0.0,0.0035008892143529,58.41015625,2.0,14.267609014535273,4.159556790740402,0.0,0.0097867244011698,88.359375,2.0,0.1333422234075654,4.771428571428571,0.0,0.0057584152110619,80.03515625,3.0,0.1333466681483259,4.68,0.0,0.0027285125764442,86.63671875,2.0,31.20000889007423,1.2369230769230704,0.0,0.0109560938137629,53.66015625,2.0,4.266666666666668,4.800000000000001,0.0,0.0093302782458589,80.578125,2.0,1.7333511134817976,0.475,0.0,0.003612922191136,57.5546875,2.0,3.1333333333333337,4.62817232214986,0.0,0.0038929098024941,141.93359375,2.0,0.0048512773924789,50.33203125,2.0
2026-05-29T11:37:57Z,2.5336711561541536,624.9999999999925,0.0,0.021289635231319,65.65234375,2.0,5.399835570073581,4.790566037735848,0.0,0.0087717238337289,197.35546875,0.0,0.1333422234075654,24.25,0.0,0.0034413007599256,58.42578125,2.0,14.267609014535273,4.159556790740402,0.0,0.0097867244011698,88.359375,2.0,0.1333511134817975,4.774999444407404,0.0,0.0057966357884731,80.0390625,3.0,0.1333466681483259,4.639997155378556,0.0,0.0027147261293768,86.6640625,2.0,31.60208916744455,1.1181125683980109,0.0,0.0109560938137629,53.66015625,2.0,4.266666666666668,4.800000000000001,0.0,0.0092856677909945,80.578125,2.0,1.4667288942227357,0.4749999999999999,0.0,0.0036095440339769,57.55859375,2.0,3.1333333333333337,4.62817232214986,0.0,0.0039179341797114,141.93359375,2.0,0.0048723105072343,50.37890625,2.0
2026-05-29T11:38:02Z,2.5336711561541536,624.9999999999925,0.0,0.021289635231319,65.65234375,2.0,5.467031135409028,4.789140389433498,0.0,0.0073300679729601,197.35546875,0.0,0.2666844456297086,24.25,0.0,0.0023094439051766,58.42578125,2.0,15.334817938389296,4.156906214102141,0.0,0.0097867244011698,88.359375,2.0,0.2000177795557531,4.774999444407404,0.0,0.0057966357884731,80.0390625,3.0,0.2000133342222814,4.639997155378556,0.0,0.001984980788915,86.6640625,2.0,32.20304034137458,1.208656942793339,0.0,0.0122003434886485,53.0859375,2.0,4.333475565037669,4.8,0.0,0.0092856677909945,80.578125,2.0,1.5334355623708245,0.4817857315200841,0.0,0.0036095440339769,57.55859375,2.0,3.200213347556504,4.635619841277331,0.0,0.0039179341797114,141.93359375,2.0,0.0048408483563099,50.37890625,2.0
2026-05-29T11:38:07Z,2.5336711561541536,624.9999999999925,0.0,0.021289635231319,65.65234375,2.0,5.467031135409028,4.789140389433498,0.0,0.0071647284879357,194.75,0.0,0.2666844456297086,24.25,0.0,0.002615693000832,58.453125,2.0,16.200560037335823,4.174313532817016,0.0,0.0094697152563602,88.359375,2.0,0.2000177795557531,4.774999444407404,0.0,0.0057966357884731,80.0390625,3.0,0.2000133342222814,4.639997155378556,0.0,0.0022105737049919,86.6640625,2.0,32.069844795004826,1.2199616031451064,0.0,0.0122003434886485,53.0859375,2.0,4.200280018667911,4.8,0.0,0.0097247469550407,80.5703125,2.0,1.5334355623708245,0.4817857315200841,0.0,0.0037343843598538,57.55859375,2.0,3.200213347556504,4.635619841277331,0.0,0.0030160669666486,141.93359375,2.0,0.0048408483563099,50.37890625,2.0
2026-05-29T11:38:12Z,2.6,42.18750000000003,0.0,0.0210432376262221,65.7421875,2.0,5.467031135409028,4.789140389433498,0.0,0.0090436148329348,194.75,0.0,0.2666844456297086,24.25,0.0,0.0032894327993276,58.453125,2.0,16.200560037335823,4.174313532817016,0.0,0.0089935786115261,88.5625,2.0,0.200004445333353,4.76666716050846,0.0,0.0059913386666667,79.91015625,3.0,0.2000088894815209,4.6,0.0,0.002671350114417,86.66796875,2.0,32.400035699555715,1.0232568489348932,0.0,0.0122003434886485,53.0859375,2.0,4.200280018667911,4.8,0.0,0.0100304119435994,80.5703125,2.0,1.5333911149632198,0.4816903125568108,0.0,0.0036110895921291,57.5546875,2.0,3.200213347556504,4.635619841277331,0.0,0.0026948841790815,141.93359375,2.0,0.0047721158265678,50.37890625,2.0
2026-05-29T11:38:17Z,2.6,42.18750000000003,0.0,0.0210432376262221,65.7421875,2.0,4.200022240888988,4.789814732037508,0.0,0.0090436148329348,194.75,0.0,0.0,24.25,0.0,0.0032894327993276,58.453125,2.0,12.799666688887408,4.231277915501567,0.0,0.0089935786115261,88.5625,2.0,0.0666622225184987,4.760002666844455,0.0,0.0059913386666667,79.91015625,3.0,0.0666666666666666,4.533357038090582,0.0,0.002671350114417,86.66796875,2.0,28.998342351103744,1.540714660930759,0.0,0.0118790486196644,53.125,2.0,3.80002223911121,4.8207645633455405,0.0,0.0100304119435994,80.5703125,2.0,1.133302224296158,0.4819851274661498,0.0,0.0036110895921291,57.5546875,2.0,2.5333244557036645,4.614076476542649,0.0,0.0038276706458516,141.88671875,2.0,0.0045850857041878,50.390625,2.0
2026-05-29T11:38:22Z,2.6,42.18750000000003,0.0,0.0215664199526158,66.09765625,2.0,4.200022240888988,4.789814732037508,0.0,0.0090436148329348,194.75,0.0,0.0,24.25,0.0,0.0027214482653304,58.453125,2.0,11.267586939604218,4.294418966821506,0.0,0.0086012669883232,88.5625,2.0,0.0666622225184987,4.760002666844455,0.0,0.0059913386666667,79.91015625,3.0,0.0666666666666666,4.533357038090582,0.0,0.002671350114417,86.66796875,2.0,28.73177792947777,1.5530654840300158,0.0,0.0094180372960173,53.125,2.0,3.533457817485236,4.821347618963792,0.0,0.0100304119435994,80.5703125,2.0,1.133302224296158,0.4819851274661498,0.0,0.0026046960047656,57.5546875,2.0,2.5333244557036645,4.614076476542649,0.0,0.0038660013901297,141.88671875,2.0,0.0045850857041878,50.390625,2.0
2026-05-29T11:38:27Z,2.466995599413255,40.62499999999999,0.0,0.0215664199526158,66.09765625,2.0,4.200022240888988,4.789814732037508,0.0,0.0069977230673541,194.75,0.0,0.0,24.25,0.0,0.0031912488565579,54.265625,2.0,11.267586939604218,4.294418966821506,0.0,0.009000924352952,88.62890625,2.0,0.0666800026672001,4.8,0.0,0.005862638163236,79.9140625,3.0,0.0666755567408987,4.600013334222282,0.0,0.0028774731344778,86.34765625,2.0,25.468707254324585,1.5137990785410973,0.0,0.0119154702027136,53.125,2.0,3.533457817485236,4.821347618963792,0.0,0.007842193991337,80.5703125,2.0,1.1334355843014925,0.4827864426938059,0.0,0.0027837230186005,57.55078125,2.0,2.5333244557036645,4.614076476542649,0.0,0.0038660013901297,141.88671875,2.0,0.0045489422509396,50.390625,2.0
2026-05-29T11:38:32Z,2.466995599413255,40.62499999999999,0.0,0.0151765631171972,66.09765625,2.0,4.267355674984399,4.788999878990602,0.0,0.0072972364727519,195.265625,0.0,0.1333466693338667,24.25,0.0,0.0031912488565579,54.265625,2.0,13.736000533440022,4.2651060935472405,0.0,0.009000924352952,88.62890625,2.0,0.1333466693338667,4.8,0.0,0.005862638163236,79.9140625,3.0,0.1333422234075654,4.600004444740761,0.0,0.0028774731344778,86.34765625,2.0,25.80497431219364,1.566197842465829,0.0,0.0119154702027136,53.125,2.0,3.46724009868427,4.822485207100591,0.0,0.0094676027187848,80.5703125,2.0,1.1335333733413349,0.4833332163655134,0.0,0.0032474814047642,57.55078125,2.0,3.133853423127173,4.608819405633829,0.0,0.004012423006854,140.5546875,2.0,0.0045271432809259,50.48828125,2.0
2026-05-29T11:38:37Z,2.466995599413255,40.62499999999999,0.0,0.0168387379012353,65.94921875,2.0,4.267355674984399,4.788999878990602,0.0,0.0072972364727519,195.265625,0.0,0.1333466693338667,24.25,0.0,0.0033819980450976,54.26171875,2.0,14.60093809220258,4.261993224356154,0.0,0.009000924352952,88.62890625,2.0,0.1333466693338667,4.8,0.0,0.0059159095202929,79.91015625,3.0,0.1333422234075654,4.600004444740761,0.0,0.002986657016081,86.34765625,2.0,25.804854288189905,1.5532154820639876,0.0,0.0116512543615152,53.16015625,2.0,3.467120074680536,4.821838823837751,0.0,0.0094676027187848,80.5703125,2.0,1.1335333733413349,0.4833332163655134,0.0,0.0032474814047642,57.55078125,2.0,3.133853423127173,4.608819405633829,0.0,0.0040222803807586,140.5546875,2.0,0.0045271432809259,50.48828125,2.0
2026-05-29T11:38:42Z,2.6,40.74999999999994,0.0,0.0186061761728403,65.94921875,2.0,4.267355674984399,4.788999878990602,0.0,0.0077980952015207,195.6328125,0.0,0.1333466693338667,24.25,0.0,0.0034120696561957,54.26171875,2.0,14.60093809220258,4.261993224356154,0.0,0.0088442078458862,86.5859375,2.0,0.2,4.799999999999999,0.0,0.0057878954470493,79.91015625,3.0,0.2000088894815209,4.650002500180569,0.0,0.002986657016081,86.34765625,2.0,30.068987114755217,1.622821466973661,0.0,0.0116512543615152,53.16015625,2.0,3.467120074680536,4.821838823837751,0.0,0.009828779276082,80.578125,2.0,1.4667333466693335,0.4831896363439898,0.0,0.003353293203612,57.5546875,2.0,3.133853423127173,4.608819405633829,0.0,0.0040222803807586,140.5546875,2.0,0.0045271432809259,50.48828125,2.0
2026-05-29T11:38:47Z,2.6,40.74999999999994,0.0,0.0181424003703712,65.94921875,2.0,6.06672000711206,4.790291174156714,0.0,0.007819518000595,195.6328125,0.0,0.4000266702226964,24.25,0.0,0.0034120696561957,54.26171875,2.0,14.866297823703489,4.297174579401324,0.0,0.0065674912716166,86.5859375,2.0,0.3333600035560297,4.8,0.0,0.0057878954470493,79.91015625,3.0,0.3333688930375507,4.6800042669890605,0.0,0.0023363248952336,86.34765625,2.0,34.60020001866862,1.4701372003829778,0.0,0.0111097721035701,53.16015625,2.0,4.200120008000534,4.821228565313066,0.0,0.0094802092130008,80.578125,2.0,2.333386673778726,0.4824222358227178,0.0,0.0033154500731289,57.5546875,2.0,2.6667555614818763,4.6122997347461965,0.0,0.0040222803807586,140.5546875,2.0,0.0044851315018088,50.12890625,2.0
2026-05-29T11:38:52Z,2.6,40.74999999999994,0.0,0.0211765364153357,65.8359375,2.0,6.06672000711206,4.790291174156714,0.0,0.0079935261014778,196.37109375,0.0,0.4000266702226964,24.25,0.0,0.0034120696561957,54.26171875,2.0,15.201102369204785,4.323323734618421,0.0,0.007324834515093,86.5859375,2.0,0.3333600035560297,4.8,0.0,0.0057162317833566,79.9140625,3.0,0.3333688930375507,4.6800042669890605,0.0,0.0020874368105601,86.34765625,2.0,35.06704893985865,1.6150198394894553,0.0,0.0115535632731684,53.69140625,2.0,4.666968929190559,4.821838352433796,0.0,0.0094802092130008,80.578125,2.0,2.333386673778726,0.4824222358227178,0.0,0.0033154500731289,57.5546875,2.0,2.6667555614818763,4.6122997347461965,0.0,0.0031714030251336,140.5546875,2.0,0.0044851315018088,50.12890625,2.0
2026-05-29T11:38:57Z,2.466995599413255,43.54166666666664,0.0,0.0189126339687716,65.8359375,2.0,6.06672000711206,4.790291174156714,0.0,0.0079935261014778,97.37890625,0.0,0.4000266702226964,24.25,0.0,0.0035121742577565,54.26171875,2.0,15.201102369204785,4.323323734618421,0.0,0.0091745055992395,86.65234375,2.0,0.3333688930375507,4.8,0.0,0.0056016024927654,79.9140625,3.0,0.4000533404453927,4.639999999999999,0.0,0.002075716398732,86.34765625,2.0,32.66898697604125,1.677425432478708,0.0,0.0115535632731684,53.69140625,2.0,4.666968929190559,4.821838352433796,0.0,0.0095431780901559,80.578125,2.0,2.133440010667852,0.4817859620417398,0.0,0.0034241170222183,54.203125,2.0,2.6667555614818763,4.6122997347461965,0.0,0.0039680151290915,140.5546875,2.0,0.003824067636987,50.12890625,2.0
2026-05-29T11:39:02Z,2.466995599413255,43.54166666666664,0.0,0.021915339917141,65.8359375,2.0,6.000902384324845,4.80608759091368,0.0,0.0079935261014778,97.37890625,0.0,0.4000266755570966,24.25,0.0,0.0035121742577565,54.26171875,2.0,16.00248933459786,4.354783099841256,0.0,0.0091745055992395,86.65234375,2.0,0.3333288903703506,4.800000000000001,0.0,0.0056339122308314,79.91796875,3.0,0.4000133377781927,4.699992221444367,0.0,0.0030655821462876,86.2734375,2.0,32.20516089349141,1.423709642760432,0.0,0.0117804601930212,53.69140625,2.0,4.600769022542563,4.821348546508107,0.0,0.0095431780901559,80.578125,2.0,1.86682669867212,0.4810893080939885,0.0,0.0034241170222183,54.203125,2.0,3.3338889852024725,4.617650682838424,0.0,0.0039680151290915,140.5546875,2.0,0.0046222771165515,50.12890625,2.0
2026-05-29T11:39:07Z,2.466995599413255,43.54166666666664,0.0,0.0180400381844041,65.8359375,2.0,6.000902384324845,4.80608759091368,0.0,0.0071399014645008,97.2578125,0.0,0.4000266755570966,24.25,0.0,0.0033155764420325,54.26171875,2.0,17.801493646283863,4.327117377320676,0.0,0.0091745055992395,86.65234375,2.0,0.3333288903703506,4.800000000000001,0.0,0.0056339122308314,79.91796875,3.0,0.4000133377781927,4.699992221444367,0.0,0.0030655821462876,86.2734375,2.0,32.271525297634184,1.531648262333125,0.0,0.0117804601930212,53.69140625,2.0,4.6671334266853375,4.840425574925126,0.0,0.0081991755152865,80.58984375,2.0,1.86682669867212,0.4810893080939885,0.0,0.0034319323851632,54.19921875,2.0,3.3338889852024725,4.617650682838424,0.0,0.0039795371072119,140.5546875,2.0,0.0047354818312952,50.2890625,2.0
2026-05-29T11:39:12Z,3.466666666666667,44.82142857142854,0.0,0.0231702810891674,65.953125,2.0,6.000902384324845,4.80608759091368,0.0,0.0079196589570655,97.2578125,0.0,0.4000266755570966,24.25,0.0,0.0043550047079948,54.265625,2.0,17.801493646283863,4.327117377320676,0.0,0.0099057955094702,86.81640625,2.0,0.5333422245926321,4.784615200519676,0.0,0.00508078924665,79.91796875,3.0,0.4666355576294914,4.688886968374058,0.0,0.0029295951328133,86.2734375,2.0,39.40292059478492,1.4391237115695903,0.0,0.012512546561279,53.08203125,2.0,4.6671334266853375,4.840425574925126,0.0,0.0091044881940986,80.58984375,2.0,2.866893369783527,0.4804595107070043,0.0,0.0035973016067707,54.19921875,2.0,3.3338889852024725,4.617650682838424,0.0,0.0039795371072119,140.5546875,2.0,0.0047354818312952,50.2890625,2.0
2026-05-29T11:39:17Z,3.466666666666667,44.82142857142854,0.0,0.0231702810891674,65.953125,2.0,6.266577797926479,4.800772199447017,0.0,0.0093570899107755,97.2578125,0.0,0.4666888945190914,24.25,0.0,0.0043550047079948,54.265625,2.0,17.19963115703682,4.381663467481939,0.0,0.0099057955094702,86.81640625,2.0,0.600057784000731,4.787500173620274,0.0,0.0048058605977596,79.91796875,3.0,0.5333511170375902,4.716668209950849,0.0,0.0030171020148125,86.3515625,2.0,37.46587562251595,1.392950724777108,0.0,0.0131857467363617,53.08203125,2.0,4.333200008888296,4.857575557244887,0.0,0.0108637521457447,80.58984375,2.0,3.1334711321497086,0.4797030551524011,0.0,0.0035973016067707,54.19921875,2.0,2.399840010665956,4.617647058823529,0.0,0.003778061681908,140.85546875,2.0,0.0048429759029376,50.2890625,2.0
2026-05-29T11:39:22Z,3.466666666666667,44.82142857142854,0.0,0.0234996619927118,65.96484375,2.0,6.266577797926479,4.800772199447017,0.0,0.0074519604130252,97.2578125,0.0,0.4666888945190914,24.25,0.0,0.0043550047079948,54.265625,2.0,14.73387127794183,4.37616143054124,0.0,0.0093826250285269,87.1328125,2.0,0.600057784000731,4.787500173620274,0.0,0.0059794758506099,79.91796875,3.0,0.5333511170375902,4.716668209950849,0.0,0.0030171020148125,86.3515625,2.0,37.26601785422029,1.660882788034435,0.0,0.0131857467363617,53.08203125,2.0,4.133342240592632,4.856716210973369,0.0,0.0086681274829111,80.58984375,2.0,3.1334711321497086,0.4797030551524011,0.0,0.0036561532877392,54.07421875,2.0,2.399840010665956,4.617647058823529,0.0,0.003778061681908,140.85546875,2.0,0.0049650884645519,50.5625,2.0
2026-05-29T11:39:27Z,2.667022269635951,42.91666666666663,0.0,0.0234996619927118,65.96484375,2.0,6.266577797926479,4.800772199447017,0.0,0.0095787603070799,97.83203125,0.0,0.4666888945190914,24.25,0.0,0.0040180144899161,54.484375,2.0,14.73387127794183,4.37616143054124,0.0,0.0097073900142543,87.1328125,2.0,0.3333777837044939,4.788235140318378,0.0,0.0059347826086959,79.91796875,3.0,0.3333822296307952,4.699998147990383,0.0,0.0020226343051991,86.3515625,2.0,29.86696902874304,1.6022051671691124,0.0,0.0127587433558766,53.2109375,2.0,4.133342240592632,4.856716210973369,0.0,0.0077628148040991,80.58984375,2.0,2.066733349630874,0.4794392855288437,0.0,0.0036547157794167,54.07421875,2.0,2.399840010665956,4.617647058823529,0.0,0.003778061681908,140.85546875,2.0,0.0049650884645519,50.5625,2.0
2026-05-29T11:39:32Z,2.667022269635951,42.91666666666663,0.0,0.0234996619927118,65.96484375,2.0,5.267368982531004,4.801600005973487,0.0,0.0095447854647714,97.83203125,0.0,0.0666755567408987,24.25,0.0,0.0040180144899161,54.484375,2.0,14.668622482997732,4.368965808568212,0.0,0.0097073900142543,87.1328125,2.0,0.0666755567408987,4.785713809497352,0.0,0.0059347826086959,79.91796875,3.0,0.0666800026672001,4.666659752574264,0.0,0.0022867374984091,86.3515625,2.0,30.469635878556726,2.0297208770423243,0.0,0.0127587433558766,53.2109375,2.0,4.26709338074643,4.857868244439583,0.0,0.0103818997885295,80.3359375,2.0,1.6001644631133831,0.4797980810416903,0.0,0.0031527608710903,54.07421875,2.0,2.8671467502372767,4.622222222222222,0.0,0.0024825750000005,140.85546875,2.0,0.0050706861349989,50.5625,2.0
2026-05-29T11:39:37Z,2.667022269635951,42.91666666666663,0.0,0.0238710715112246,64.3046875,2.0,5.267368982531004,4.801600005973487,0.0,0.0095447854647714,97.83203125,0.0,0.0666755567408987,24.25,0.0,0.0041466155295385,54.484375,2.0,15.53489350728018,4.366238432889258,0.0,0.0081508909203854,87.1328125,2.0,0.0666755567408987,4.785713809497352,0.0,0.0049383596972214,79.91796875,3.0,0.0666800026672001,4.666659752574264,0.0,0.0022709536858969,86.38671875,2.0,30.202826980185723,1.981817256622164,0.0,0.0129305388081501,53.2109375,2.0,4.000284482375427,4.859686495836247,0.0,0.0103818997885295,80.3359375,2.0,1.6001644631133831,0.4797980810416903,0.0,0.0037099931838834,54.1015625,2.0,2.8671467502372767,4.622222222222222,0.0,0.0037482967193577,140.82421875,2.0,0.0042029649701472,50.5625,2.0
2026-05-29T11:39:42Z,2.733151123258449,46.49999999999999,0.0,0.0238710715112246,64.3046875,2.0,5.267368982531004,4.801600005973487,0.0,0.0114979566050028,96.39453125,0.0,0.0666755567408987,24.25,0.0,0.0042622781130247,54.5390625,2.0,15.53489350728018,4.366238432889258,0.0,0.0074671350416161,87.1328125,2.0,0.2,4.785713968239858,0.0,0.0044257866186107,79.91796875,3.0,0.2,4.688886968374058,0.0,0.0028317307692302,86.38671875,2.0,32.26963143381597,1.9306416777388096,0.0,0.0126590137236593,51.90625,2.0,4.000284482375427,4.859686495836247,0.0,0.0105764282038085,80.3359375,2.0,1.933448904298351,0.4800533539673686,0.0,0.003739496908524,54.1015625,2.0,2.8671467502372767,4.622222222222222,0.0,0.0037482967193577,140.82421875,2.0,0.0050562925638703,50.40234375,2.0
2026-05-29T11:39:47Z,2.733151123258449,46.49999999999999,0.0,0.0238710715112246,64.3046875,2.0,6.266737787260523,4.787755007635251,0.0,0.0114979566050028,96.39453125,0.0,0.5333688936302619,24.25,0.0,0.0042622781130247,54.5390625,2.0,16.933977829634273,4.343850348626827,0.0,0.0102078490386691,87.0234375,2.0,0.4667022269635951,4.786666824703532,0.0,0.0060626358053854,80.72265625,3.0,0.4667022269635951,4.700003555745195,0.0,0.0028317307692302,86.38671875,2.0,34.00118675230287,1.698866275935981,0.0,0.0126590137236593,51.90625,2.0,4.266666666666667,4.839790575916231,0.0,0.0105764282038085,80.3359375,2.0,2.400071120593857,0.4949999029272099,0.0,0.0032359528748084,54.1015625,2.0,3.1333333333333337,4.623525843753442,0.0,0.0037482967193577,140.82421875,2.0,0.0042065590872865,50.40234375,2.0
2026-05-29T11:39:52Z,2.733151123258449,46.49999999999999,0.0,0.0236871122741346,64.3125,2.0,6.266737787260523,4.787755007635251,0.0,0.0115536272274301,96.81640625,0.0,0.5333688936302619,24.25,0.0,0.0042622781130247,54.5390625,2.0,20.00084895437592,4.31209197707051,0.0,0.0102078490386691,87.0234375,2.0,0.4667022269635951,4.786666824703532,0.0,0.006143047619048,80.72265625,3.0,0.4667022269635951,4.700003555745195,0.0,0.002936516223846,86.296875,2.0,34.93470676474815,1.765570368946523,0.0,0.0097348263000695,51.90625,2.0,5.20018667911194,4.819587411218404,0.0,0.0105764282038085,80.3359375,2.0,2.400071120593857,0.4949999029272099,0.0,0.0038875098107215,54.4140625,2.0,3.1333333333333337,4.623525843753442,0.0,0.0038301341902987,140.95703125,2.0,0.005203760015981,50.65234375,2.0
2026-05-29T11:39:57Z,3.8671822909721296,45.55555555555553,0.0,0.0236871122741346,64.3125,2.0,6.266737787260523,4.787755007635251,0.0,0.0115536272274301,96.81640625,0.0,0.5333688936302619,24.25,0.0,0.0030482768833756,54.5390625,2.0,20.00084895437592,4.31209197707051,0.0,0.0094762896883596,87.0234375,2.0,0.4667155611858766,4.8,0.0,0.006143047619048,80.72265625,3.0,0.4667022269635951,4.660002489065889,0.0,0.002936516223846,86.296875,2.0,37.40153788682295,1.7504846157139895,0.0,0.0119091976899734,51.90625,2.0,5.20018667911194,4.819587411218404,0.0,0.0102777076881893,80.59375,2.0,2.600240032004267,0.4936271405153681,0.0,0.0039955790727505,54.4140625,2.0,3.1333333333333337,4.623525843753442,0.0,0.0038301341902987,140.95703125,2.0,0.005203760015981,50.65234375,2.0
2026-05-29T11:40:02Z,3.8671822909721296,45.55555555555553,0.0,0.0236871122741346,64.3125,2.0,5.934088989643064,4.784937204879298,0.0,0.0115536272274301,96.81640625,0.0,0.2666844468151309,24.25,0.0,0.0037658679686538,54.578125,2.0,17.201533490091794,4.312149506311815,0.0,0.009263404878822,87.44140625,2.0,0.3333466675556148,4.799999999999999,0.0,0.0058858919661569,79.9765625,3.0,0.3333333333333333,4.624997083155081,0.0,0.0028086177448832,86.296875,2.0,35.13655144418616,1.680005966500839,0.0,0.0122856888149305,52.1484375,2.0,4.933804494820702,4.8,0.0,0.0102777076881893,80.59375,2.0,2.066906698670934,2.200013969814206,0.0,0.0039955790727505,54.4140625,2.0,3.1336489241523955,4.617142857142857,0.0,0.0038301341902987,140.95703125,2.0,0.005203760015981,50.65234375,2.0
2026-05-29T11:40:07Z,3.8671822909721296,45.55555555555553,0.0,0.0236871122741346,64.3125,2.0,5.934088989643064,4.784937204879298,0.0,0.0087260499999999,96.81640625,0.0,0.2666844468151309,24.25,0.0,0.0037658679686538,54.578125,2.0,12.800817886829355,4.342462290961047,0.0,0.009263404878822,87.44140625,2.0,0.3333466675556148,4.799999999999999,0.0,0.0058858919661569,79.9765625,3.0,0.3333333333333333,4.6249970831550815,0.0,0.0028086177448832,86.296875,2.0,33.736364765074214,1.5418589516691998,0.0,0.0122856888149305,52.1484375,2.0,3.533617815708761,4.8,0.0,0.0080999924318838,80.59375,2.0,2.066906698670934,2.200013969814206,0.0,0.0039503250259387,54.7265625,2.0,3.1336489241523955,4.617142857142857,0.0,0.0038135984481077,141.10546875,2.0,0.005164215762475,50.65234375,2.0
2026-05-29T11:40:12Z,2.1333333333333333,48.74999999999994,0.0,0.0225836452352492,64.2265625,2.0,5.934088989643064,4.784937204879298,0.0,0.0102304546700111,96.859375,0.0,0.2666844468151309,24.25,0.0,0.0041001827214066,54.578125,2.0,12.800817886829355,4.342462290961047,0.0,0.0098382025348866,87.44140625,2.0,0.1333333333333333,4.800000000000001,0.0,0.0058858919661569,79.9765625,3.0,0.2000044447407604,4.657145578300401,0.0,0.0027705272255836,83.77734375,2.0,24.53511134817976,1.7232834920599924,0.0,0.0125446904256968,52.1484375,2.0,3.533617815708761,4.8,0.0,0.0084838741146039,80.3359375,2.0,1.200071120593857,2.542894514607182,0.0,0.0039503250259387,54.7265625,2.0,3.1336489241523955,4.617142857142857,0.0,0.0038135984481077,141.10546875,2.0,0.0049457052047695,50.5859375,2.0
2026-05-29T11:40:17Z,2.1333333333333333,48.74999999999994,0.0,0.0225836452352492,64.2265625,2.0,5.199706693332504,4.782127740703992,0.0,0.0102304546700111,96.859375,0.0,0.2666755585187951,24.25,0.0,0.0037275206513573,54.58984375,2.0,15.73276004533126,4.316185588110762,0.0,0.0098382025348866,87.44140625,2.0,0.1333511134817975,4.8,0.0,0.0058389887009608,79.97265625,3.0,0.2000222248892247,4.688895473446127,0.0,0.002914162848872,83.77734375,2.0,22.865902276737582,1.3947003584285385,0.0,0.0125446904256968,52.1484375,2.0,3.1998800079994667,4.821111111111111,0.0,0.0100306242343923,80.3359375,2.0,1.3333244521485828,2.514275918868462,0.0,0.0039503250259387,54.7265625,2.0,2.9331377908139458,4.605801100612979,0.0,0.0034524802765584,140.95703125,2.0,0.0049457052047695,50.5859375,2.0
2026-05-29T11:40:22Z,2.1333333333333333,48.74999999999994,0.0,0.0229350200624125,64.2265625,2.0,5.199706693332504,4.782127740703992,0.0,0.0102304546700111,96.859375,0.0,0.2666755585187951,24.25,0.0,0.0037275206513573,54.58984375,2.0,17.333288969481757,4.281511156715972,0.0,0.0077026683344966,86.19140625,2.0,0.1333511134817975,4.8,0.0,0.0045071932028169,79.97265625,3.0,0.2000222248892247,4.688895473446127,0.0,0.002914162848872,83.77734375,2.0,23.733022367422382,1.2891919885813707,0.0,0.012343997091701,51.91796875,2.0,4.06700009868427,4.841758226461339,0.0,0.0101799009579145,80.3359375,2.0,1.3333244521485828,2.514275918868462,0.0,0.0039987536222852,54.7265625,2.0,2.9331377908139458,4.605801100612979,0.0,0.0041422031206209,140.95703125,2.0,0.0048946534269165,50.5859375,2.0
2026-05-29T11:40:27Z,3.0006001200240044,39.37499999999993,0.0,0.0229350200624125,64.2265625,2.0,5.199706693332504,4.782127740703992,0.0,0.0078016116218363,97.0703125,0.0,0.2666755585187951,24.25,0.0,0.0033889175257728,54.58984375,2.0,17.333288969481757,4.281511156715972,0.0,0.0096819897781413,86.19140625,2.0,0.2667022269635951,4.784615595019112,0.0,0.0057435985083896,79.97265625,3.0,0.2000222248892247,4.666671934416515,0.0,0.002914162848872,83.77734375,2.0,32.86885381161494,1.2405077007603815,0.0,0.0124164962131684,51.91796875,2.0,4.06700009868427,4.841758226461339,0.0,0.0101799009579145,80.3359375,2.0,2.0000622346674173,2.371388479251896,0.0,0.004006296114117,54.08203125,2.0,2.9331377908139458,4.605801100612979,0.0,0.0041422031206209,140.95703125,2.0,0.0049353249345137,50.66015625,2.0
2026-05-29T11:40:32Z,3.0006001200240044,39.37499999999993,0.0,0.022915438281663,64.3046875,2.0,5.534271276178159,4.777020984758353,0.0,0.0078016116218363,97.0703125,0.0,0.0,24.25,0.0,0.0033889175257728,54.58984375,2.0,14.334715704610115,4.280980961015953,0.0,0.0096819897781413,86.19140625,2.0,0.1333511134817975,4.777777338801876,0.0,0.0056843436403683,79.97265625,3.0,0.0666711114074271,4.55999573316266,0.0,0.0028484229464572,83.80078125,2.0,33.73798287238903,1.039452498805579,0.0,0.0124164962131684,51.91796875,2.0,4.200711236170868,4.841081083548605,0.0,0.0100775906703807,80.3359375,2.0,1.7334933499278224,1.5199832883689697,0.0,0.004006296114117,54.08203125,2.0,2.8671467502372767,4.613888888888888,0.0,0.0041422031206209,140.95703125,2.0,0.0049353249345137,50.66015625,2.0
2026-05-29T11:40:37Z,3.0006001200240044,39.37499999999993,0.0,0.0214713563954565,64.3046875,2.0,5.534271276178159,4.777020984758353,0.0,0.0078400392369808,97.37890625,0.0,0.0,24.25,0.0,0.0025462631829894,54.58984375,2.0,13.8013468133507,4.320201757022198,0.0,0.0078940489991112,86.19140625,2.0,0.1333511134817975,4.777777338801876,0.0,0.0056843436403683,79.97265625,3.0,0.0666711114074271,4.55999573316266,0.0,0.0027113928087384,83.80078125,2.0,33.5375294483709,0.4995505658844963,0.0,0.0120343374171073,51.96484375,2.0,4.000257812152732,4.841530054644808,0.0,0.0099357262253547,80.3359375,2.0,1.7334933499278224,1.5199832883689697,0.0,0.0038203358537014,53.8671875,2.0,2.8671467502372767,4.613888888888888,0.0,0.0040162737824579,141.16015625,2.0,0.0049353249345137,50.66015625,2.0
2026-05-29T11:40:42Z,2.733151123258449,32.49999999999995,0.0,0.0214713563954565,64.3046875,2.0,5.534271276178159,4.777020984758353,0.0,0.0074332961392546,97.37890625,0.0,0.0,24.25,0.0,0.0018848752065142,54.58984375,2.0,13.8013468133507,4.320201757022198,0.0,0.0070872165175994,86.19140625,2.0,0.1333333333333333,4.77142820860411,0.0,0.0056843436403683,79.97265625,3.0,0.1333333333333333,4.6799978665813295,0.0,0.0026849925135337,83.83203125,2.0,28.001698004178337,1.047094980505822,0.0,0.0094822869595604,51.96484375,2.0,4.000257812152732,4.841530054644808,0.0,0.0096842831587028,80.3359375,2.0,1.600151127112968,1.9200197346781969,0.0,0.0038203358537014,53.8671875,2.0,2.8671467502372767,4.613888888888888,0.0,0.0040162737824579,141.16015625,2.0,0.0047728448150621,50.66015625,2.0
2026-05-29T11:40:47Z,2.733151123258449,32.49999999999995,0.0,0.0203999343891774,64.296875,2.0,4.666853352891615,4.779723535530186,0.0,0.0074332961392546,97.37890625,0.0,0.2667022281492545,24.25,0.0,0.0031865321497019,54.59765625,2.0,15.067733416896948,4.291456953302169,0.0,0.0095725556041107,86.31640625,2.0,0.2666933386677335,4.771429297098228,0.0,0.0056393979664373,79.97265625,3.0,0.2666933386677335,4.680004266894234,0.0,0.0026849925135337,83.83203125,2.0,25.867417836746448,1.1853084486232754,0.0,0.0110075566750618,51.9765625,2.0,3.666773340444919,4.843428557640962,0.0,0.0096842831587028,80.3359375,2.0,1.7334844616321978,0.4947915689218354,0.0,0.0038203358537014,53.8671875,2.0,2.600084450074449,4.620588235294117,0.0,0.0040162737824579,141.16015625,2.0,0.0046682631518448,49.07421875,2.0
2026-05-29T11:40:52Z,2.733151123258449,32.49999999999995,0.0,0.020602954162318,64.296875,2.0,4.666853352891615,4.779723535530186,0.0,0.0061448193741553,97.72265625,0.0,0.2667022281492545,24.25,0.0,0.0031865321497019,54.59765625,2.0,14.734849065207806,4.262875460174987,0.0,0.0095725556041107,86.31640625,2.0,0.2666933386677335,4.771429297098228,0.0,0.0057200524853355,79.97265625,3.0,0.2666933386677335,4.680004266894234,0.0,0.0026717630640409,83.83203125,2.0,25.60099120208405,1.1941579373100322,0.0,0.0110075566750618,51.9765625,2.0,3.4003467057825194,4.844186029383927,0.0,0.0095308797336023,80.3359375,2.0,1.7334844616321978,0.4947915689218354,0.0,0.0032523027990158,53.8671875,2.0,2.600084450074449,4.620588235294117,0.0,0.0027081250000009,141.16015625,2.0,0.0047325401818911,49.07421875,2.0
2026-05-29T11:40:57Z,2.466995599413255,24.975806451612904,0.0,0.020602954162318,64.296875,2.0,4.666853352891615,4.779723535530186,0.0,0.0077382821316614,97.72265625,0.0,0.2667022281492545,24.25,0.0,0.0031865321497019,54.59765625,2.0,14.734849065207806,4.262875460174987,0.0,0.0095595165493139,86.37109375,2.0,0.2667200106688004,4.777777558277361,0.0,0.0057200524853355,79.97265625,3.0,0.2667200106688004,4.6,0.0,0.0026863477448913,83.75,2.0,26.603831770197672,1.2083872243710172,0.0,0.0110075566750618,51.9765625,2.0,3.4003467057825194,4.844186029383927,0.0,0.0097389473684219,80.3359375,2.0,1.600195582819003,0.4932686998367424,0.0,0.0038017768961295,53.90625,2.0,2.600084450074449,4.620588235294117,0.0,0.0029349313003449,141.16015625,2.0,0.0047325401818911,49.07421875,2.0
2026-05-29T11:41:02Z,2.466995599413255,24.975806451612904,0.0,0.020602954162318,64.296875,2.0,5.267315645641404,4.7796295625649705,0.0,0.0077382821316614,97.72265625,0.0,0.2666755585187951,24.25,0.0,0.0035632645300322,54.09765625,2.0,15.33529804507232,4.313730436221121,0.0,0.0091070053461111,86.37109375,2.0,0.2666844503713977,4.777776899808631,0.0,0.005722841800909,79.97265625,3.0,0.2666844503713977,4.599989332527347,0.0,0.0026863477448913,83.75,2.0,29.538165281630743,1.354664479553742,0.0,0.0072754500000002,51.9765625,2.0,3.800506734231231,4.821714285714286,0.0,0.0097389473684219,80.3359375,2.0,1.6001600248919707,0.4932696211693493,0.0,0.0038017768961295,53.90625,2.0,3.1337511668222437,4.612121212121211,0.0,0.0039949423107326,141.22265625,2.0,0.0047325401818911,49.07421875,2.0
2026-05-29T11:41:07Z,2.466995599413255,24.975806451612904,0.0,0.0211763163452094,64.2578125,2.0,5.267315645641404,4.7796295625649705,0.0,0.0065158700023685,97.72265625,0.0,0.2666755585187951,24.25,0.0,0.0035632645300322,54.09765625,2.0,16.26768903053705,4.364228100955356,0.0,0.009155590022522,86.5234375,2.0,0.2666844503713977,4.777776899808631,0.0,0.005722841800909,79.97265625,3.0,0.2666844503713977,4.599989332527347,0.0,0.0026863477448913,83.75,2.0,29.07125858295981,1.367964155564386,0.0,0.0109042317226981,51.9765625,2.0,3.3336000355602966,4.8,0.0,0.0077051305263165,80.3359375,2.0,1.6001600248919707,0.4932696211693493,0.0,0.0030117615649408,54.23828125,2.0,3.1337511668222437,4.612121212121211,0.0,0.0038171547495167,141.22265625,2.0,0.0047881038172414,49.31640625,2.0
2026-05-29T11:41:12Z,2.2666666666666666,44.6875,0.0,0.0203401485525351,64.2578125,2.0,5.267315645641404,4.7796295625649705,0.0,0.0071403490350085,99.328125,0.0,0.2666755585187951,24.25,0.0,0.0035632645300322,54.09765625,2.0,16.26768903053705,4.364228100955356,0.0,0.009155590022522,86.5234375,2.0,0.1333244450369975,4.799999999999999,0.0,0.005889670552826,80.05078125,3.0,0.1333244450369975,4.6799957330868,0.0,0.0022475073569203,83.75,2.0,25.267724727731995,1.618717088607797,0.0,0.0109042317226981,51.9765625,2.0,3.3336000355602966,4.8,0.0,0.0095779111036006,80.34375,2.0,1.1333866773345187,0.4962693339840606,0.0,0.0035850747722735,54.23828125,2.0,3.1337511668222437,4.612121212121211,0.0,0.0038375870955425,141.33984375,2.0,0.0046870731967573,49.31640625,2.0
2026-05-29T11:41:17Z,2.2666666666666666,44.6875,0.0,0.0203401485525351,64.2578125,2.0,3.999866675554963,4.82421072699986,0.0,0.0071403490350085,99.328125,0.0,0.0,24.25,0.0,0.0024112117964183,54.30078125,2.0,15.8,4.32585374209212,0.0,0.009155590022522,86.5234375,2.0,0.0,4.8,0.0,0.0060297611277904,80.05078125,3.0,0.0,4.680002133485047,0.0,0.0025929054791526,83.76171875,2.0,21.399306712885807,1.9376817985721944,0.0,0.0109042317226981,51.9765625,2.0,2.7333333333333334,4.849032841563689,0.0,0.0095779111036006,80.34375,2.0,0.6666666666666666,0.499999922020602,0.0,0.0035850747722735,54.23828125,2.0,2.933333333333333,4.612125062923736,0.0,0.0038213413641545,141.33984375,2.0,0.0046870731967573,49.31640625,2.0
2026-05-29T11:41:22Z,2.2666666666666666,44.6875,0.0,0.0203401485525351,64.2578125,2.0,3.999866675554963,4.82421072699986,0.0,0.0072892276740031,99.36328125,0.0,0.0,24.25,0.0,0.0026977525510819,54.30078125,2.0,16.06776903587145,4.3188076361508365,0.0,0.006849081737531,86.734375,2.0,0.0,4.8,0.0,0.0060297611277904,80.05078125,3.0,0.0,4.680002133485047,0.0,0.0025929054791526,83.76171875,2.0,21.79942227614558,1.7972894323730635,0.0,0.0105763427081713,52.16796875,2.0,3.133448896593106,4.906293706293706,0.0,0.0095890321780627,80.34375,2.0,0.6666666666666666,0.499999922020602,0.0,0.0033905660033196,54.43359375,2.0,2.933333333333333,4.612125062923736,0.0,0.0038213413641545,141.33984375,2.0,0.0046813584764054,49.07421875,2.0
2026-05-29T11:41:27Z,2.7335155677045138,43.54166666666667,0.0,0.0199946196692486,64.390625,2.0,3.999866675554963,4.82421072699986,0.0,0.0070904018107254,99.36328125,0.0,0.0,24.25,0.0,0.0034384890559627,54.30078125,2.0,16.06776903587145,4.3188076361508365,0.0,0.0076093868332791,86.734375,2.0,0.0666755567408987,4.8,0.0,0.0060297611277904,80.05078125,3.0,0.0666711114074271,4.699999999999999,0.0,0.0025929054791526,83.76171875,2.0,25.201955808625826,1.9123027037032445,0.0,0.0105763427081713,52.16796875,2.0,3.133448896593106,4.906293706293706,0.0,0.0094319281271589,80.34375,2.0,0.9334133440014224,1.599954069991406,0.0,0.0033378306449744,54.43359375,2.0,2.933333333333333,4.612125062923736,0.0,0.0038213413641545,141.33984375,2.0,0.0047892662048776,49.07421875,2.0
2026-05-29T11:41:32Z,2.7335155677045138,43.54166666666667,0.0,0.0207889479169343,64.390625,2.0,5.467182279117908,4.823350295951837,0.0,0.0070904018107254,99.36328125,0.0,0.2000044447407604,24.25,0.0,0.0034384890559627,54.30078125,2.0,17.001653517059083,4.309896358588823,0.0,0.0078335247755057,86.734375,2.0,0.2000088900742321,4.800000000000001,0.0,0.0058908950699362,80.11328125,3.0,0.2000044447407604,4.699993332740688,0.0,0.002103004065507,83.76171875,2.0,28.46946253129622,1.7915235243357377,0.0,0.0105763427081713,52.16796875,2.0,3.6002400160010666,4.933802816901409,0.0,0.0094319281271589,80.34375,2.0,1.4667866800016005,1.6666562937939768,0.0,0.0033378306449744,54.43359375,2.0,3.1336489241523955,4.611590201518588,0.0,0.0039340136548519,141.23828125,2.0,0.0047892662048776,49.07421875,2.0
2026-05-29T11:41:37Z,2.7335155677045138,43.54166666666667,0.0,0.0207889479169343,64.390625,2.0,5.467182279117908,4.823350295951837,0.0,0.0071976108297099,99.375,0.0,0.2000044447407604,24.25,0.0,0.003509205581887,54.28515625,2.0,17.79994674370347,4.276856610163071,0.0,0.0070732196797575,86.734375,2.0,0.2000088900742321,4.800000000000001,0.0,0.0058908950699362,80.11328125,3.0,0.2000044447407604,4.699993332740688,0.0,0.0018878288647839,83.76171875,2.0,28.73601363470312,1.7285347092541066,0.0,0.0109618118506997,52.16796875,2.0,3.866791119407961,4.928379064636264,0.0,0.0095568816724805,80.34375,2.0,1.4667866800016005,1.6666562937939768,0.0,0.00202545,54.43359375,2.0,3.1336489241523955,4.611590201518588,0.0,0.0031981046299511,141.23828125,2.0,0.0048578350870788,49.3203125,2.0
2026-05-29T11:41:42Z,3.2,49.21875,0.0,0.0219618371794163,60.4609375,2.0,5.467182279117908,4.823350295951837,0.0,0.0071976108297099,99.375,0.0,0.2000044447407604,24.25,0.0,0.003509205581887,54.28515625,2.0,17.79994674370347,4.276856610163071,0.0,0.0096044215722325,87.13671875,2.0,0.2666577783703309,4.8,0.0,0.0058908950699362,80.11328125,3.0,0.2666666666666666,4.65,0.0,0.0016405972299823,83.76171875,2.0,29.666524565925293,1.6930303510920046,0.0,0.0110821277297976,52.22265625,2.0,3.866791119407961,4.928379064636264,0.0,0.0099587134318962,80.34375,2.0,1.8666400071109923,1.3334400023704178,0.0,0.0035145677920093,53.890625,2.0,3.1336489241523955,4.611590201518588,0.0,0.0040602903727221,141.23828125,2.0,0.0048578350870788,49.3203125,2.0
2026-05-29T11:41:47Z,3.2,49.21875000000006,0.0,0.0180225083048524,60.4609375,2.0,5.600208904001166,4.820895314793866,0.0,0.0071976108297099,99.375,0.0,0.2000088900742321,24.25,0.0,0.0032960643250104,54.28515625,2.0,16.732746709330964,4.2606062014203925,0.0,0.0096268846112501,87.13671875,2.0,0.2000000017778963,4.800000000000001,0.0,0.0058908950699362,80.11328125,3.0,0.2000088900742321,4.600013333629635,0.0,0.0027642505725674,84.04296875,2.0,30.73236006666246,1.6861370292942093,0.0,0.0108622239377977,52.22265625,2.0,4.2,5.150000000000005,0.0,0.0099587134318962,80.34375,2.0,1.933284451259279,2.0999799982220644,0.0,0.0035145677920093,53.890625,2.0,2.799911117036642,4.617647058823529,0.0,0.0039698863285986,141.3359375,2.0,0.0048386345218784,49.3203125,2.0
2026-05-29T11:41:52Z,3.2,49.21875000000006,0.0,0.0217823178923957,60.4609375,2.0,5.600208904001166,4.820895314793866,0.0,0.00492,99.375,0.0,0.2000088900742321,24.25,0.0,0.0032960643250104,54.28515625,2.0,15.134346801795797,4.234961301919021,0.0,0.0096268846112501,87.13671875,2.0,0.2000000017778963,4.800000000000001,0.0,0.0043112107043914,80.11328125,3.0,0.2000088900742321,4.600013333629635,0.0,0.0027642505725674,84.04296875,2.0,30.19922231496223,1.9797911982108256,0.0,0.0107600545040353,52.21875,2.0,3.6668622482997737,16.450234676053675,0.0,0.0099768696993063,80.34375,2.0,1.933284451259279,2.0999799982220644,0.0,0.0035145677920093,53.890625,2.0,2.799911117036642,4.617647058823529,0.0,0.0039698863285986,141.3359375,2.0,0.0046780913399393,49.0625,2.0
2026-05-29T11:41:57Z,2.6003467128950524,395.8333333333322,0.0,0.0220424583823744,60.53515625,2.0,5.600208904001166,4.820895314793866,0.0,0.0058655690537084,99.375,0.0,0.2000088900742321,24.25,0.0,0.0029800113143503,54.29296875,2.0,15.134346801795797,4.234961301919021,0.0,0.0097229665071773,87.13671875,2.0,0.0666755567408987,4.8,0.0,0.0038471006944453,80.11328125,3.0,0.0666755567408987,4.600004444740761,0.0,0.0029365904716885,84.04296875,2.0,30.20216917811264,2.0312965234171143,0.0,0.0107600545040353,52.21875,2.0,3.6668622482997737,16.45023467605365,0.0,0.0748260787992505,85.109375,2.0,1.5334311241498868,2.599951996870897,0.0,0.0034181582156486,54.21875,2.0,2.799911117036642,4.617647058823529,0.0,0.0039698863285986,141.3359375,2.0,0.0046780913399393,49.0625,2.0
2026-05-29T11:42:02Z,2.6003467128950524,395.8333333333322,0.0,0.0220424583823744,60.53515625,2.0,4.6004578284505095,4.783255602796053,0.0,0.0070042676931444,98.90234375,0.0,0.0,24.25,0.0,0.0030252423048249,54.29296875,2.0,15.602080277370316,4.2610525828233,0.0,0.0094243307366092,87.27734375,2.0,0.0,4.8,0.0,0.0052916814602872,80.12890625,3.0,0.0,4.599995555259239,0.0,0.0029365904716885,84.04296875,2.0,27.00360048006401,1.9976193650934695,0.0,0.0107600545040353,52.21875,2.0,3.0670756100813445,49.72222222222223,0.0,0.0748260787992506,85.109375,2.0,1.0001333511134818,2.4800053335703804,0.0,0.0034181582156486,54.21875,2.0,3.267102280304041,4.630555555555556,0.0,0.003990798886037,141.3359375,2.0,0.0046780913399393,49.0625,2.0
2026-05-29T11:42:07Z,2.6003467128950524,395.8333333333322,0.0,0.0174964805947017,60.50390625,2.0,4.6004578284505095,4.783255602796053,0.0,0.0070042676931444,98.90234375,0.0,0.0,24.25,0.0,0.0030252423048249,54.29296875,2.0,16.067751255722985,4.244803405654871,0.0,0.0096774185525994,87.27734375,2.0,0.0,4.8,0.0,0.0052916814602872,80.12890625,3.0,0.0,4.599995555259239,0.0,0.0026728745598504,83.49609375,2.0,27.33685823976477,2.3938147079159906,0.0,0.0109846824980339,52.21875,2.0,3.4003333697821043,68.26923076923075,0.0,0.0989187815538922,85.125,2.0,1.0001333511134818,2.4800053335703804,0.0,0.0033355661417488,54.29296875,2.0,3.267102280304041,4.630555555555556,0.0,0.0038276391123748,141.37109375,2.0,0.0044051570835801,49.07421875,2.0
2026-05-29T11:42:12Z,2.333333333333333,899.9999999999941,0.0,0.0218668803366533,60.50390625,2.0,4.6004578284505095,4.783255602796053,0.0,0.0067407642806069,98.90234375,0.0,0.0,24.25,0.0,0.0027133432022956,54.46875,2.0,16.067751255722985,4.244803405654872,0.0,0.0093937572894215,87.31640625,2.0,0.0,4.800000000000001,0.0,0.0050761792278732,80.140625,3.0,0.0,4.599995555259239,0.0,0.0026728745598504,83.49609375,2.0,23.734893533359468,2.4347340082793,0.0,0.0111456413515534,52.2109375,2.0,3.4003333697821043,68.26923076923075,0.0,0.1395315583552751,85.125,2.0,0.6667200071120594,2.440037690179995,0.0,0.0033355661417488,54.29296875,2.0,3.267102280304041,4.630555555555556,0.0,0.0036547740690277,141.37109375,2.0,0.0044051570835801,49.07421875,2.0
2026-05-29T11:42:17Z,2.333333333333333,899.9999999999941,0.0,0.0218668803366533,60.50390625,2.0,4.933351113481797,4.785849068471437,0.0,0.0067407642806069,98.90234375,0.0,0.1333422234075654,24.25,0.0,0.0018078327637235,54.46875,2.0,15.93336000355603,4.229479715519379,0.0,0.0093937572894215,87.31640625,2.0,0.0666755567408987,4.8,0.0,0.0050761792278732,80.140625,3.0,0.0666755567408987,4.50000666711114,0.0,0.0016707201086404,83.49609375,2.0,25.400137788149,2.580983049715983,0.0,0.0111456413515534,52.2109375,2.0,3.6667866746672,76.66661522335247,0.0,0.1395315583552751,85.125,2.0,0.8666844468151309,2.4800316460263687,0.0,0.0033355661417488,54.29296875,2.0,3.0666666666666664,4.632435854314819,0.0,0.0036547740690277,141.37109375,2.0,0.0044051570835801,49.07421875,2.0
2026-05-29T11:42:22Z,2.333333333333333,899.9999999999941,0.0,0.0222529755548232,60.76171875,2.0,4.933351113481797,4.785849068471437,0.0,0.006208435718205,98.85546875,0.0,0.1333422234075654,24.25,0.0,0.0021887699303518,54.46875,2.0,15.934417922389652,4.223771568443958,0.0,0.0069888865147937,87.3671875,2.0,0.0666755567408987,4.8,0.0,0.0049561685852765,80.13671875,3.0,0.0666755567408987,4.50000666711114,0.0,0.0019325132326517,83.41015625,2.0,25.80016445659356,2.7896106860714687,0.0,0.0090437388870672,52.2109375,2.0,4.066813343111763,84.9107920966536,0.0,0.155498817042047,85.125,2.0,0.8666844468151309,2.4800316460263687,0.0,0.0021317505326441,54.38671875,2.0,3.0666666666666664,4.632435854314819,0.0,0.0036730287069241,141.08203125,2.0,0.0040810721376577,49.17578125,2.0
2026-05-29T11:42:27Z,2.7336978263768508,393.74999999999966,0.0,0.0211234624391067,60.76171875,2.0,4.933351113481797,4.785849068471437,0.0,0.006208435718205,98.85546875,0.0,0.1333422234075654,24.25,0.0,0.0024406441414736,54.7734375,2.0,15.934417922389652,4.223771568443958,0.0,0.0086400476141158,87.3671875,2.0,0.1333511134817975,4.8,0.0,0.0049561685852765,80.13671875,3.0,0.1333466681483259,4.699999999999999,0.0,0.0024004636094507,83.41015625,2.0,33.33598701071189,2.7274236270250136,0.0,0.0118496248800507,52.21875,2.0,4.066813343111763,84.9107920966536,0.0,0.20042058722947,85.125,2.0,1.4001778121548656,2.759978664485701,0.0,0.0023611124187507,54.38671875,2.0,3.0666666666666664,4.632435854314819,0.0,0.0036730287069241,141.08203125,2.0,0.0040810721376577,49.17578125,2.0
2026-05-29T11:42:32Z,2.7336978263768508,393.74999999999966,0.0,0.0181306785454771,60.76171875,2.0,4.533937858381117,4.789109030714704,0.0,0.006208435718205,98.85546875,0.0,0.0,24.25,0.0,0.0024406441414736,54.7734375,2.0,15.735431390852114,4.174999910712264,0.0,0.0086400476141158,87.3671875,2.0,0.0666755567408987,4.8,0.0,0.0031561510773946,80.13671875,3.0,0.0666711114074271,4.599986665481375,0.0,0.0024004636094507,83.41015625,2.0,34.20441391207652,2.8358976638227227,0.0,0.0118496248800507,52.21875,2.0,4.133737821931161,89.07894736842104,0.0,0.20042058722947,85.125,2.0,1.4669155994153893,2.649953886141769,0.0,0.002847316225335,54.41796875,2.0,2.867048939858648,4.623376623376624,0.0,0.0035903326371852,141.08203125,2.0,0.0040810721376577,49.17578125,2.0
2026-05-29T11:42:37Z,2.7336978263768508,393.74999999999966,0.0,0.0215875799573589,60.71875,2.0,4.533937858381117,4.789109030714704,0.0,0.005131013464609,98.93359375,0.0,0.0,24.25,0.0,0.0024926570779706,54.7734375,2.0,16.73377795616399,4.157163685485003,0.0,0.0069108380846796,87.3671875,2.0,0.0666755567408987,4.8,0.0,0.0036105203369173,80.13671875,3.0,0.0666711114074271,4.599986665481375,0.0,0.0023148431029722,83.4453125,2.0,33.937600568964754,2.9180052119697844,0.0,0.0118496248800507,52.21875,2.0,3.8669244788193984,91.32650761096238,0.0,0.1651632655926857,85.125,2.0,1.4669155994153893,2.649953886141769,0.0,0.002847316225335,54.41796875,2.0,2.867048939858648,4.623376623376624,0.0,0.0035209638653209,140.95703125,2.0,0.0039866458029657,49.41015625,2.0
2026-05-29T11:42:42Z,2.600173344889659,240.7692307692307,0.0,0.0212388803502436,60.71875,2.0,4.533937858381117,4.789109030714704,0.0,0.0064888276969853,98.93359375,0.0,0.0,24.25,0.0,0.0024926570779706,54.7734375,2.0,16.73377795616399,4.157163685485003,0.0,0.0078741343944511,87.55078125,2.0,0.0,4.800000000000001,0.0,0.004010360904024,80.13671875,3.0,0.0,4.599995555358016,0.0,0.0023148431029722,83.4453125,2.0,27.66844468151309,2.83001164889823,0.0,0.0122866977696869,52.21875,2.0,3.8669244788193984,91.32650761096238,0.0,0.204333044191771,85.125,2.0,1.266755567408988,1.5999748155392384,0.0,0.0024236587926333,54.41796875,2.0,2.867048939858648,4.623376623376624,0.0,0.0035209638653209,140.95703125,2.0,0.0039866458029657,49.41015625,2.0
2026-05-29T11:42:47Z,2.600173344889659,240.7692307692307,0.0,0.0212388803502436,60.71875,2.0,4.133333333333334,4.808080806266814,0.0,0.0064888276969853,98.93359375,0.0,0.0,24.25,0.0,0.0023397845912595,54.8046875,2.0,16.599404484145502,4.144515436037539,0.0,0.0093170627220725,87.55078125,2.0,0.0,4.8,0.0,0.0047980868052811,80.13671875,3.0,0.0,4.600004444641984,0.0,0.0023385026277242,83.4453125,2.0,25.133333333333333,2.8165288521530414,0.0,0.0096939997619868,52.21875,2.0,3.466666666666667,91.98113207547168,0.0,0.204333044191771,85.125,2.0,1.1333333333333333,1.266649875548183,0.0,0.0027167829457364,54.6875,2.0,2.6666666666666665,4.616901408450704,0.0,0.0035466273266569,140.95703125,2.0,0.0039866458029657,49.41015625,2.0
2026-05-29T11:42:52Z,2.600173344889659,240.7692307692307,0.0,0.020316291612425,60.4921875,2.0,4.133333333333334,4.808080806266814,0.0,0.0063010598739286,98.9375,0.0,0.0,24.25,0.0,0.0023397845912595,54.8046875,2.0,15.134826965393078,4.130574028039453,0.0,0.0093170627220725,87.55078125,2.0,0.0,4.8,0.0,0.0040341114337102,80.13671875,3.0,0.0,4.600004444641984,0.0,0.0023385026277242,83.4453125,2.0,24.6667644509634,2.5871558817478757,0.0,0.009305870355755,52.21875,2.0,3.000097784296731,91.63265306122447,0.0,0.17046170592099,82.32421875,2.0,1.1333333333333333,1.266649875548183,0.0,0.0027167829457364,54.6875,2.0,2.6666666666666665,4.616901408450704,0.0,0.0035466273266569,140.95703125,2.0,0.0041396891191703,49.125,2.0
2026-05-29T11:42:57Z,2.466831122074805,662.5000000000048,0.0,0.0212602192928419,60.4921875,2.0,4.133333333333334,4.808080806266814,0.0,0.0063010598739286,98.9375,0.0,0.0,24.25,0.0,0.0025091838364471,54.8046875,2.0,15.134826965393078,4.130574028039453,0.0,0.0094932304359594,87.67578125,2.0,0.0,4.8,0.0,0.005177444822625,80.13671875,3.0,0.0,4.6,0.0,0.0024217910774964,83.46875,2.0,25.668551355884052,2.544397897271269,0.0,0.0082179352685115,52.21875,2.0,3.000097784296731,91.63265306122447,0.0,0.161824315044163,82.32421875,2.0,1.1333733360001776,1.1999392537498452,0.0,0.0028306900458063,54.6875,2.0,2.6666666666666665,4.616901408450704,0.0,0.0035973391202057,140.96484375,2.0,0.0041396891191703,49.125,2.0
2026-05-29T11:43:02Z,2.466831122074805,662.5000000000048,0.0,0.0212602192928419,60.4921875,2.0,4.533777827561561,4.810526645762563,0.0,0.0062488683424829,98.9375,0.0,0.1333422234075654,24.25,0.0,0.0026314745196321,54.81640625,2.0,17.202756022600706,4.18241757597699,0.0,0.0097485783498599,87.67578125,2.0,0.0666666666666666,4.8,0.0,0.0052265009896629,80.13671875,3.0,0.0666666666666666,4.599991110518479,0.0,0.0024217910774964,83.46875,2.0,26.73677378554134,2.603678196957105,0.0,0.0112026785019081,52.046875,2.0,3.1336533694858675,91.02271418642894,0.0,0.161824315044163,82.32421875,2.0,1.2001022331864692,0.4929245733961552,0.0,0.0024393785990852,54.6875,2.0,3.0670756100813445,4.630555555555555,0.0,0.0035973391202057,140.96484375,2.0,0.0041396891191703,49.125,2.0
2026-05-29T11:43:07Z,2.466831122074805,662.5000000000048,0.0,0.0218698883214977,60.50390625,2.0,4.533777827561561,4.810526645762563,0.0,0.0051394078052265,98.9375,0.0,0.1333422234075654,24.25,0.0,0.0026314745196321,54.81640625,2.0,17.66740020357565,4.238791372896992,0.0,0.0097485783498599,87.67578125,2.0,0.0666666666666666,4.8,0.0,0.0052265009896629,80.13671875,3.0,0.0666666666666666,4.599991110518479,0.0,0.00247031050266,83.49609375,2.0,27.070009334577943,2.476436119348549,0.0,0.0112026785019081,52.046875,2.0,3.4668889185224696,88.89711678488604,0.0,0.0938609970674478,82.31640625,2.0,1.2001022331864692,0.4929245733961552,0.0,0.0029707216319228,55.26953125,2.0,3.0670756100813445,4.630555555555555,0.0,0.0035408002901359,140.96484375,2.0,0.0034895566912273,49.125,2.0
2026-05-29T11:43:12Z,2.1333333333333333,937.5000000000013,0.0,0.0218698883214977,60.50390625,2.0,4.533777827561561,4.810526645762563,0.0,0.0065595390524968,98.890625,0.0,0.1333422234075654,24.25,0.0,0.0024526799100453,54.81640625,2.0,17.66740020357565,4.238791372896992,0.0,0.0099997697576714,87.375,2.0,0.2000088894815209,4.8,0.0,0.0053833311957592,80.12109375,3.0,0.2,4.39999111071603,0.0,0.00247031050266,83.49609375,2.0,26.401555762990625,2.588247198739817,0.0,0.0101658013783893,52.046875,2.0,3.4668889185224696,88.89711678488604,0.0,0.0938609970674478,82.31640625,2.0,1.2667288971862916,0.4925932876515012,0.0,0.0029707216319228,55.26953125,2.0,3.0670756100813445,4.630555555555555,0.0,0.003624538211155,140.9765625,2.0,0.0044213177210007,49.16015625,2.0
2026-05-29T11:43:17Z,2.1333333333333333,937.5000000000013,0.0,0.0218698883214977,60.50390625,2.0,5.133200015999882,4.812371108510911,0.0,0.0065595390524968,98.890625,0.0,0.2000133360002963,24.25,0.0,0.0020340483273991,54.81640625,2.0,16.665648969181493,4.247524523065732,0.0,0.0099997697576714,87.375,2.0,0.2666933362966519,4.8,0.0,0.0053833311957592,80.12109375,3.0,0.2666844468151309,4.666672592855979,0.0,0.00247031050266,83.49609375,2.0,28.19915562073758,2.3521486535751217,0.0,0.0111219526674049,52.16796875,2.0,3.733204453036464,83.91304347826086,0.0,0.0938609970674478,82.31640625,2.0,1.5333288962967508,0.482916613884549,0.0,0.0029707216319228,55.26953125,2.0,2.9332311179254718,4.62984724719565,0.0,0.003624538211155,140.9765625,2.0,0.0044213177210007,49.16015625,2.0
2026-05-29T11:43:22Z,2.1333333333333333,937.5000000000013,0.0,0.0181508064632263,60.50390625,2.0,5.133200015999882,4.812371108510911,0.0,0.0065366323391734,98.890625,0.0,0.2000133360002963,24.25,0.0,0.0018296583348953,54.81640625,2.0,18.66816488689296,4.247598975233528,0.0,0.0098641818566553,87.375,2.0,0.2666933362966519,4.8,0.0,0.0056146351957705,80.12109375,3.0,0.2666844468151309,4.666672592855979,0.0,0.0026687018316488,83.49609375,2.0,28.332746766223647,1.8285556871664763,0.0,0.0111219526674049,52.16796875,2.0,3.866795598522529,62.249312179424535,0.0,0.0132758999999992,82.31640625,2.0,1.5333288962967508,0.482916613884549,0.0,0.0029089184060719,55.26953125,2.0,2.9332311179254718,4.62984724719565,0.0,0.0037381304991729,140.9765625,2.0,0.0045573911656834,49.16015625,2.0
2026-05-29T11:43:27Z,3.000400053340446,799.999999999994,0.0,0.0218565112027509,60.66015625,2.0,5.133200015999882,4.812371108510911,0.0,0.0068967382150944,98.89453125,0.0,0.2000133360002963,24.25,0.0,0.0032262856110887,54.8203125,2.0,18.66816488689296,4.247598975233528,0.0,0.0098641818566553,87.375,2.0,0.2000222248892247,4.800000000000001,0.0,0.0056808385962625,80.1328125,3.0,0.2000266702226963,4.6,0.0,0.0025598689771769,83.5390625,2.0,32.5350048450786,1.8332638692517704,0.0,0.0080290712748819,52.16796875,2.0,3.866795598522529,62.249312179424535,0.0,0.0150873513735132,82.31640625,2.0,1.600044455111783,0.4830507049316794,0.0,0.0031809808225092,54.1953125,2.0,2.9332311179254718,4.62984724719565,0.0,0.0037381304991729,140.9765625,2.0,0.004613355021336,49.4296875,2.0
2026-05-29T11:43:32Z,3.000400053340446,799.999999999994,0.0,0.0218565112027509,60.66015625,2.0,5.534071209494599,4.790654199784289,0.0,0.0068967382150944,98.89453125,0.0,0.0666755567408987,24.25,0.0,0.0032262856110887,54.8203125,2.0,18.26976499002517,4.289081144265496,0.0,0.0077171193732811,87.375,2.0,0.0666711114074271,4.800000000000001,0.0,0.0056808385962625,80.1328125,3.0,0.0666755567408987,4.599991110320917,0.0,0.0025598689771769,83.5390625,2.0,32.8043739165222,2.255890712632461,0.0,0.0086024373204452,51.7734375,2.0,4.000533404453927,4.873076923076923,0.0,0.0150873513735132,82.31640625,2.0,1.266786679408889,0.492272971547828,0.0,0.0034169079181265,54.1953125,2.0,3.533804507267636,4.626663019927081,0.0,0.0038344797446235,141.18359375,2.0,0.004613355021336,49.4296875,2.0
2026-05-29T11:43:37Z,3.000400053340446,799.999999999994,0.0,0.0234110288838536,60.66015625,2.0,5.534071209494599,4.790654199784289,0.0,0.0073106995343453,98.89453125,0.0,0.0666755567408987,24.25,0.0,0.0032262856110887,54.8203125,2.0,17.200520187572685,4.318070296748585,0.0,0.0068951042185598,87.375,2.0,0.0666711114074271,4.800000000000001,0.0,0.0044559442990087,80.1328125,3.0,0.0666755567408987,4.599991110320917,0.0,0.0019988435563623,83.5390625,2.0,32.9374494377028,2.373440907948633,0.0,0.009643371635583,51.7734375,2.0,4.13360892563453,4.8,0.0,0.0150873513735132,82.31640625,2.0,1.266786679408889,0.492272971547828,0.0,0.0034169079181265,54.1953125,2.0,3.533804507267636,4.626663019927081,0.0,0.003906168277431,141.18359375,2.0,0.0047108891638678,49.4296875,2.0
2026-05-29T11:43:42Z,2.7333333333333334,46.81818181818181,0.0,0.0234110288838536,60.66015625,2.0,5.534071209494599,4.790654199784289,0.0,0.0073106995343453,98.89453125,0.0,0.0666755567408987,24.25,0.0,0.0032036613272314,54.90234375,2.0,17.200520187572685,4.318070296748585,0.0,0.0058465997367674,87.375,2.0,0.0666666666666666,4.800000000000001,0.0,0.0057865217193122,80.640625,3.0,0.0666666666666666,4.533333333333333,0.0,0.0027319385580243,83.35546875,2.0,31.66748031736173,2.3260405269179483,0.0,0.0124912117816525,51.7734375,2.0,4.13360892563453,4.8,0.0,0.0097196937141082,82.3203125,2.0,1.266786679408889,0.4913795488316169,0.0,0.0033056927827093,54.2109375,2.0,3.533804507267636,4.626663019927081,0.0,0.0038410402763774,140.96875,2.0,0.0047340752344727,49.453125,2.0
2026-05-29T11:43:47Z,2.7333333333333334,46.81818181818181,0.0,0.0229003014564322,60.4921875,2.0,4.666693338667734,4.788940010711826,0.0,0.0073106995343453,98.89453125,0.0,0.1333466693338667,24.25,0.0,0.0033369872701558,54.90234375,2.0,15.866155610963537,4.3114150287302095,0.0,0.010075074810773,87.5859375,2.0,0.1333466693338667,4.8,0.0,0.0057865217193122,80.640625,3.0,0.1333466693338667,4.533351111901269,0.0,0.0027319385580243,83.35546875,2.0,29.99902230518321,2.0968476617806093,0.0,0.0118839713907714,51.7734375,2.0,3.866666666666667,4.821590669183922,0.0,0.0097196937141082,82.3203125,2.0,1.466742230816099,0.4903222730788712,0.0,0.0027440803967863,54.2109375,2.0,2.5999111170366422,4.608695652173912,0.0,0.0038410402763774,140.96875,2.0,0.0047340752344727,49.453125,2.0
2026-05-29T11:43:52Z,2.7333333333333334,46.81818181818181,0.0,0.0221994734985215,60.4921875,2.0,4.666693338667734,4.788940010711826,0.0,0.0041389666666666,98.89453125,0.0,0.1333466693338667,24.25,0.0,0.0033369872701558,54.90234375,2.0,14.001013473797574,4.305198754651072,0.0,0.010075074810773,87.5859375,2.0,0.1333466693338667,4.8,0.0,0.0057865217193122,80.640625,3.0,0.1333466693338667,4.533351111901269,0.0,0.0027319385580243,83.35546875,2.0,29.86594678400261,1.9626510040045155,0.0,0.0118839713907714,51.7734375,2.0,3.7335911454860646,4.821228330744943,0.0,0.009717596366602,82.3203125,2.0,1.466742230816099,0.4903222730788712,0.0,0.0034552374536878,54.33984375,2.0,2.5999111170366422,4.608695652173912,0.0,0.0038410402763774,140.96875,2.0,0.0047537026351233,49.453125,2.0
2026-05-29T11:43:57Z,2.400320042672356,49.374999999999964,0.0,0.0221994734985215,60.4921875,2.0,4.666693338667734,4.788940010711826,0.0,0.007296653810519,98.37890625,0.0,0.1333466693338667,24.25,0.0,0.0033369872701558,54.90234375,2.0,14.001013473797574,4.305198754651072,0.0,0.0101593226740513,87.5859375,2.0,0.1333555594080989,4.8,0.0,0.005016526080226,80.640625,3.0,0.2000311161489976,4.60000444483954,0.0,0.0027277064144397,83.25,2.0,30.13578255323021,1.8399608278970223,0.0,0.0118839713907714,51.7734375,2.0,3.7335911454860646,4.821228330744943,0.0,0.009717596366602,82.3203125,2.0,1.533413342223526,0.4898432758026894,0.0,0.0034552374536878,54.33984375,2.0,2.5999111170366422,4.608695652173912,0.0,0.0031671974516564,140.96875,2.0,0.0038933220723546,49.453125,2.0
2026-05-29T11:44:02Z,2.400320042672356,49.374999999999964,0.0,0.0228820932703231,60.1640625,2.0,5.2006400889005056,4.789189176202637,0.0,0.007296653810519,98.37890625,0.0,0.2666755585187951,41.25016667407437,0.0,0.001536066666667,54.90234375,2.0,17.402186967150584,4.292093099408531,0.0,0.0102102045960579,87.6796875,2.0,0.2000000017778963,4.800000000000001,0.0,0.005728744034927,80.1484375,3.0,0.2666755585187951,4.599991110320917,0.0,0.0027277064144397,83.25,2.0,32.07083611859312,1.898952328807597,0.0,0.0115895410838171,51.859375,2.0,4.000533404453927,4.8208791208791215,0.0,0.0096997350993388,82.68359375,2.0,1.6667822376312105,0.4893941623473986,0.0,0.0034552374536878,54.33984375,2.0,3.200426723563142,4.632435734338567,0.0,0.0039520178538223,141.0546875,2.0,0.0047527418937486,49.20703125,2.0
2026-05-29T11:44:07Z,2.400320042672356,49.374999999999964,0.0,0.0230733626601825,60.1640625,2.0,5.2006400889005056,4.789189176202637,0.0,0.007296653810519,98.37890625,0.0,0.2666755585187951,41.25016667407437,0.0,0.001536066666667,54.90234375,2.0,19.068497992321745,4.281526257539634,0.0,0.0102102045960579,87.6796875,2.0,0.2000000017778963,4.800000000000001,0.0,0.005728744034927,80.1484375,3.0,0.2666755585187951,4.599991110320917,0.0,0.0024613590280235,83.25,2.0,31.93724497310705,2.002096272013921,0.0,0.0115895410838171,51.859375,2.0,3.866942258967862,4.821229514160219,0.0,0.0077912487071802,82.68359375,2.0,1.6667822376312105,0.4893941623473986,0.0,0.0020326249999996,54.33984375,2.0,3.200426723563142,4.632435734338567,0.0,0.0039520178538223,141.0546875,2.0,0.0047527418937486,49.20703125,2.0
2026-05-29T11:44:12Z,3.1333333333333333,287.49999999999727,0.0,0.0230733626601825,60.1640625,2.0,5.2006400889005056,4.789189176202637,0.0,0.0070700330559671,98.3828125,0.0,0.2666755585187951,41.25016667407437,0.0,0.0033665977131685,54.67578125,2.0,19.068497992321745,4.281526257539634,0.0,0.0064458955189616,87.765625,2.0,0.1999911117036641,4.8,0.0,0.0056865792863937,80.1484375,3.0,0.1333244450369975,4.600004444543212,0.0,0.0029263716814158,83.25,2.0,28.00258696536913,2.0447190172874943,0.0,0.0115895410838171,51.859375,2.0,3.866942258967862,4.821229514160219,0.0,0.0097542002155599,82.68359375,2.0,1.4667289007420845,0.4896157743866914,0.0,0.0034307523560094,54.7578125,2.0,3.200426723563142,4.632435734338567,0.0,0.0068621635094716,142.171875,2.0,0.0047665518449333,49.20703125,2.0
2026-05-29T11:44:17Z,3.1333333333333333,287.49999999999727,0.0,0.0219945889131136,60.34765625,2.0,4.2,4.79113301657507,0.0,0.0070700330559671,98.3828125,0.0,0.0,42.49983331851719,0.0,0.0033665977131685,54.67578125,2.0,17.200577816298864,4.229292902989442,0.0,0.0073254669861834,87.765625,2.0,0.0666666666666666,4.8,0.0,0.0057733467945475,80.1484375,3.0,0.0,4.600013333629635,0.0,0.0027419295067112,83.08984375,2.0,22.80080005333689,1.8097546882216065,0.0,0.0114324237663124,51.859375,2.0,3.0666666666666664,4.846060606060606,0.0,0.009492149004665,82.75,2.0,1.0,0.4903225147360135,0.0,0.0034307523560094,54.7578125,2.0,2.9333333333333336,4.611944033157673,0.0,0.0068621635094716,142.171875,2.0,0.0047762025124009,49.23828125,2.0
2026-05-29T11:44:22Z,3.1333333333333333,287.49999999999727,0.0,0.0219945889131136,60.34765625,2.0,4.2,4.79113301657507,0.0,0.0070700330559671,98.3828125,0.0,0.0,42.49983331851719,0.0,0.0033665977131685,54.67578125,2.0,18.46799128772725,4.204044815643162,0.0,0.0082050384534052,87.765625,2.0,0.0666666666666666,4.8,0.0,0.0057733467945475,80.1484375,3.0,0.0,4.600013333629635,0.0,0.0027419295067112,83.08984375,2.0,22.40108010934809,1.491901560977667,0.0,0.0109031479870298,51.859375,2.0,2.666946722677869,4.849030612983745,0.0,0.009492149004665,82.75,2.0,1.0,0.4903225147360135,0.0,0.0034307523560094,54.7578125,2.0,2.9333333333333336,4.611944033157673,0.0,0.0068621635094716,142.171875,2.0,0.0047762025124009,49.23828125,2.0
2026-05-29T11:44:27Z,2.133617815708761,1025.0000000000014,0.0,0.0220382794244282,60.34765625,2.0,4.2,4.79113301657507,0.0,0.0041123054299065,98.3828125,0.0,0.0,42.49983331851719,0.0,0.0034825561548435,54.67578125,2.0,18.46799128772725,4.204044815643162,0.0,0.0089475726860338,87.765625,2.0,0.0,4.8,0.0,0.0055581547700284,80.1484375,3.0,0.0,4.666669629827174,0.0,0.002550301443927,83.125,2.0,23.468689177227365,1.6574587563291674,0.0,0.0109031479870298,51.859375,2.0,2.666946722677869,4.849030612983745,0.0,0.0093730968858126,82.99609375,2.0,0.8000800160032007,0.4919638413837058,0.0,0.0033795205573632,55.25,2.0,2.9333333333333336,4.611944033157673,0.0,0.0068621635094716,142.171875,2.0,0.0047722946963212,49.23828125,2.0
2026-05-29T11:44:32Z,2.133617815708761,1025.0000000000014,0.0,0.0220382794244282,60.34765625,2.0,5.467582381658357,4.789473765923461,0.0,0.0046716886074766,98.3828125,0.0,0.0,45.000222227160606,0.0,0.0034825561548435,54.67578125,2.0,18.60305830112993,4.189743393376913,0.0,0.008068001218812,87.765625,2.0,0.0,4.8,0.0,0.0055581547700284,80.1484375,3.0,0.0,4.599991110518479,0.0,0.002550301443927,83.125,2.0,30.27184980935379,1.5805575309080937,0.0,0.0109676049175923,51.859375,2.0,3.667400146696006,4.8242038216560506,0.0,0.0093730968858126,82.99609375,2.0,1.4002800560112023,0.4919645752077319,0.0,0.0033795205573632,55.25,2.0,2.6005201040208044,4.614492753623189,0.0,0.0064742757910005,142.296875,2.0,0.0047722946963212,49.23828125,2.0
2026-05-29T11:44:37Z,2.133617815708761,1025.0000000000014,0.0,0.0224682456953133,60.23046875,2.0,5.467582381658357,4.789473765923461,0.0,0.0052310717850467,98.3828125,0.0,0.0,45.000222227160606,0.0,0.0034825561548435,54.67578125,2.0,17.868400346736014,4.16616517712289,0.0,0.0071884297515902,87.765625,2.0,0.0,4.8,0.0,0.005561702764374,80.1484375,3.0,0.0,4.599991110518479,0.0,0.002550301443927,83.125,2.0,30.93823642000925,1.6702616825954228,0.0,0.0109698581178538,51.90625,2.0,4.33378675735147,4.824051167417413,0.0,0.0093730968858126,82.99609375,2.0,1.4002800560112023,0.4919645752077319,0.0,0.0033795205573632,55.25,2.0,2.6005201040208044,4.614492753623189,0.0,0.0064742757910005,142.296875,2.0,0.0047260320465871,49.3828125,2.0
2026-05-29T11:44:42Z,2.7333333333333334,737.4999999999992,0.0,0.0224682456953133,60.23046875,2.0,5.467582381658357,4.789473765923461,0.0,0.0073545963666165,99.51953125,0.0,0.0,45.000222227160606,0.0,0.0029320187670194,54.6953125,2.0,17.868400346736014,4.16616517712289,0.0,0.0101485989776551,87.953125,2.0,0.0666666666666666,4.8,0.0,0.0057636946723684,80.1484375,3.0,0.0666666666666666,4.699999999999999,0.0,0.0024801524568504,83.16015625,2.0,35.26982729879309,1.5534760514936343,0.0,0.0109698581178538,51.90625,2.0,4.33378675735147,4.824051167417413,0.0,0.0063640249999991,82.99609375,2.0,2.2001200453409795,0.4911023378222021,0.0,0.0034530415371124,53.875,2.0,2.6005201040208044,4.614492753623189,0.0,0.0078122416203197,142.296875,2.0,0.0047130712583928,49.3828125,2.0
2026-05-29T11:44:47Z,2.7333333333333334,737.4999999999992,0.0,0.0215140499750422,60.23046875,2.0,5.133222236740721,4.786792463906675,0.0,0.0073545963666165,99.51953125,0.0,0.2666755585187951,24.25,0.0,0.0029320187670194,54.6953125,2.0,18.132804488590835,4.181994621008212,0.0,0.0100878360955486,87.953125,2.0,0.2000177801484642,4.8,0.0,0.0057569166666671,80.1484375,3.0,0.2000177801484642,4.700006666814817,0.0,0.0024801524568504,83.16015625,2.0,31.66589339021914,1.4253269997074427,0.0,0.010422826455974,51.90625,2.0,3.8665466746661337,4.823749739395208,0.0,0.0096464804469254,83.5,2.0,2.066582234963062,0.4905737250998628,0.0,0.0034530415371124,53.875,2.0,2.6665777837033087,4.6030262592998525,0.0,0.0066695369307308,142.30078125,2.0,0.0047130712583928,49.3828125,2.0
2026-05-29T11:44:52Z,2.7333333333333334,737.4999999999992,0.0,0.0215140499750422,60.23046875,2.0,5.133222236740721,4.786792463906675,0.0,0.0073545963666165,99.51953125,0.0,0.2666755585187951,24.25,0.0,0.0029320187670194,54.6953125,2.0,16.733324523259814,4.165476481909968,0.0,0.0100878360955486,87.953125,2.0,0.2000177801484642,4.8,0.0,0.0057569166666671,80.1484375,3.0,0.2000177801484642,4.700006666814817,0.0,0.0024801524568504,83.16015625,2.0,31.39934673155301,1.567554375081807,0.0,0.0111330274236492,51.890625,2.0,3.600000016,4.823601963195332,0.0,0.0096464804469254,83.5,2.0,2.066582234963062,0.4905737250998628,0.0,0.0027081529289388,53.875,2.0,2.6665777837033087,4.6030262592998525,0.0,0.0066695369307308,142.30078125,2.0,0.004872471690746,49.1171875,2.0
2026-05-29T11:44:57Z,2.933528901926795,833.3333333333321,0.0,0.0218028749721434,60.2265625,2.0,5.133222236740721,4.786792463906675,0.0,0.0074755752794214,99.51953125,0.0,0.2666755585187951,24.25,0.0,0.0031227551984879,54.69921875,2.0,16.733324523259814,4.165476481909968,0.0,0.0104970758167397,92.26953125,2.0,0.2667022269635951,4.8,0.0,0.0057569166666671,80.1484375,3.0,0.2667022269635951,4.666666666666666,0.0,0.0021245545322163,83.19140625,2.0,27.667835863437254,1.4221729591313914,0.0,0.0111330274236492,51.890625,2.0,3.600000016,4.823601963195332,0.0,0.0096464804469254,83.5,2.0,1.6667689105208696,0.4896150048413302,0.0,0.0033620685637044,53.90625,2.0,2.6665777837033087,4.6030262592998525,0.0,0.0066695369307308,142.30078125,2.0,0.004872471690746,49.1171875,2.0
2026-05-29T11:45:02Z,2.933528901926795,833.3333333333321,0.0,0.0227409834387076,60.2265625,2.0,4.2004000438570674,4.787619178645027,0.0,0.0075213395669883,98.8125,0.0,0.1333422234075654,24.25,0.0,0.0031227551984879,54.69921875,2.0,15.934920176910165,4.173609753938937,0.0,0.0103935909647575,92.26953125,2.0,0.2000177801484642,4.8,0.0,0.0056447268274937,80.1484375,3.0,0.2000177801484642,4.699996666407387,0.0,0.0025158701854498,83.19140625,2.0,25.33658264746357,1.4194449382935557,0.0,0.0090377149323962,51.890625,2.0,3.266982256300307,4.823456790123457,0.0,0.0096138351555923,82.79296875,2.0,1.2668177979286126,0.4818840845773547,0.0,0.0033620685637044,53.90625,2.0,3.0669733674114967,4.5968253968253965,0.0,0.0038978069115512,142.30078125,2.0,0.0049162126791862,49.1171875,2.0
2026-05-29T11:45:07Z,2.933528901926795,833.3333333333321,0.0,0.0227409834387076,60.2265625,2.0,4.2004000438570674,4.787619178645027,0.0,0.0075213395669883,98.8125,0.0,0.1333422234075654,24.25,0.0,0.0031227551984879,54.69921875,2.0,17.401066808907856,4.204016054787816,0.0,0.010335338399389,92.17578125,2.0,0.2000177801484642,4.8,0.0,0.0055875039644789,80.66015625,3.0,0.2000177801484642,4.699996666407387,0.0,0.0024932558139538,83.13671875,2.0,25.33646263946304,1.6871403316183209,0.0,0.0112400846247958,51.890625,2.0,3.2668622482997733,4.846341463414634,0.0,0.0096138351555923,82.79296875,2.0,1.2668177979286126,0.4818840845773547,0.0,0.0033620685637044,53.90625,2.0,3.0669733674114967,4.5968253968253965,0.0,0.0038683550556669,142.578125,2.0,0.0048192253076677,49.3515625,2.0
2026-05-29T11:45:12Z,2.4001600106673777,624.9999999999975,0.0,0.0233700256331018,60.2890625,2.0,4.2004000438570674,4.787619178645027,0.0,0.0079504276774246,98.8125,0.0,0.1333422234075654,24.25,0.0,0.0023899315648288,54.49609375,2.0,17.401066808907856,4.204016054787816,0.0,0.0068846482427516,92.17578125,2.0,0.1333288891851654,4.8,0.0,0.0055875039644789,80.66015625,3.0,0.1333333333333333,4.720000000000001,0.0,0.0024932558139538,83.13671875,2.0,26.46797350757879,1.5974944119366374,0.0,0.0112400846247958,51.890625,2.0,3.2668622482997733,4.846341463414634,0.0,0.0096138351555923,82.79296875,2.0,1.0667111170378272,0.4814191675954155,0.0,0.0034614135753048,53.96484375,2.0,3.0669733674114967,4.5968253968253965,0.0,0.003123602547736,142.578125,2.0,0.0048192253076677,49.3515625,2.0
2026-05-29T11:45:17Z,2.4001600106673777,624.9999999999975,0.0,0.0234652503708714,60.2890625,2.0,5.133342222814854,4.791588799022657,0.0,0.0079504276774246,98.8125,0.0,0.1333377780740938,24.25,0.0,0.0027070310911334,54.49609375,2.0,19.400013334222283,4.200000442262271,0.0,0.0078007995774935,92.17578125,2.0,0.1333333339259259,4.8,0.0,0.0055974921218489,80.66015625,3.0,0.1333377780740938,4.733334321038868,0.0,0.0025269385010088,83.13671875,2.0,29.73334222281485,1.7209545319214334,0.0,0.0091917040917559,51.890625,2.0,3.666666666666667,4.870807453416149,0.0,0.0097141632827954,82.79296875,2.0,1.3333422228148544,0.4950703220198553,0.0,0.0034614135753048,53.96484375,2.0,2.8666666666666663,4.603030303030303,0.0,0.003812816854375,142.578125,2.0,0.0049269552768347,49.3515625,2.0
2026-05-29T11:45:22Z,2.4001600106673777,624.9999999999975,0.0,0.0222717334266235,60.30078125,2.0,5.133342222814854,4.791588799022657,0.0,0.0062836536416345,98.8125,0.0,0.1333377780740938,24.25,0.0,0.003024130617438,54.49609375,2.0,18.667817930390655,4.223179057718432,0.0,0.0071556000000015,92.17578125,2.0,0.1333333339259259,4.8,0.0,0.0045336887440915,80.66015625,3.0,0.1333377780740938,4.733334321038868,0.0,0.0026128743934918,82.515625,2.0,29.533448896593107,1.6480790128307632,0.0,0.0083543606143847,51.890625,2.0,3.4667733404449184,4.872611201166805,0.0,0.0097141632827954,82.79296875,2.0,1.3333422228148544,0.4950703220198553,0.0,0.0034614135753048,53.96484375,2.0,2.8666666666666663,4.603030303030303,0.0,0.003812816854375,142.578125,2.0,0.0048546920605592,49.109375,2.0
2026-05-29T11:45:27Z,2.533502233482232,1049.999999999999,0.0,0.0222717334266235,60.30078125,2.0,5.133342222814854,4.791588799022657,0.0,0.0071300269005583,98.8203125,0.0,0.1333377780740938,24.25,0.0,0.0034328144569692,54.5390625,2.0,18.667817930390655,4.223179057718432,0.0,0.0115858802095194,89.58984375,2.0,0.0666711114074271,4.800000000000001,0.0,0.0040672310672707,80.66015625,3.0,0.0666711114074271,4.733333333333333,0.0,0.0022503623014295,82.515625,2.0,26.86759117274485,1.8974542130859813,0.0,0.011439972215443,51.890625,2.0,3.4667733404449184,4.872611201166805,0.0,0.0093434286607285,82.79296875,2.0,1.133395563260247,0.4983597791392221,0.0,0.0032536027990508,54.29296875,2.0,2.8666666666666663,4.603030303030303,0.0,0.0028759600930444,142.578125,2.0,0.0048546920605592,49.109375,2.0
2026-05-29T11:45:32Z,2.533502233482232,1049.999999999999,0.0,0.0222717334266235,60.30078125,2.0,5.467195613932899,4.7913875488195945,0.0,0.0071300269005583,98.8203125,0.0,0.1333377780740938,24.25,0.0,0.0034328144569692,54.5390625,2.0,17.401715745800576,4.221255880569249,0.0,0.0115858802095194,89.58984375,2.0,0.0666666666666666,4.8,0.0,0.0055731541186084,80.1484375,3.0,0.0666666666666666,4.719997866562364,0.0,0.0026110919005193,82.515625,2.0,28.06852901304531,2.1604572419571757,0.0,0.011439972215443,51.890625,2.0,3.733582238815921,4.925000869931624,0.0,0.0093434286607285,82.79296875,2.0,1.1334266764455705,2.099981108542961,0.0,0.0032536027990508,54.29296875,2.0,3.667031151412228,4.6083333333333325,0.0,0.003890772512709,142.62109375,2.0,0.0048546920605592,49.109375,2.0
2026-05-29T11:45:37Z,2.533502233482232,1049.999999999999,0.0,0.0191001747547273,60.38671875,2.0,5.467195613932899,4.7913875488195945,0.0,0.0071300269005583,98.8203125,0.0,0.1333377780740938,24.25,0.0,0.0034328144569692,54.5390625,2.0,19.33321341836984,4.237151758417472,0.0,0.0115871604579856,89.27734375,2.0,0.0666666666666666,4.8,0.0,0.0055197398420808,80.1484375,3.0,0.0666666666666666,4.719997866562364,0.0,0.0021069698378927,82.515625,2.0,28.668569015712155,2.155806162098238,0.0,0.0109642486127651,51.890625,2.0,4.3336222414827645,4.949020213911744,0.0,0.0096828793379713,83.04296875,2.0,1.1334266764455705,2.099981108542961,0.0,0.003308111436622,54.6328125,2.0,3.667031151412228,4.6083333333333325,0.0,0.003890772512709,142.62109375,2.0,0.0046704760190768,49.109375,2.0
2026-05-29T11:45:42Z,3.333555570371358,975.0000000000005,0.0,0.0229155502104633,60.38671875,2.0,5.467195613932899,4.7913875488195945,0.0,0.0069531965695351,99.828125,0.0,0.1333377780740938,24.25,0.0,0.0033676492957313,54.5390625,2.0,19.33321341836984,4.237151758417472,0.0,0.0115321691399712,89.27734375,2.0,0.1333333333333333,4.8,0.0,0.0055197398420808,80.1484375,3.0,0.1333333333333333,4.75,0.0,0.0025980537940082,82.7890625,2.0,33.068862368602346,2.018625284369836,0.0,0.0109642486127651,51.890625,2.0,4.3336222414827645,4.949020213911744,0.0,0.0096828793379713,83.04296875,2.0,1.799968896296158,2.0500800017778174,0.0,0.0032785968852218,54.6328125,2.0,3.667031151412228,4.6083333333333325,0.0,0.003890772512709,142.62109375,2.0,0.004720159125203,49.10546875,2.0
2026-05-29T11:45:47Z,3.333555570371358,975.0000000000005,0.0,0.0237469644615188,60.796875,2.0,4.800164456593561,4.790045254875058,0.0,0.0069531965695351,99.828125,0.0,0.0666755567408987,24.25,0.0,0.0026311303628828,54.5390625,2.0,20.86669787763072,4.216194847986396,0.0,0.0115321691399712,89.27734375,2.0,0.1333422234075654,4.8,0.0,0.0055430035378791,80.1484375,3.0,0.1333422234075654,4.750001666722223,0.0,0.0025980537940082,82.7890625,2.0,30.668742364750795,1.926436219630475,0.0,0.011337945372428,51.890625,2.0,3.800253350223348,4.943396226415095,0.0,0.0100724919693593,83.04296875,2.0,1.8666577878520492,0.4987502111153333,0.0,0.0032785968852218,54.6328125,2.0,2.600084450074449,4.63116883116883,0.0,0.0040367070476556,142.6328125,2.0,0.004720159125203,49.10546875,2.0
2026-05-29T11:45:52Z,3.333555570371358,975.0000000000005,0.0,0.0237469644615188,60.796875,2.0,4.800164456593561,4.790045254875058,0.0,0.0069531965695351,99.828125,0.0,0.0666755567408987,24.25,0.0,0.0023504929215718,54.5390625,2.0,21.00214246402932,4.163975717100299,0.0,0.0111793027116781,89.6328125,2.0,0.1333422234075654,4.8,0.0,0.0056838113404633,80.1484375,3.0,0.1333422234075654,4.750001666722223,0.0,0.0025980537940082,82.7890625,2.0,30.335511277050863,1.9477456787079173,0.0,0.0117830106039635,51.890625,2.0,3.467022262523418,4.93818070148737,0.0,0.0100566187880469,82.796875,2.0,1.8666577878520492,0.4987502111153333,0.0,0.0027153157259135,54.6328125,2.0,2.600084450074449,4.63116883116883,0.0,0.0040367070476556,142.6328125,2.0,0.0046978388204407,49.10546875,2.0
2026-05-29T11:45:57Z,2.533333333333333,908.3333333333312,0.0,0.0232292613557153,60.796875,2.0,4.800164456593561,4.790045254875058,0.0,0.0069531965695351,99.828125,0.0,0.0666755567408987,24.25,0.0,0.0031607468028551,54.5625,2.0,21.00214246402932,4.163975717100299,0.0,0.0114702413479058,89.6328125,2.0,0.2000266702226963,4.800000000000001,0.0,0.0056838113404633,80.1484375,3.0,0.200035562075299,4.59999555516046,0.0,0.002184314233511,82.7890625,2.0,28.40204904623548,1.7999879363008635,0.0,0.0121244224070506,51.890625,2.0,3.467022262523418,4.93818070148737,0.0,0.0100566187880469,82.796875,2.0,1.6001689084468549,0.4969227696090665,0.0,0.0034464461400554,55.0625,2.0,2.600084450074449,4.63116883116883,0.0,0.0040367070476556,142.6328125,2.0,0.0046978388204407,49.10546875,2.0
2026-05-29T11:46:02Z,2.533333333333333,908.3333333333312,0.0,0.0192412488610209,60.796875,2.0,5.533880061340742,4.787443789773037,0.0,0.0054595453961167,99.83203125,0.0,0.2000088894815209,24.25,0.0,0.0031607468028551,54.5625,2.0,18.668604667879315,4.193457983425842,0.0,0.0114702413479058,89.6328125,2.0,0.2000177801484642,4.8,0.0,0.0056647003874899,80.1484375,3.0,0.2000266720010668,4.599991110320917,0.0,0.0026993292614379,82.96875,2.0,30.935511272901888,1.860475791992355,0.0,0.009041288060033,51.890625,2.0,4.067062265190263,4.935713765076732,0.0,0.0101667992499568,82.796875,2.0,1.6001511282983905,1.6000066669629702,0.0,0.0034464461400554,55.0625,2.0,3.3336711490416207,4.635894323641043,0.0,0.0040367070476556,142.6328125,2.0,0.0046978388204407,49.10546875,2.0
2026-05-29T11:46:07Z,2.533333333333333,908.3333333333312,0.0,0.0227566343512972,60.36328125,2.0,5.533880061340742,4.787443789773037,0.0,0.006065996461784,99.83203125,0.0,0.2000088894815209,24.25,0.0,0.0031607468028551,54.5625,2.0,15.60052447940974,4.218105359759088,0.0,0.0070315250000021,89.6328125,2.0,0.2000177801484642,4.8,0.0,0.0045781546162364,80.1484375,3.0,0.2000266720010668,4.599991110320917,0.0,0.0026429623504477,82.96875,2.0,31.001929017490053,1.8896557343800189,0.0,0.0100993364565144,51.890625,2.0,4.133480009778429,4.956470588235295,0.0,0.0102946890145407,83.046875,2.0,1.6001511282983905,1.6000066669629702,0.0,0.0034464461400554,55.0625,2.0,3.3336711490416207,4.635894323641043,0.0,0.0030740901559825,142.67578125,2.0,0.0047564150241721,49.3828125,2.0
2026-05-29T11:46:12Z,2.532995600586589,412.49999999999625,0.0,0.023812764064933,60.36328125,2.0,5.533880061340742,4.787443789773037,0.0,0.0071765416127641,99.40234375,0.0,0.2000088894815209,24.25,0.0,0.0033273974454287,54.5625,2.0,15.60052447940974,4.218105359759088,0.0,0.0103058407835158,89.80078125,2.0,0.2,4.8,0.0,0.0057547942318702,80.1484375,3.0,0.1999911117036641,4.466666666666667,0.0,0.0027185385923959,82.9921875,2.0,32.06657791111072,1.8000670218391348,0.0,0.0123152034869965,51.890625,2.0,4.133480009778429,4.956470588235295,0.0,0.0102946890145407,83.046875,2.0,1.600044447407605,1.400093335555613,0.0,0.0036840172876801,53.78125,2.0,3.3336711490416207,4.635894323641043,0.0,0.0039080522151432,142.67578125,2.0,0.0047564150241721,49.3828125,2.0
2026-05-29T11:46:17Z,2.532995600586589,412.49999999999625,0.0,0.023812764064933,60.36328125,2.0,4.533368893630262,4.787677745884528,0.0,0.0071765416127641,99.40234375,0.0,0.2666844468151309,24.25,0.0,0.0034593874261147,54.5546875,2.0,14.533431124149889,4.205055508734716,0.0,0.0103058407835158,89.80078125,2.0,0.2666844468151309,4.8,0.0,0.0057547942318702,80.1484375,3.0,0.2666755585187951,4.55001111160496,0.0,0.0027185385923959,82.9921875,2.0,30.199035635848634,1.827314847318958,0.0,0.0123152034869965,51.890625,2.0,3.8,4.982035337675288,0.0,0.0101741262747789,82.796875,2.0,1.533368893630262,0.4953572914940928,0.0,0.0036840172876801,53.78125,2.0,2.8665733395551407,4.633806020929463,0.0,0.0039080522151432,142.67578125,2.0,0.0047564150241721,49.3828125,2.0
2026-05-29T11:46:22Z,2.532995600586589,412.49999999999625,0.0,0.0198205310478007,60.36328125,2.0,4.533368893630262,4.787677745884528,0.0,0.0071876160333822,99.44140625,0.0,0.2666844468151309,24.25,0.0,0.0034593874261147,54.5546875,2.0,13.934818068205365,4.228702817690777,0.0,0.0103058407835158,89.80078125,2.0,0.2666844468151309,4.8,0.0,0.0058229198649066,80.1484375,3.0,0.2666755585187951,4.55001111160496,0.0,0.0023701704456065,83.05859375,2.0,30.065822310515838,1.867458108855001,0.0,0.0123152034869965,51.890625,2.0,3.6667866746672,5.194437585344349,0.0,0.0101741262747789,82.796875,2.0,1.533368893630262,0.4953572914940928,0.0,0.0035924506710128,53.7890625,2.0,2.8665733395551407,4.633806020929463,0.0,0.0039844778295814,142.5546875,2.0,0.0038497685724567,49.23046875,2.0
2026-05-29T11:46:27Z,2.600866955651884,750.0,0.0,0.0223591973659663,60.3671875,2.0,4.533368893630262,4.787677745884528,0.0,0.0071678278332878,99.44140625,0.0,0.2666844468151309,24.25,0.0,0.0023695299603173,54.5625,2.0,13.934818068205365,4.228702817690777,0.0,0.0094281112207294,90.20703125,2.0,0.2000266702226963,4.8,0.0,0.0058229198649066,80.1484375,3.0,0.2000266702226963,4.55,0.0,0.0027715979081928,83.05859375,2.0,28.202960570779045,2.073313422624321,0.0,0.007999700000002,51.890625,2.0,3.6667866746672,5.194437585344349,0.0,0.0101741262747789,82.796875,2.0,1.400168920302263,0.4962677819268819,0.0,0.0036233483116072,53.7890625,2.0,2.8665733395551407,4.633806020929463,0.0,0.0039844778295814,142.5546875,2.0,0.0046794160375335,49.23046875,2.0
2026-05-29T11:46:32Z,2.600866955651884,750.0,0.0,0.0223591973659663,60.3671875,2.0,5.800933496918525,4.789237402162925,0.0,0.0071678278332878,99.44140625,0.0,0.2000088900742321,24.25,0.0,0.0026753625786499,54.5625,2.0,16.60260488422528,4.268307011044209,0.0,0.0094281112207294,90.20703125,2.0,0.2000088900742321,4.800000000000001,0.0,0.0057997306067474,80.1484375,3.0,0.2000088900742321,4.599991110320918,0.0,0.0027715979081928,83.05859375,2.0,27.871129659990935,2.01573118605521,0.0,0.0120076032984577,51.91796875,2.0,3.6003600400048006,5.083333333333326,0.0,0.0101567994563837,82.79296875,2.0,1.5335467040067567,1.3499311027150789,0.0,0.0036233483116072,53.7890625,2.0,3.1337511668222437,4.64054054054054,0.0,0.0038988212734759,142.5546875,2.0,0.0046794160375335,49.23046875,2.0
2026-05-29T11:46:37Z,2.600866955651884,750.0,0.0,0.0211527001110314,60.37109375,2.0,5.800933496918525,4.789237402162925,0.0,0.0061371141014939,99.44140625,0.0,0.2000088900742321,24.25,0.0,0.0029811951969825,54.5625,2.0,18.534551273503133,4.269346817059438,0.0,0.0090988427188907,90.20703125,2.0,0.2000088900742321,4.800000000000001,0.0,0.0058927986219065,80.15234375,3.0,0.2000088900742321,4.599991110320918,0.0,0.0028445030120483,82.9609375,2.0,27.937800771398365,1.809632003684244,0.0,0.0120076032984577,51.91796875,2.0,3.667031151412228,4.984242898832514,0.0,0.0102130811470419,82.79296875,2.0,1.5335467040067567,1.3499311027150789,0.0,0.0024307999999997,53.7890625,2.0,3.1337511668222437,4.64054054054054,0.0,0.0038988212734759,142.5546875,2.0,0.0047170207798268,49.6953125,2.0
2026-05-29T11:46:42Z,2.6,312.50000000000125,0.0,0.0211527001110314,60.37109375,2.0,5.800933496918525,4.789237402162925,0.0,0.0059947491338228,99.6328125,0.0,0.2000088900742321,24.25,0.0,0.0036853968110569,54.83984375,2.0,18.534551273503133,4.269346817059438,0.0,0.0093073998833386,90.62109375,2.0,0.2,4.8,0.0,0.0058927986219065,80.15234375,3.0,0.2666755561481876,4.699999999999999,0.0,0.0024341927074305,82.9609375,2.0,31.00283140536701,1.865876162408853,0.0,0.0121009476720241,51.92578125,2.0,3.667031151412228,4.984242898832514,0.0,0.0102130811470419,82.79296875,2.0,1.400080010668089,1.7000111116049563,0.0,0.0036839036103249,54.15625,2.0,3.1337511668222437,4.64054054054054,0.0,0.0039082338270862,142.57421875,2.0,0.0047706875536088,49.6953125,2.0
2026-05-29T11:46:47Z,2.6,312.50000000000125,0.0,0.0171711566114102,60.37109375,2.0,5.73315557096241,4.788340830413963,0.0,0.0070037116103051,99.6328125,0.0,0.2000088900742321,24.25,0.0,0.0036853968110569,54.83984375,2.0,16.200017780148464,4.262994930353184,0.0,0.0093073998833386,90.62109375,2.0,0.1333422234075654,4.8,0.0,0.0058927986219065,80.15234375,3.0,0.2000177795557531,4.700003703895757,0.0,0.0028887732806164,82.9609375,2.0,33.667924528894595,1.9149130492394,0.0,0.0117677689594373,51.92578125,2.0,4.133457786074628,4.959281437125748,0.0,0.0087243827215112,82.79296875,2.0,1.1333511134817975,0.4826611557616251,0.0,0.0036839036103249,54.15625,2.0,3.6,4.628574933086439,0.0,0.0040329997686263,142.57421875,2.0,0.0047706875536088,49.6953125,2.0
2026-05-29T11:46:52Z,2.6,312.50000000000125,0.0,0.0216044699214202,62.39453125,2.0,5.73315557096241,4.788340830413963,0.0,0.0070037116103051,99.6328125,0.0,0.2000088900742321,24.25,0.0,0.0036853968110569,54.83984375,2.0,16.00059559644733,4.26236629031864,0.0,0.0092105498169248,90.62109375,2.0,0.1333422234075654,4.8,0.0,0.0060105228932033,80.15234375,3.0,0.2000177795557531,4.700003703895757,0.0,0.0029362974365049,83.15625,2.0,33.8680756684545,1.9408941879029504,0.0,0.0117677689594373,51.92578125,2.0,4.333608925634529,4.932557157557273,0.0,0.0076816343793371,82.79296875,2.0,1.1333511134817975,0.4826611557616251,0.0,0.0036839036103249,54.15625,2.0,3.6,4.628574933086439,0.0,0.0040612017344622,143.83984375,2.0,0.0047175811501064,49.6953125,2.0
2026-05-29T11:46:57Z,2.9337244965995466,44.49999999999991,0.040983606557377,0.0216044699214202,62.39453125,2.0,5.73315557096241,4.788340830413963,0.0,0.0056737456850171,99.6328125,0.0,0.2000088900742321,24.25,0.0,0.0032902485871296,57.08203125,2.0,16.00059559644733,4.26236629031864,0.0,0.0092105498169248,90.62109375,2.0,0.2000266702226963,4.8,0.0,0.0061633600185627,82.8671875,3.0,0.1333511134817975,4.742856235732631,0.0,0.0029362974365049,83.15625,2.0,29.067755647119743,1.934020488093493,0.0,0.0112653122778277,52.91796875,2.0,4.333608925634529,4.932557157557273,0.0,0.0068482729065825,82.79296875,2.0,1.4001244610392496,0.4823074024787576,0.0,0.0037193099329231,56.06640625,2.0,3.6,4.628574933086439,0.0,0.0040612017344622,143.83984375,2.0,0.0050039835082759,50.1640625,2.0
2026-05-29T11:47:02Z,2.9337244965995466,44.49999999999999,0.040983606557377,0.0216044699214202,62.39453125,2.0,5.333431163263606,4.773676188657975,0.0,0.0051065703517588,99.6328125,0.0,0.2666844468151309,24.156252083472232,0.0,0.0038279723729653,57.08203125,2.0,13.267795667567922,4.26597948772934,0.0,0.0072157366130334,90.62109375,2.0,0.2000177801484642,4.8,0.0,0.0062904110423831,82.8671875,3.0,0.1333422234075654,4.733330370106971,0.0,0.0029274563346903,83.15625,2.0,20.268511303429477,1.8731425138445448,0.0,0.0112653122778277,52.91796875,2.0,2.667022269635952,4.87037037037037,0.0,0.0093787323599597,83.390625,2.0,1.133466684446815,0.4827868398500583,0.0,0.0037193099329231,56.06640625,2.0,0.933457794372583,4.612307692307692,0.0,0.0040612017344622,143.83984375,2.0,0.0050039835082759,50.1640625,2.0
2026-05-29T11:47:07Z,2.9337244965995466,44.49999999999999,0.040983606557377,0.0155515250000007,62.39453125,2.0,5.333431163263606,4.773559599238586,0.0,0.0045203056951423,159.16796875,0.0,0.2666844468151309,24.156252083472232,0.0,0.0036302372443161,57.1484375,2.0,6.534013415417779,4.31753438102696,0.0,0.0064481907949563,90.62109375,2.0,0.2000177801484642,4.8,0.0,0.0060665896582188,82.86328125,3.0,0.1333422234075654,4.733330370106971,0.0,0.0030796368851887,84.12890625,2.0,18.20156904446161,1.7402181844763538,0.0,0.0112653122778277,52.91796875,2.0,0.6000800106680891,4.827737775208268,0.0,0.0092477628367724,83.390625,2.0,1.133466684446815,0.4827868398500583,0.0,0.0037193099329231,56.06640625,2.0,0.933457794372583,4.612307692307692,0.0,0.0040176883780331,143.83984375,2.0,0.0051929840247976,50.1640625,2.0
2026-05-29T11:47:12Z,2.533333333333333,24.75390625,0.3223140495867769,0.0173453453453453,62.39453125,2.0,5.333431163263606,4.773430692894854,0.0,0.0040655024601037,159.16796875,0.0,0.2666844468151309,24.156252083472232,0.0,0.0036302372443161,57.1484375,2.0,6.534013415417779,4.31753438102696,0.0,0.0079935296742539,90.609375,2.0,0.0666666666666666,4.800000000000001,0.0,0.0060665896582188,82.86328125,3.0,0.0666666666666666,4.7666661728102415,0.0,0.0031991302457057,84.12890625,2.0,8.000640110235262,2.158502194128076,0.0,0.0075300749999996,52.91796875,2.0,0.6000800106680891,4.827737775208268,0.0,0.0092477628367724,83.390625,2.0,0.3333600035560297,0.4845002449060867,0.0,0.0032213807432432,56.06640625,2.0,0.933457794372583,4.612307692307692,0.0,0.0038571931196249,146.22265625,2.0,0.0047959846913684,50.15625,2.0
2026-05-29T11:47:17Z,2.533333333333333,24.75390625,0.3223140495867769,0.0173453453453453,62.39453125,2.0,5.333146680888178,4.694770825098825,0.0,0.003489309475594,159.16796875,0.0,0.1333422234075654,23.649997333143688,0.0,0.0036278661309333,57.1484375,2.0,3.933462230815388,4.326380244635107,0.0,0.0079935296742539,90.609375,2.0,0.0,4.800000000000001,0.0,0.0059562467053243,82.859375,3.0,0.0,4.750000555598769,0.0,0.0031991302457057,84.12890625,2.0,3.733208897184632,2.63378921734706,0.0,0.0083850081072779,52.92578125,2.0,0.0,4.8,0.0,0.0074402200981911,83.390625,2.0,0.0,0.475,0.0,0.0034141611200366,55.15234375,2.0,0.0,4.578373453125103,0.0,0.0038571931196249,146.22265625,2.0,0.0047959846913684,50.15625,2.0
2026-05-29T11:47:22Z,2.533333333333333,24.75390625,0.3223140495867769,0.0173453453453453,62.39453125,2.0,5.333146680888178,4.688921986191962,0.0,0.0205009854220254,189.2421875,0.0,0.1333422234075654,23.649997333143688,0.0,0.0030060599534973,57.1484375,2.0,5.267102280304041,4.485180111377646,0.0,0.0079935296742539,90.609375,2.0,0.0,4.800000000000001,0.0,0.0059040347331393,82.859375,3.0,0.0,4.750000555598769,0.0,0.0033197749791643,85.40625,2.0,4.600048931858233,2.739273540715489,0.0,0.0083850081072779,52.92578125,2.0,0.8668400346736014,4.843679165082907,0.0,0.0074402200981911,83.390625,2.0,0.0,0.475,0.0,0.003210641782282,55.15234375,2.0,0.0,4.578373453125103,0.0,0.003820828634178,146.22265625,2.0,0.0047809316526106,50.15625,2.0
2026-05-29T11:47:27Z,2.4669955994132557,24.96341463414634,0.4873949579831932,0.0160092776102224,62.39453125,2.0,5.333146680888178,4.682037251175355,0.0,0.0245244944248369,189.2421875,0.0,0.1333422234075654,23.649997333143688,0.0,0.0035919384372899,57.18359375,2.0,5.267102280304041,4.485180111377646,0.0,0.0070969391164888,90.609375,2.0,0.0666755567408987,4.8,0.0,0.0059040347331393,82.859375,3.0,0.0666711114074271,4.750000555598769,0.0,0.0033197749791643,85.40625,2.0,11.668627058745082,3.032901597280945,0.0,0.0083850081072779,52.92578125,2.0,0.8668400346736014,4.843679165082907,0.0,0.0077627156873807,83.234375,2.0,0.3333555570371358,0.475,0.0,0.0032577248003702,55.15234375,2.0,0.0,4.578373453125103,0.0,0.003820828634178,146.22265625,2.0,0.0047832928818681,50.81640625,2.0
2026-05-29T11:47:32Z,2.4669955994132557,24.96341463414634,0.4873949579831932,0.016765954598481,62.41015625,2.0,2.000231141930035,5.937431939907087,0.0,0.0285480034276485,189.2421875,0.0,0.2666844468151309,43.75,0.0,0.0035919384372899,57.18359375,2.0,9.134489042983509,4.5242237187404575,0.0,0.0074559499916371,91.00390625,2.0,0.2000088900742321,4.8,0.0,0.0048586761833475,82.859375,3.0,0.2000044447407604,4.7599994666358505,0.0,0.0033197749791643,85.40625,2.0,19.736573896101174,3.3190648348938723,0.0,0.0056035307801548,52.92578125,2.0,2.400377839714273,4.901333333333333,0.0,0.0045911189663267,83.234375,2.0,0.8667244506673976,2.8666479004371093,0.0,0.0032577248003702,55.15234375,2.0,2.600262251559092,4.62142857142857,0.0,0.0039153251097642,145.8515625,2.0,0.0047832928818681,50.81640625,2.0
2026-05-29T11:47:37Z,2.4669955994132557,24.96341463414634,0.4873949579831932,0.0138420979795198,62.41015625,2.0,4.400231141930036,7.182859449979935,0.0,0.030466690939136,192.484375,0.0,0.2666844468151309,43.75,0.0,0.0035919384372899,57.18359375,2.0,13.666866797343824,4.534596353282183,0.0,0.0074559499916371,91.00390625,2.0,0.2000088900742321,4.8,0.0,0.0047402760735408,82.6796875,3.0,0.2000044447407604,4.7599994666358505,0.0,0.0028566336366127,85.40625,2.0,20.60295164690854,3.446667640262598,0.0,0.005040729516643,52.92578125,2.0,3.2667555905216403,4.911764815461789,0.0,0.0051555476021103,83.234375,2.0,0.8667244506673976,2.8666479004371093,0.0,0.0032577248003702,55.15234375,2.0,2.600262251559092,4.62142857142857,0.0,0.0039153251097642,145.8515625,2.0,0.003648244149057,50.828125,2.0
2026-05-29T11:47:42Z,2.466502233184454,41.40624999999998,0.4732142857142857,0.0138420979795198,62.41015625,2.0,4.400231141930036,7.1857313716134,0.0,0.0342997264289656,192.484375,0.0,0.2666844468151309,43.75,0.0,0.0035435770852616,57.078125,2.0,13.666866797343824,4.534596353282183,0.0,0.0054270309765792,91.00390625,2.0,0.3333200008888296,4.800000000000001,0.0,0.0055416259765628,82.6796875,3.0,0.3333333333333333,4.760000533349927,0.0,0.0031248554452286,85.3984375,2.0,25.60116462283706,3.4818345973016087,0.0,0.0030090496097124,52.92578125,2.0,3.2667555905216403,4.911764815461789,0.0,0.0067162714052963,82.90234375,2.0,1.466764453334242,3.000005926364916,0.0,0.003168266694799,55.1640625,2.0,2.600262251559092,4.62142857142857,0.0,0.003838024716841,145.8515625,2.0,0.0044997923537309,50.828125,2.0
2026-05-29T11:47:47Z,2.466502233184454,41.40624999999998,0.4732142857142857,0.0138420979795198,62.41015625,2.0,4.933520014816119,7.024334337278973,0.0,0.0381327619187952,192.484375,0.0,0.2666933362966519,43.125006944984605,0.0,0.0035435770852616,57.078125,2.0,15.866702296296928,4.545253799940172,0.0,0.0060983608846172,91.00390625,2.0,0.3333377810372938,4.8,0.0,0.0055416259765628,82.6796875,3.0,0.3333511134817976,4.766668148213995,0.0,0.0031248554452286,85.3984375,2.0,27.73403117422556,3.3136406146083144,0.0,0.0082633581472298,52.4296875,2.0,3.5333377934815013,4.93902496796616,0.0,0.0078670965058232,82.90234375,2.0,1.866808900741847,3.766686297296351,0.0,0.003168266694799,55.1640625,2.0,2.600084450074449,4.64390565419003,0.0,0.003838024716841,145.8515625,2.0,0.0044997923537309,50.828125,2.0
2026-05-29T11:47:52Z,2.466502233184454,41.40624999999998,0.4732142857142857,0.0194712557341011,62.3125,2.0,4.733813387265778,5.600959605170646,0.0,0.0447234348208906,195.12109375,0.0,0.2666933362966519,43.125006944984605,0.0,0.0035435770852616,57.078125,2.0,14.067622288301015,4.468160254034296,0.0,0.0060946014371322,91.00390625,2.0,0.3333377810372938,4.8,0.0,0.0056100979708659,82.67578125,3.0,0.3333511134817976,4.766668148213995,0.0,0.002965188679245,85.3984375,2.0,27.80093339674513,3.241395383672286,0.0,0.0082633581472298,52.4296875,2.0,3.6002400160010666,4.908571428571428,0.0,0.0078670965058232,82.90234375,2.0,1.866808900741847,3.766686297296351,0.0,0.003168266694799,55.1640625,2.0,2.600084450074449,4.64390565419003,0.0,0.0032814265931967,145.8515625,2.0,0.0045687431732492,50.4921875,2.0
2026-05-29T11:47:57Z,2.466995599413255,48.28125,0.1711711711711711,0.0194712557341011,62.3125,2.0,4.733813387265778,5.4224345411742885,0.0,0.0447234348208906,195.12109375,0.0,0.2666933362966519,43.125006944984605,0.0,0.0037342890755383,57.078125,2.0,14.067622288301015,4.468160254034296,0.0,0.0090196546856331,91.16015625,2.0,0.1333511134817975,4.8,0.0,0.0056604206235227,82.67578125,3.0,0.2000266702226963,4.733334321060819,0.0,0.0024525075566035,85.3984375,2.0,27.53517790193436,2.926645957058017,0.0,0.0106359989301977,52.4296875,2.0,3.6002400160010666,4.908571428571428,0.0,0.0083187970189121,82.73046875,2.0,1.4667466743712,3.400031853440413,0.0,0.0034910467179182,55.48046875,2.0,2.600084450074449,4.64390565419003,0.0,0.0038525187272357,145.54296875,2.0,0.0048056633672459,50.4921875,2.0
2026-05-29T11:48:02Z,2.466995599413255,48.28125,0.1711711711711711,0.0194712557341011,62.3125,2.0,5.600466720894874,4.994269364847696,0.0,0.0376588424205246,194.984375,0.0,0.4000000017777778,41.8750208344908,0.0,0.0037278978575085,57.0703125,2.0,13.800840061337066,4.4792682318718535,0.0,0.0090196546856331,91.16015625,2.0,0.1999866675554963,4.8,0.0,0.0056604206235227,82.67578125,3.0,0.2666622242963951,4.755554019117135,0.0,0.0029707859057533,85.2890625,2.0,32.66879125630574,2.599991671983229,0.0,0.0120696468545861,52.1796875,2.0,4.46696446429762,4.935714932021826,0.0,0.0094965248347159,82.73046875,2.0,1.733360005333452,2.833332223049463,0.0,0.0034910467179182,55.48046875,2.0,3.467013371856474,4.649278469254583,0.0,0.0038525187272357,145.54296875,2.0,0.0048056633672459,50.4921875,2.0
2026-05-29T11:48:07Z,2.466995599413255,48.28125,0.1711711711711711,0.0229394643706098,62.1953125,2.0,7.46656892207364,4.963365853941856,0.0,0.028580270874775,194.984375,0.0,0.4000000017777778,41.8750208344908,0.0,0.0037843451852281,57.0703125,2.0,18.133773368001957,4.390801283651024,0.0,0.0090196546856331,91.16015625,2.0,0.1999866675554963,4.8,0.0,0.0058004057773044,82.78125,3.0,0.2666622242963951,4.755554019117135,0.0,0.0028224806400991,85.2890625,2.0,34.06888459586171,2.6980139526168747,0.0,0.0120696468545861,52.1796875,2.0,5.867057803853591,4.909197795531034,0.0,0.0094965248347159,82.73046875,2.0,1.733360005333452,2.833332223049463,0.0,0.0034910467179182,55.48046875,2.0,3.467013371856474,4.649278469254583,0.0,0.0038525187272357,145.54296875,2.0,0.0048056633672459,50.4921875,2.0
2026-05-29T11:48:12Z,4.333622241482765,49.25,0.0,0.0250130725603388,62.1953125,2.0,7.46656892207364,4.958567354579688,0.0,0.0330710429099175,194.984375,0.0,0.4000000017777778,41.8750208344908,0.0,0.0037843451852281,57.0703125,2.0,18.133773368001957,4.390801283651024,0.0,0.0108603884469293,90.79296875,2.0,0.5999866675554963,4.799999999999999,0.0,0.0058004057773044,82.78125,3.0,0.5333200008888296,4.644441755723682,0.0,0.002925925219382,85.5,2.0,46.467973424005805,2.126056690469184,0.0,0.0120696468545861,52.1796875,2.0,5.867057803853591,4.909197795531034,0.0,0.0078762858017351,82.73046875,2.0,3.2668311256303606,2.0333411132224137,0.0,0.0028756236683092,55.48046875,2.0,3.467013371856474,4.649278469254583,0.0,0.0037797766584044,145.17578125,2.0,0.0050524439358261,50.6640625,2.0
2026-05-29T11:48:17Z,4.333622241482765,49.25,0.0,0.0250130725603388,62.1953125,2.0,7.666262270519566,4.846971835972379,0.0,0.0274266426612674,194.984375,0.0,0.4000266755570966,39.99999999999999,0.0,0.0042360800526168,57.046875,2.0,20.46620451792956,4.401658217428318,0.0,0.0108603884469293,90.79296875,2.0,0.6000400080016004,4.8,0.0,0.0059000806061588,82.78125,3.0,0.5333733413349336,4.660004978043274,0.0,0.002925925219382,85.5,2.0,46.79920455792666,2.196402774132148,0.0,0.0070080333333332,52.1796875,2.0,5.733377803259457,4.92063492063492,0.0,0.0106410819171824,83.0703125,2.0,3.4001555848924254,2.1143053087435595,0.0,0.0026561000567342,55.48046875,2.0,3.1997866808879407,4.613888888888888,0.0,0.0037797766584044,145.17578125,2.0,0.0050524439358261,50.6640625,2.0
2026-05-29T11:48:22Z,4.333622241482765,49.25,0.0,0.0234627046578291,62.13671875,2.0,6.267066803579146,4.835335921145562,0.0,0.020091621039404,196.09765625,0.0,0.4000266755570966,39.99999999999999,0.0,0.0042360800526168,57.046875,2.0,17.4681605951057,4.389747895914956,0.0,0.0108603884469293,90.79296875,2.0,0.6000400080016004,4.8,0.0,0.005723535671807,83.2109375,3.0,0.5333733413349336,4.660004978043274,0.0,0.0030788373002736,85.5,2.0,45.39935128238456,2.1111518965535034,0.0,0.0070080333333332,52.1796875,2.0,4.333524527717357,4.9591606461912905,0.0,0.0106410819171824,83.0703125,2.0,3.4001555848924254,2.1143053087435595,0.0,0.0023625126379917,55.48046875,2.0,3.1997866808879407,4.613888888888888,0.0,0.0037797766584044,145.17578125,2.0,0.0050524439358261,50.6640625,2.0
2026-05-29T11:48:27Z,2.8672401146896043,48.12499999999996,0.0,0.0234627046578291,62.13671875,2.0,6.267066803579146,4.790893258133366,0.0,0.020091621039404,196.09765625,0.0,0.4000266755570966,39.99999999999999,0.0,0.0044468306801736,57.046875,2.0,17.4681605951057,4.389747895914956,0.0,0.0104920195898801,90.56640625,2.0,0.2000400080016003,4.8,0.0,0.005723535671807,83.2109375,3.0,0.2000400080016003,4.666664032635644,0.0,0.0030788373002736,85.5,2.0,33.13544516782832,2.2820167477256863,0.0,0.0141454739380439,52.1796875,2.0,4.333524527717357,4.9591606461912905,0.0,0.0111858877815862,83.0703125,2.0,2.0001956231266806,2.4999524956407804,0.0,0.0036937223420576,56.6328125,2.0,3.1997866808879407,4.613888888888888,0.0,0.0038114891942171,144.97265625,2.0,0.0050915549444248,50.6640625,2.0
2026-05-29T11:48:32Z,2.8672401146896043,48.12499999999996,0.0,0.0252689438677186,62.13671875,2.0,5.467911407479327,4.790084339135451,0.0,0.020091621039404,196.09765625,0.0,0.1333511158531163,41.87501388981487,0.0,0.0044468306801736,57.046875,2.0,17.071076731572866,4.385987662492092,0.0,0.0080448473532731,90.56640625,2.0,0.0666666666666666,4.799999999999999,0.0,0.005723535671807,83.2109375,3.0,0.0666666666666666,4.6499912491006015,0.0,0.0028849474773195,85.7578125,2.0,29.740099374013685,2.348764714332087,0.0,0.0141454739380439,52.1796875,2.0,3.8008935476078944,4.937823655083889,0.0,0.0108549167327509,82.8359375,2.0,1.4670223170623276,1.6999470324399073,0.0,0.0036937223420576,56.6328125,2.0,3.1341691117631365,4.62132968651378,0.0,0.002893860378826,144.97265625,2.0,0.0049208642887702,50.67578125,2.0
2026-05-29T11:48:37Z,2.8672401146896043,48.12499999999996,0.0,0.0256088087754742,62.0546875,2.0,5.534044634124656,4.790376481111652,0.0,0.0115331473529135,196.09765625,0.0,0.1333511158531163,41.87501388981487,0.0,0.0039912212214121,57.07421875,2.0,20.46912065439673,4.383520230655778,0.0,0.0088241630302824,90.796875,2.0,0.0666666666666666,4.799999999999999,0.0,0.0056866509584898,83.2109375,3.0,0.0666666666666666,4.6499912491006015,0.0,0.0028849474773195,85.7578125,2.0,29.873072635332612,2.6103686720149493,0.0,0.0141454739380439,52.1796875,2.0,3.933866808926825,4.951243781094527,0.0,0.0108549167327509,82.8359375,2.0,1.4670223170623276,1.6999470324399073,0.0,0.0036937223420576,56.6328125,2.0,3.1341691117631365,4.62132968651378,0.0,0.0032204627577917,144.97265625,2.0,0.0049981455986062,50.67578125,2.0
2026-05-29T11:48:42Z,2.866475568295447,46.70454545454541,0.0,0.0256088087754742,62.0546875,2.0,5.534044634124656,4.789418539384886,0.0,0.0106564062717908,196.58984375,0.0,0.1333511158531163,41.87501388981487,0.0,0.004115534114404,57.07421875,2.0,20.46912065439673,4.383520230655778,0.0,0.0097627906103205,90.796875,2.0,0.1333333333333333,4.800000000000001,0.0,0.0055502229267814,83.1484375,3.0,0.1333333333333333,4.649997083146978,0.0,0.0028238833300629,85.7578125,2.0,29.93697874988886,2.518203025707801,0.0,0.0141454739380439,52.1796875,2.0,3.933866808926825,4.951243781094527,0.0,0.0112621944595326,82.8359375,2.0,1.533462272901317,1.666638022993956,0.0,0.0036389612807153,56.65625,2.0,3.1341691117631365,4.62132968651378,0.0,0.0039542630911231,144.8984375,2.0,0.0049981455986062,50.67578125,2.0
2026-05-29T11:48:47Z,2.866475568295447,46.70454545454541,0.0,0.0256088087754742,62.0546875,2.0,5.066666666666667,4.788417123584756,0.0,0.0106564062717908,196.58984375,0.0,0.0,44.3750069449846,0.0,0.004115534114404,57.07421875,2.0,18.8,4.363354884460284,0.0,0.0112635309604575,90.796875,2.0,0.0666666666666666,4.8,0.0,0.0055502229267814,83.1484375,3.0,0.0666666666666666,4.560004266970095,0.0,0.0023337277810472,85.7578125,2.0,27.133333333333333,2.6853048821839054,0.0,0.0136636251794123,52.1796875,2.0,3.733333333333333,4.938541790374119,0.0,0.0112621944595326,82.8359375,2.0,1.1999511143701531,2.699986387792349,0.0,0.0036389612807153,56.65625,2.0,3.2666666666666666,4.611111111111111,0.0,0.0039542630911231,144.8984375,2.0,0.0049981455986062,50.67578125,2.0
2026-05-29T11:48:52Z,2.866475568295447,46.70454545454541,0.0,0.0192857314320688,62.0546875,2.0,5.200191123852701,4.787180802637309,0.0,0.0099610283454185,196.58984375,0.0,0.0,44.3750069449846,0.0,0.004115534114404,57.07421875,2.0,16.40055559259506,4.385011655757759,0.0,0.0095108629678383,90.796875,2.0,0.0666666666666666,4.8,0.0,0.0053309492059647,83.1484375,3.0,0.0666666666666666,4.560004266970095,0.0,0.0020984041702086,85.7578125,2.0,27.200133342222816,2.618330683975427,0.0,0.0136636251794123,52.1796875,2.0,3.800133342222815,4.927374309583129,0.0,0.009179814703965,82.8359375,2.0,1.1999511143701531,2.699986387792349,0.0,0.0036389612807153,56.65625,2.0,3.2666666666666666,4.611111111111111,0.0,0.0039542630911231,144.8984375,2.0,0.0025095000000002,50.67578125,2.0
